user_id,first_event_date,last_event_date,lifetime_orders,lifetime_value,recency_days,frequency,monetary,r_score,f_score,m_score,rfm_total_score,rfm_segment,churn_score,risk_band,churned
12346,2009-12-14,2011-01-18,12,77556.46,326,12,77556.46,2,5,5,12,At Risk (High Value),0.3848,Low Risk,1.0
12347,2010-10-31,2011-12-07,8,5633.32,3,8,5633.32,5,5,5,15,Champions,0.1897,Low Risk,0.0
12348,2010-09-27,2011-09-25,5,2019.3999999999999,76,5,2019.3999999999999,3,4,4,11,Needs Attention,0.4145,Medium Risk,0.0
12349,2010-04-29,2011-11-21,4,4428.69,19,4,4428.69,5,4,5,14,Champions,0.5207,Medium Risk,0.0
12350,2011-02-02,2011-02-02,1,334.4,311,1,334.4,2,1,2,5,Hibernating / Churned,0.7622,High Risk,1.0
12351,2010-11-29,2010-11-29,1,300.93,376,1,300.93,2,1,2,5,Hibernating / Churned,0.7555,High Risk,1.0
12352,2010-11-12,2011-11-03,10,2849.84,37,10,2849.84,4,5,4,13,Champions,0.4022,Medium Risk,0.0
12353,2010-10-27,2011-05-19,2,406.76,205,2,406.76,2,2,2,6,Hibernating / Churned,0.5511,Medium Risk,1.0
12354,2011-04-21,2011-04-21,1,1079.4,233,1,1079.4,2,2,3,7,At Risk (High Value),0.656,Medium Risk,1.0
12355,2010-05-21,2011-05-09,2,947.61,215,2,947.61,2,3,3,8,At Risk (High Value),0.6269,Medium Risk,1.0
12356,2010-10-11,2011-11-17,6,6373.68,23,6,6373.68,4,4,5,13,Champions,0.3894,Low Risk,0.0
12357,2010-11-16,2011-11-06,3,18287.66,34,3,18287.66,4,3,5,12,Loyal Users,0.6871,Medium Risk,0.0
12358,2009-12-08,2011-12-08,5,3887.07,2,5,3887.07,5,4,5,14,Champions,0.4587,Medium Risk,0.0
12359,2009-12-05,2011-10-13,10,8935.94,58,10,8935.94,4,5,5,14,Champions,0.1325,Low Risk,0.0
12360,2010-02-22,2011-10-18,8,4252.89,53,8,4252.89,4,5,5,14,Champions,0.1924,Low Risk,0.0
12361,2010-01-26,2011-02-25,4,511.25,288,4,511.25,2,3,2,7,At Risk (High Value),0.5548,Medium Risk,1.0
12362,2009-12-01,2011-12-06,11,5356.23,4,11,5356.23,5,5,5,15,Champions,0.513,Medium Risk,0.0
12363,2011-04-11,2011-08-22,2,552.0,110,2,552.0,3,2,2,7,Needs Attention,0.4451,Medium Risk,1.0
12364,2011-08-19,2011-12-02,4,1313.1,8,4,1313.1,5,4,4,13,Champions,0.4758,Medium Risk,0.0
12365,2011-02-21,2011-02-21,2,641.38,292,2,641.38,2,2,3,7,At Risk (High Value),0.6885,Medium Risk,1.0
12366,2010-03-16,2010-03-16,1,500.24,634,1,500.24,1,2,2,5,Hibernating / Churned,0.8144,High Risk,1.0
12367,2011-12-05,2011-12-05,1,168.9,5,1,168.9,5,1,1,7,New / Promising,,Not Scored (Recent),
12368,2010-03-21,2010-03-21,1,917.7,629,1,917.7,1,2,3,6,Hibernating / Churned,0.8145,High Risk,1.0
12369,2010-03-08,2010-10-22,3,1791.15,414,3,1791.15,1,3,4,8,Hibernating / Churned,0.6022,Medium Risk,1.0
12370,2010-02-09,2011-10-19,7,4320.31,52,7,4320.31,4,4,5,13,Champions,0.3266,Low Risk,0.0
12371,2010-03-04,2011-10-26,5,4067.38,45,5,4067.38,4,4,5,13,Champions,0.5669,Medium Risk,0.0
12372,2011-02-16,2011-09-29,3,1298.04,72,3,1298.04,3,3,4,10,Needs Attention,0.4369,Medium Risk,0.0
12373,2010-02-04,2011-02-01,3,1127.65,312,3,1127.65,2,3,3,8,At Risk (High Value),0.6384,Medium Risk,1.0
12374,2010-04-30,2011-11-14,4,2989.22,26,4,2989.22,4,4,5,13,Champions,0.6036,Medium Risk,0.0
12375,2011-09-02,2011-11-29,2,457.5,11,2,457.5,5,2,2,9,New / Promising,0.5235,Medium Risk,0.0
12376,2010-10-18,2010-11-15,2,503.15,390,2,503.15,2,2,2,6,Hibernating / Churned,0.6409,Medium Risk,1.0
12377,2010-04-29,2011-01-28,4,3426.32,316,4,3426.32,2,4,5,11,At Risk (High Value),0.4911,Medium Risk,1.0
12378,2010-05-26,2011-08-02,2,5416.32,130,2,5416.32,3,3,5,11,Needs Attention,0.6132,Medium Risk,1.0
12379,2010-06-23,2011-09-19,4,1620.22,82,4,1620.22,3,4,4,11,Needs Attention,0.4881,Medium Risk,0.0
12380,2010-02-15,2011-11-18,11,9676.3,22,11,9676.3,4,5,5,14,Champions,0.2184,Low Risk,0.0
12381,2011-08-12,2011-12-05,5,1845.31,5,5,1845.31,5,4,4,13,Champions,0.4554,Medium Risk,0.0
12383,2010-12-22,2011-06-08,5,1850.56,185,5,1850.56,3,4,4,11,Needs Attention,0.2729,Low Risk,1.0
12384,2011-08-10,2011-11-11,2,585.27,29,2,585.27,4,2,2,8,New / Promising,0.5285,Medium Risk,0.0
12385,2010-11-25,2010-11-25,1,1938.4,380,1,1938.4,2,2,4,8,At Risk (High Value),0.6775,Medium Risk,1.0
12386,2010-12-08,2011-01-06,2,660.8000000000001,338,2,660.8000000000001,2,2,3,7,At Risk (High Value),0.5921,Medium Risk,1.0
12387,2010-10-20,2010-10-20,1,143.94,416,1,143.94,1,1,1,3,Hibernating / Churned,0.8053,High Risk,1.0
12388,2010-05-06,2011-11-24,8,3901.11,16,8,3901.11,5,5,5,15,Champions,0.2562,Low Risk,0.0
12389,2010-02-22,2010-11-02,3,1433.33,403,3,1433.33,2,3,4,9,At Risk (High Value),0.6132,Medium Risk,1.0
12390,2011-09-21,2011-09-21,1,549.84,80,1,549.84,3,2,2,7,Needs Attention,,Not Scored (Recent),
12391,2010-02-15,2011-11-18,6,2773.42,22,6,2773.42,4,4,4,12,Champions,0.6045,Medium Risk,0.0
12392,2010-04-27,2010-04-27,1,234.75,592,1,234.75,1,1,1,3,Hibernating / Churned,0.8328,High Risk,1.0
12393,2010-10-07,2011-09-28,6,2399.45,73,6,2399.45,3,4,4,11,Needs Attention,0.3586,Low Risk,0.0
12394,2011-05-06,2011-10-07,2,1272.48,64,2,1272.48,3,3,4,10,Needs Attention,0.7087,High Risk,0.0
12395,2010-04-16,2011-11-20,15,5067.2699999999995,20,15,5067.2699999999995,5,5,5,15,Champions,0.1212,Low Risk,0.0
12396,2010-02-03,2010-02-03,1,931.43,675,1,931.43,1,2,3,6,Hibernating / Churned,0.7655,High Risk,1.0
12397,2011-07-27,2011-11-04,2,2409.9,36,2,2409.9,4,3,4,11,Loyal Users,0.4352,Medium Risk,0.0
12398,2011-10-25,2011-10-25,1,1635.66,46,1,1635.66,4,2,4,10,New / Promising,,Not Scored (Recent),
12399,2010-03-05,2011-08-12,7,1962.3,120,7,1962.3,3,4,4,11,Needs Attention,0.3035,Low Risk,1.0
12400,2010-10-21,2010-10-21,1,205.25,415,1,205.25,1,1,1,3,Hibernating / Churned,0.7629,High Risk,1.0
12401,2011-02-09,2011-02-09,1,84.3,304,1,84.3,2,1,1,4,Hibernating / Churned,0.8224,High Risk,1.0
12402,2010-02-07,2011-01-20,6,1256.9,324,6,1256.9,2,4,4,10,At Risk (High Value),0.5023,Medium Risk,1.0
12403,2010-07-06,2011-10-21,2,1019.36,50,2,1019.36,4,3,3,10,Loyal Users,0.7479,High Risk,0.0
12404,2010-01-26,2010-01-26,1,63.24,683,1,63.24,1,1,1,3,Hibernating / Churned,0.8847,High Risk,1.0
12405,2011-07-14,2011-07-14,1,1710.3899999999999,149,1,1710.3899999999999,3,2,4,9,Needs Attention,0.5372,Medium Risk,1.0
12406,2010-01-11,2011-11-17,5,6390.36,23,5,6390.36,4,4,5,13,Champions,0.4326,Medium Risk,0.0
12407,2011-03-20,2011-10-21,5,1708.12,50,5,1708.12,4,4,4,12,Champions,0.2714,Low Risk,0.0
12408,2010-07-29,2011-11-07,8,4340.7699999999995,33,8,4340.7699999999995,4,5,5,14,Champions,0.1822,Low Risk,0.0
12409,2010-05-23,2011-09-22,7,23419.29,79,7,23419.29,3,4,5,12,Needs Attention,0.3414,Low Risk,0.0
12410,2010-07-25,2011-02-04,3,1013.71,309,3,1013.71,2,3,3,8,At Risk (High Value),0.5985,Medium Risk,1.0
12411,2010-10-26,2010-10-26,1,346.9,410,1,346.9,2,1,2,5,Hibernating / Churned,0.7592,High Risk,1.0
12412,2010-06-18,2011-09-26,6,2596.93,75,6,2596.93,3,4,4,11,Needs Attention,0.3326,Low Risk,0.0
12413,2010-11-02,2011-10-04,4,999.45,67,4,999.45,3,3,3,9,Needs Attention,0.5153,Medium Risk,0.0
12414,2010-09-02,2011-05-06,6,952.41,218,6,952.41,2,4,3,9,At Risk (High Value),0.5258,Medium Risk,1.0
12415,2010-06-30,2011-11-15,28,144458.37,25,28,144458.37,4,5,5,14,Champions,0.0876,Low Risk,0.0
12416,2010-02-21,2010-02-21,1,202.56,657,1,202.56,1,1,1,3,Hibernating / Churned,0.8568,High Risk,1.0
12417,2009-12-06,2011-12-06,20,6816.91,4,20,6816.91,5,5,5,15,Champions,0.0424,Low Risk,0.0
12418,2010-03-19,2011-08-19,4,2021.2,113,4,2021.2,3,4,4,11,Needs Attention,0.5061,Medium Risk,1.0
12419,2010-10-22,2010-11-19,2,503.01,386,2,503.01,2,2,2,6,Hibernating / Churned,0.6461,Medium Risk,1.0
12420,2011-10-07,2011-10-07,1,600.39,64,1,600.39,3,2,2,7,Needs Attention,,Not Scored (Recent),
12421,2010-07-22,2011-11-24,6,1098.6,16,6,1098.6,5,4,3,12,Loyal Users,0.3801,Low Risk,0.0
12422,2009-12-18,2011-09-05,17,5231.8,96,17,5231.8,3,5,5,13,Needs Attention,0.1365,Low Risk,1.0
12423,2010-08-31,2011-12-09,10,2622.39,1,10,2622.39,5,5,4,14,Champions,0.1197,Low Risk,0.0
12424,2010-06-09,2011-06-30,4,3340.0299999999997,163,4,3340.0299999999997,3,4,5,12,Needs Attention,0.4176,Medium Risk,1.0
12425,2010-09-17,2011-09-22,2,1741.41,79,2,1741.41,3,3,4,10,Needs Attention,0.6652,Medium Risk,0.0
12426,2010-02-15,2011-05-29,2,1345.21,195,2,1345.21,2,3,4,9,At Risk (High Value),0.6807,Medium Risk,1.0
12427,2010-12-03,2011-11-18,3,1129.3,22,3,1129.3,4,3,3,10,Loyal Users,0.6828,Medium Risk,0.0
12428,2011-03-01,2011-11-14,9,7956.46,26,9,7956.46,4,5,5,14,Champions,0.1552,Low Risk,0.0
12429,2010-06-11,2011-11-30,8,7485.91,10,8,7485.91,5,5,5,15,Champions,0.1952,Low Risk,0.0
12430,2011-10-27,2011-10-27,1,256.4,44,1,256.4,4,1,1,6,New / Promising,,Not Scored (Recent),
12431,2010-01-15,2011-11-04,27,10857.97,36,27,10857.97,4,5,5,14,Champions,0.038,Low Risk,0.0
12432,2011-06-20,2011-10-28,5,5059.32,43,5,5059.32,4,4,5,13,Champions,0.5051,Medium Risk,0.0
12433,2010-08-20,2011-12-09,10,20581.26,1,10,20581.26,5,5,5,15,Champions,0.4702,Medium Risk,0.0
12434,2010-11-23,2011-09-16,3,1103.43,85,3,1103.43,3,3,3,9,Needs Attention,0.5444,Medium Risk,0.0
12435,2009-12-02,2011-09-21,6,13925.93,80,6,13925.93,3,4,5,12,Needs Attention,0.3955,Low Risk,0.0
12436,2011-09-01,2011-09-01,1,509.01,100,1,509.01,3,2,2,7,Needs Attention,0.5503,Medium Risk,1.0
12437,2009-12-02,2011-12-08,39,12683.4,2,39,12683.4,5,5,5,15,Champions,0.0195,Low Risk,0.0
12438,2011-07-22,2011-11-25,2,2906.85,15,2,2906.85,5,3,4,12,Loyal Users,0.4566,Medium Risk,0.0
12439,2009-12-14,2010-01-26,2,1158.18,683,2,1158.18,1,3,3,7,Hibernating / Churned,0.7535,High Risk,1.0
12440,2009-12-22,2010-09-03,2,859.2,463,2,859.2,1,3,3,7,Hibernating / Churned,0.74,High Risk,1.0
12441,2010-12-08,2010-12-08,1,347.1,367,1,347.1,2,1,2,5,Hibernating / Churned,0.7613,High Risk,1.0
12442,2011-12-06,2011-12-06,1,172.06,4,1,172.06,5,1,1,7,New / Promising,,Not Scored (Recent),
12443,2009-12-07,2009-12-07,1,485.31,733,1,485.31,1,2,2,5,Hibernating / Churned,0.7959,High Risk,1.0
12444,2011-06-21,2011-11-18,5,5005.46,22,5,5005.46,4,4,5,13,Champions,0.2935,Low Risk,0.0
12445,2010-10-15,2011-11-17,2,434.98,23,2,434.98,4,2,2,8,New / Promising,0.7523,High Risk,0.0
12446,2011-10-13,2011-10-13,1,1002.31,58,1,1002.31,4,2,3,9,New / Promising,,Not Scored (Recent),
12447,2011-04-10,2011-04-10,1,476.49,244,1,476.49,2,2,2,6,Hibernating / Churned,0.6602,Medium Risk,1.0
12448,2011-10-26,2011-10-26,1,449.45,45,1,449.45,4,2,2,8,New / Promising,,Not Scored (Recent),
12449,2010-09-27,2011-11-17,6,4835.89,23,6,4835.89,4,4,5,13,Champions,0.3223,Low Risk,0.0
12450,2010-08-22,2011-07-06,5,688.2,157,5,688.2,3,4,3,10,Needs Attention,0.4268,Medium Risk,1.0
12451,2010-06-28,2011-11-29,8,12669.88,11,8,12669.88,5,5,5,15,Champions,0.3169,Low Risk,0.0
12452,2011-11-23,2011-11-23,2,430.57,17,2,430.57,5,2,2,9,New / Promising,,Not Scored (Recent),
12453,2011-07-28,2011-07-28,1,707.09,135,1,707.09,3,2,3,8,Needs Attention,0.4681,Medium Risk,1.0
12454,2010-10-14,2011-10-14,5,16679.78,57,5,16679.78,4,4,5,13,Champions,0.6185,Medium Risk,0.0
12455,2009-12-18,2011-09-27,10,5879.95,74,10,5879.95,3,5,5,13,Needs Attention,0.1538,Low Risk,0.0
12456,2011-03-30,2011-10-26,3,3181.04,45,3,3181.04,4,3,5,12,Loyal Users,0.3612,Low Risk,0.0
12457,2010-09-30,2011-10-04,8,2995.91,67,8,2995.91,3,4,5,12,Needs Attention,0.4368,Medium Risk,0.0
12458,2010-08-09,2011-09-29,4,1777.49,72,4,1777.49,3,4,4,11,Needs Attention,0.5458,Medium Risk,0.0
12459,2010-04-13,2010-04-13,1,454.36,606,1,454.36,1,2,2,5,Hibernating / Churned,0.7765,High Risk,1.0
12460,2010-09-09,2010-09-09,1,326.65,457,1,326.65,1,1,2,4,Hibernating / Churned,0.7749,High Risk,1.0
12461,2011-07-08,2011-09-06,2,826.88,95,2,826.88,3,2,3,8,Needs Attention,0.3574,Low Risk,1.0
12462,2011-02-09,2011-11-21,2,1189.59,19,2,1189.59,5,3,3,11,Loyal Users,0.673,Medium Risk,0.0
12463,2011-04-12,2011-10-17,4,1344.78,54,4,1344.78,4,4,4,12,Champions,0.3178,Low Risk,0.0
12464,2011-02-03,2011-11-29,8,1212.05,11,8,1212.05,5,4,3,12,Loyal Users,0.3122,Low Risk,0.0
12465,2011-06-23,2011-11-22,2,742.1899999999999,18,2,742.1899999999999,5,2,3,10,New / Promising,0.5078,Medium Risk,0.0
12466,2010-01-26,2010-01-26,1,56.73,683,1,56.73,1,1,1,3,Hibernating / Churned,0.8783,High Risk,1.0
12467,2010-10-12,2010-10-12,1,132.8,424,1,132.8,1,1,1,3,Hibernating / Churned,0.8144,High Risk,1.0
12468,2010-01-26,2011-06-05,5,3670.74,188,5,3670.74,3,4,5,12,Needs Attention,0.3344,Low Risk,1.0
12469,2010-06-21,2010-07-05,2,3070.54,523,2,3070.54,1,3,5,9,Hibernating / Churned,0.7136,High Risk,1.0
12470,2010-01-19,2010-01-19,1,211.95,690,1,211.95,1,1,1,3,Hibernating / Churned,0.8648,High Risk,1.0
12471,2009-12-07,2011-12-07,79,39963.79,3,79,39963.79,5,5,5,15,Champions,0.0201,Low Risk,0.0
12472,2009-12-14,2011-11-07,19,17880.59,33,19,17880.59,4,5,5,14,Champions,0.0663,Low Risk,0.0
12473,2011-06-01,2011-11-10,5,3938.55,30,5,3938.55,4,4,5,13,Champions,0.3379,Low Risk,0.0
12474,2010-02-11,2011-11-22,31,12424.45,18,31,12424.45,5,5,5,15,Champions,0.0344,Low Risk,0.0
12475,2010-10-26,2011-10-17,2,1149.64,54,2,1149.64,4,3,3,10,Loyal Users,0.7031,High Risk,0.0
12476,2010-07-26,2011-11-24,23,14115.41,16,23,14115.41,5,5,5,15,Champions,0.0758,Low Risk,0.0
12477,2010-03-26,2011-11-17,9,20276.37,23,9,20276.37,4,5,5,14,Champions,0.3029,Low Risk,0.0
12478,2011-12-06,2011-12-06,1,680.99,4,1,680.99,5,2,3,10,New / Promising,,Not Scored (Recent),
12479,2011-11-28,2011-11-28,1,527.2,12,1,527.2,5,2,2,9,New / Promising,,Not Scored (Recent),
12480,2010-07-20,2011-11-11,7,5464.85,29,7,5464.85,4,4,5,13,Champions,0.2116,Low Risk,0.0
12481,2010-04-11,2011-11-17,15,12361.39,23,15,12361.39,4,5,5,14,Champions,0.1515,Low Risk,0.0
12482,2010-02-24,2010-05-12,29,23691.4,577,29,23691.4,1,5,5,11,Hibernating / Churned,0.7075,High Risk,1.0
12483,2010-01-31,2011-11-22,19,5120.58,18,19,5120.58,5,5,5,15,Champions,0.0951,Low Risk,0.0
12484,2010-01-27,2011-11-07,12,6370.15,33,12,6370.15,4,5,5,14,Champions,0.1251,Low Risk,0.0
12485,2010-06-28,2010-06-28,1,708.1,530,1,708.1,1,2,3,6,Hibernating / Churned,0.7102,High Risk,1.0
12486,2010-10-04,2010-10-04,1,1037.28,432,1,1037.28,1,2,3,6,Hibernating / Churned,0.71,High Risk,1.0
12487,2009-12-09,2009-12-09,1,285.3,731,1,285.3,1,1,1,3,Hibernating / Churned,0.863,High Risk,1.0
12488,2011-09-25,2011-11-30,3,1298.66,10,3,1298.66,5,3,4,12,Loyal Users,,Not Scored (Recent),
12489,2011-01-07,2011-01-07,1,334.93,337,1,334.93,2,1,2,5,Hibernating / Churned,0.7667,High Risk,1.0
12490,2009-12-01,2011-12-04,21,9823.64,6,21,9823.64,5,5,5,15,Champions,0.0801,Low Risk,0.0
12491,2011-11-01,2011-11-01,1,460.4,39,1,460.4,4,2,2,8,New / Promising,,Not Scored (Recent),
12492,2010-11-01,2011-10-07,3,715.21,64,3,715.21,3,3,3,9,Needs Attention,0.4407,Medium Risk,0.0
12493,2011-05-26,2011-06-27,2,433.74,166,2,433.74,3,2,2,7,Needs Attention,0.3942,Low Risk,1.0
12494,2010-05-12,2011-11-24,9,1872.87,16,9,1872.87,5,5,4,14,Champions,0.2828,Low Risk,0.0
12495,2010-03-09,2010-03-09,1,357.4,641,1,357.4,1,1,2,4,Hibernating / Churned,0.8596,High Risk,1.0
12496,2010-03-29,2010-03-29,2,54.089999999999996,621,2,54.089999999999996,1,2,1,4,Hibernating / Churned,0.8283,High Risk,1.0
12497,2010-03-05,2011-09-19,3,6248.5,82,3,6248.5,3,3,5,11,Needs Attention,0.6569,Medium Risk,0.0
12498,2011-10-13,2011-11-18,3,403.7,22,3,403.7,4,3,2,9,Loyal Users,,Not Scored (Recent),
12499,2010-05-28,2010-05-28,1,393.71999999999997,561,1,393.71999999999997,1,2,2,5,Hibernating / Churned,0.8219,High Risk,1.0
12500,2010-02-04,2011-11-16,19,5955.21,24,19,5955.21,4,5,5,14,Champions,0.1042,Low Risk,0.0
12501,2011-01-07,2011-01-07,1,2169.39,337,1,2169.39,2,2,4,8,At Risk (High Value),0.666,Medium Risk,1.0
12502,2011-02-03,2011-09-05,5,3723.87,96,5,3723.87,3,4,5,12,Needs Attention,0.2307,Low Risk,1.0
12503,2010-05-04,2010-05-04,1,1126.0,585,1,1126.0,1,2,3,6,Hibernating / Churned,0.7992,High Risk,1.0
12504,2010-04-22,2011-11-21,4,779.05,19,4,779.05,5,3,3,11,Loyal Users,0.7,Medium Risk,0.0
12505,2010-10-27,2010-10-27,1,955.2,409,1,955.2,2,2,3,7,At Risk (High Value),0.7016,High Risk,1.0
12506,2011-04-21,2011-04-21,1,73.5,233,1,73.5,2,1,1,4,Hibernating / Churned,0.801,High Risk,1.0
12507,2010-05-04,2011-07-28,4,1844.06,135,4,1844.06,3,4,4,11,Needs Attention,0.532,Medium Risk,1.0
12508,2011-11-10,2011-11-13,2,398.27,27,2,398.27,4,2,2,8,New / Promising,,Not Scored (Recent),
12509,2011-02-28,2011-02-28,1,176.5,285,1,176.5,2,1,1,4,Hibernating / Churned,0.8017,High Risk,1.0
12510,2009-12-04,2011-07-20,9,5178.02,143,9,5178.02,3,5,5,13,Needs Attention,0.2115,Low Risk,1.0
12511,2010-10-07,2010-10-07,1,3084.02,429,1,3084.02,1,2,5,8,Hibernating / Churned,0.6953,Medium Risk,1.0
12512,2011-10-04,2011-10-04,2,138.03,67,2,138.03,3,2,1,6,Needs Attention,,Not Scored (Recent),
12513,2011-08-19,2011-08-19,1,612.29,113,1,612.29,3,2,2,7,Needs Attention,0.4614,Medium Risk,1.0
12514,2010-03-08,2011-03-17,2,1597.76,268,2,1597.76,2,3,4,9,At Risk (High Value),0.7042,High Risk,1.0
12515,2010-12-21,2010-12-21,1,383.7,354,1,383.7,2,2,2,6,Hibernating / Churned,0.7632,High Risk,1.0
12516,2010-04-19,2011-09-23,4,2648.62,78,4,2648.62,3,4,4,11,Needs Attention,0.5266,Medium Risk,0.0
12517,2011-06-02,2011-11-11,5,2502.84,29,5,2502.84,4,4,4,12,Champions,0.2781,Low Risk,0.0
12518,2011-08-21,2011-12-09,5,2056.89,1,5,2056.89,5,4,4,13,Champions,0.4768,Medium Risk,0.0
12519,2010-08-20,2011-10-07,2,726.54,64,2,726.54,3,2,3,8,Needs Attention,0.7776,High Risk,0.0
12520,2011-03-11,2011-09-21,5,2634.2599999999998,80,5,2634.2599999999998,3,4,4,11,Needs Attention,0.2798,Low Risk,0.0
12521,2011-07-20,2011-07-20,1,599.68,143,1,599.68,3,2,2,7,Needs Attention,0.4531,Medium Risk,1.0
12522,2011-10-19,2011-10-31,2,192.72,40,2,192.72,4,2,1,7,New / Promising,,Not Scored (Recent),
12523,2009-12-07,2011-11-20,23,4372.15,20,23,4372.15,5,5,5,15,Champions,0.0711,Low Risk,0.0
12524,2010-02-08,2011-11-30,17,11126.11,10,17,11126.11,5,5,5,15,Champions,0.1213,Low Risk,0.0
12525,2010-03-02,2010-07-29,3,973.73,499,3,973.73,1,3,3,7,Hibernating / Churned,0.7382,High Risk,1.0
12526,2011-09-06,2011-12-09,3,1316.66,1,3,1316.66,5,3,4,12,Loyal Users,0.4481,Medium Risk,0.0
12527,2010-06-28,2011-09-19,5,735.51,82,5,735.51,3,4,3,10,Needs Attention,0.5538,Medium Risk,0.0
12528,2011-01-31,2011-11-30,6,1933.48,10,6,1933.48,5,4,4,13,Champions,0.3098,Low Risk,0.0
12529,2010-06-29,2010-06-29,1,316.48,529,1,316.48,1,1,2,4,Hibernating / Churned,0.8247,High Risk,1.0
12530,2010-03-07,2011-10-11,9,3759.26,60,9,3759.26,3,5,5,13,Needs Attention,0.1589,Low Risk,0.0
12531,2010-01-22,2011-11-25,2,1933.2,15,2,1933.2,5,3,4,12,Loyal Users,0.7495,High Risk,0.0
12532,2011-11-09,2011-11-09,1,349.83,31,1,349.83,4,1,2,7,New / Promising,,Not Scored (Recent),
12533,2009-12-01,2010-03-22,2,1367.89,628,2,1367.89,1,3,4,8,Hibernating / Churned,0.7444,High Risk,1.0
12534,2011-08-01,2011-08-01,1,1089.18,131,1,1089.18,3,2,3,8,Needs Attention,0.4601,Medium Risk,1.0
12535,2011-06-06,2011-09-09,2,716.35,92,2,716.35,3,2,3,8,Needs Attention,0.6288,Medium Risk,0.0
12536,2011-10-11,2011-10-27,3,12601.83,44,3,12601.83,4,3,5,12,Loyal Users,,Not Scored (Recent),
12537,2010-10-27,2010-10-27,1,732.9399999999999,409,1,732.9399999999999,2,2,3,7,At Risk (High Value),0.6455,Medium Risk,1.0
12538,2010-11-26,2011-11-10,2,640.45,30,2,640.45,4,2,3,9,New / Promising,0.7417,High Risk,0.0
12539,2009-12-23,2011-11-17,7,11214.75,23,7,11214.75,4,4,5,13,Champions,0.3325,Low Risk,0.0
12540,2009-12-07,2011-11-20,33,22254.489999999998,20,33,22254.489999999998,5,5,5,15,Champions,0.0221,Low Risk,0.0
12541,2011-03-04,2011-11-10,3,981.18,30,3,981.18,4,3,3,10,Loyal Users,0.4022,Medium Risk,0.0
12542,2010-03-09,2010-08-12,2,481.88,485,2,481.88,1,2,2,5,Hibernating / Churned,0.7936,High Risk,1.0
12543,2010-09-17,2010-09-17,1,980.25,449,1,980.25,1,2,3,6,Hibernating / Churned,0.7094,High Risk,1.0
12544,2011-11-03,2011-11-03,1,372.7,37,1,372.7,4,2,2,8,New / Promising,,Not Scored (Recent),
12545,2011-03-25,2011-09-25,2,1000.39,76,2,1000.39,3,3,3,9,Needs Attention,0.6521,Medium Risk,0.0
12546,2011-09-23,2011-10-24,2,1161.5,47,2,1161.5,4,3,3,10,Loyal Users,,Not Scored (Recent),
12547,2010-07-27,2011-05-26,3,383.58,198,3,383.58,2,3,2,7,At Risk (High Value),0.5551,Medium Risk,1.0
12548,2011-06-26,2011-06-26,1,95.19999999999999,167,1,95.19999999999999,3,1,1,5,Needs Attention,0.6904,Medium Risk,1.0
12549,2010-01-11,2010-05-13,6,1575.6799999999998,576,6,1575.6799999999998,1,4,4,9,Hibernating / Churned,0.6683,Medium Risk,1.0
12550,2011-09-21,2011-09-21,1,964.83,80,1,964.83,3,2,3,8,Needs Attention,,Not Scored (Recent),
12551,2010-12-17,2010-12-17,1,168.0,358,1,168.0,2,1,1,4,Hibernating / Churned,0.7932,High Risk,1.0
12552,2011-10-31,2011-11-01,2,437.82,39,2,437.82,4,2,2,8,New / Promising,,Not Scored (Recent),
12553,2010-10-12,2011-12-01,12,4608.75,9,12,4608.75,5,5,5,15,Champions,0.1244,Low Risk,0.0
12554,2010-09-17,2010-09-17,1,468.5,449,1,468.5,1,2,2,5,Hibernating / Churned,0.6657,Medium Risk,1.0
12555,2010-01-26,2010-01-26,1,129.23,683,1,129.23,1,1,1,3,Hibernating / Churned,0.8787,High Risk,1.0
12556,2011-07-11,2011-10-20,2,603.71,51,2,603.71,4,2,2,8,New / Promising,0.4843,Medium Risk,0.0
12557,2009-12-17,2011-11-23,8,18716.14,17,8,18716.14,5,5,5,15,Champions,0.2519,Low Risk,0.0
12558,2011-12-02,2011-12-02,1,269.96,8,1,269.96,5,1,1,7,New / Promising,,Not Scored (Recent),
12559,2011-01-24,2011-02-02,2,561.71,311,2,561.71,2,2,2,6,Hibernating / Churned,0.5943,Medium Risk,1.0
12560,2011-07-19,2011-12-04,3,2134.0099999999998,6,3,2134.0099999999998,5,3,4,12,Loyal Users,0.2865,Low Risk,0.0
12561,2011-02-10,2011-02-10,1,238.85,303,1,238.85,2,1,1,4,Hibernating / Churned,0.7576,High Risk,1.0
12562,2010-09-30,2011-12-01,9,4966.92,9,9,4966.92,5,5,5,15,Champions,0.2518,Low Risk,0.0
12563,2010-10-27,2010-10-27,1,249.24,409,1,249.24,2,1,1,4,Hibernating / Churned,0.746,High Risk,1.0
12564,2011-03-23,2011-03-23,1,456.9,262,1,456.9,2,2,2,6,Hibernating / Churned,0.7022,High Risk,1.0
12565,2011-02-24,2011-02-24,1,145.92,289,1,145.92,2,1,1,4,Hibernating / Churned,0.7978,High Risk,1.0
12566,2011-09-14,2011-09-14,1,351.65,87,1,351.65,3,1,2,6,Needs Attention,,Not Scored (Recent),
12567,2010-02-11,2011-11-17,15,13709.86,23,15,13709.86,4,5,5,14,Champions,0.0779,Low Risk,0.0
12568,2010-03-05,2010-03-05,1,70.0,645,1,70.0,1,1,1,3,Hibernating / Churned,0.8891,High Risk,1.0
12569,2011-04-01,2011-12-07,32,4124.69,3,32,4124.69,5,5,5,15,Champions,0.1529,Low Risk,0.0
12570,2010-01-26,2010-01-26,1,77.52,683,1,77.52,1,1,1,3,Hibernating / Churned,0.8883,High Risk,1.0
12571,2011-08-10,2011-10-31,2,519.61,40,2,519.61,4,2,2,8,New / Promising,0.4913,Medium Risk,0.0
12572,2011-10-19,2011-12-01,2,1020.42,9,2,1020.42,5,3,3,11,Loyal Users,,Not Scored (Recent),
12573,2010-08-31,2011-04-26,5,717.41,228,5,717.41,2,4,3,9,At Risk (High Value),0.4503,Medium Risk,1.0
12574,2011-01-28,2011-01-28,1,218.45,316,1,218.45,2,1,1,4,Hibernating / Churned,0.7547,High Risk,1.0
12575,2010-07-01,2010-09-08,2,622.82,458,2,622.82,1,2,3,6,Hibernating / Churned,0.7217,High Risk,1.0
12576,2010-07-01,2011-11-04,8,2142.72,36,8,2142.72,4,4,4,12,Champions,0.2618,Low Risk,0.0
12577,2009-12-03,2011-11-04,8,1653.75,36,8,1653.75,4,4,4,12,Champions,0.4455,Medium Risk,0.0
12578,2010-09-22,2011-11-18,4,4642.45,22,4,4642.45,4,4,5,13,Champions,0.5245,Medium Risk,0.0
12579,2011-09-22,2011-09-22,1,440.42,79,1,440.42,3,2,2,7,Needs Attention,,Not Scored (Recent),
12580,2010-05-12,2011-04-07,2,1052.9,247,2,1052.9,2,3,3,8,At Risk (High Value),0.6212,Medium Risk,1.0
12581,2011-10-31,2011-10-31,1,197.71,40,1,197.71,4,1,1,6,New / Promising,,Not Scored (Recent),
12582,2010-05-11,2011-04-15,4,1980.4,239,4,1980.4,2,4,4,10,At Risk (High Value),0.4349,Medium Risk,1.0
12583,2009-12-06,2011-12-07,27,14447.44,3,27,14447.44,5,5,5,15,Champions,0.0253,Low Risk,0.0
12584,2011-03-04,2011-12-06,9,2338.15,4,9,2338.15,5,5,4,14,Champions,0.3265,Low Risk,0.0
12585,2010-12-23,2011-04-19,2,2040.1,235,2,2040.1,2,3,4,9,At Risk (High Value),0.4868,Medium Risk,1.0
12586,2009-12-16,2011-11-22,4,2062.67,18,4,2062.67,5,4,4,13,Champions,0.561,Medium Risk,0.0
12587,2011-12-02,2011-12-02,1,144.0,8,1,144.0,5,1,1,7,New / Promising,,Not Scored (Recent),
12588,2010-04-21,2011-10-31,4,958.78,40,4,958.78,4,3,3,10,Loyal Users,0.595,Medium Risk,0.0
12589,2010-01-19,2011-11-11,8,4695.66,29,8,4695.66,4,5,5,14,Champions,0.2349,Low Risk,0.0
12590,2011-05-12,2011-05-12,2,9864.26,212,2,9864.26,2,3,5,10,At Risk (High Value),0.6017,Medium Risk,1.0
12591,2010-10-27,2011-01-26,3,1352.1499999999999,318,3,1352.1499999999999,2,3,4,9,At Risk (High Value),0.5572,Medium Risk,1.0
12592,2010-07-08,2011-09-08,5,2582.66,93,5,2582.66,3,4,4,11,Needs Attention,0.3972,Low Risk,0.0
12593,2011-05-05,2011-08-23,3,418.1,109,3,418.1,3,3,2,8,Needs Attention,0.3785,Low Risk,1.0
12594,2010-03-03,2011-11-02,15,5090.11,38,15,5090.11,4,5,5,14,Champions,0.1081,Low Risk,0.0
12595,2010-07-23,2010-07-23,1,299.02,505,1,299.02,1,1,2,4,Hibernating / Churned,0.8213,High Risk,1.0
12596,2011-04-11,2011-10-19,2,618.27,52,2,618.27,4,2,2,8,New / Promising,0.6989,Medium Risk,0.0
12597,2011-03-16,2011-11-20,4,3811.22,20,4,3811.22,4,4,5,13,Champions,0.3306,Low Risk,0.0
12598,2010-03-01,2011-11-30,11,4534.09,10,11,4534.09,5,5,5,15,Champions,0.2002,Low Risk,0.0
12599,2010-05-11,2011-11-10,13,2296.72,30,13,2296.72,4,5,4,13,Champions,0.1706,Low Risk,0.0
12600,2009-12-07,2011-11-11,21,5043.92,29,21,5043.92,4,5,5,14,Champions,0.0527,Low Risk,0.0
12601,2010-10-31,2011-06-03,6,681.26,190,6,681.26,2,4,3,9,At Risk (High Value),0.4025,Medium Risk,1.0
12602,2011-10-12,2011-10-12,1,153.12,59,1,153.12,3,1,1,5,Needs Attention,,Not Scored (Recent),
12603,2011-11-18,2011-11-18,1,739.2,22,1,739.2,4,2,3,9,New / Promising,,Not Scored (Recent),
12604,2011-03-23,2011-09-21,2,254.18,80,2,254.18,3,2,1,6,Needs Attention,0.7774,High Risk,0.0
12605,2010-09-07,2010-11-28,4,1232.95,377,4,1232.95,2,3,3,8,At Risk (High Value),0.5906,Medium Risk,1.0
12606,2010-01-26,2010-01-26,1,21.0,683,1,21.0,1,1,1,3,Hibernating / Churned,0.8737,High Risk,1.0
12607,2011-10-10,2011-10-10,1,1579.51,61,1,1579.51,3,2,4,9,Needs Attention,,Not Scored (Recent),
12608,2010-10-31,2010-10-31,1,415.79,405,1,415.79,2,2,2,6,Hibernating / Churned,0.7565,High Risk,1.0
12609,2009-12-20,2011-09-22,9,3435.86,79,9,3435.86,3,5,5,13,Needs Attention,0.1722,Low Risk,0.0
12610,2011-08-05,2011-11-17,5,2099.54,23,5,2099.54,4,4,4,12,Champions,0.3097,Low Risk,0.0
12611,2011-10-18,2011-10-18,1,1193.32,53,1,1193.32,4,2,3,9,New / Promising,,Not Scored (Recent),
12612,2011-09-26,2011-09-26,1,704.04,75,1,704.04,3,2,3,8,Needs Attention,,Not Scored (Recent),
12613,2009-12-14,2011-10-13,10,6835.07,58,10,6835.07,4,5,5,14,Champions,0.1509,Low Risk,0.0
12614,2011-03-07,2011-03-07,1,315.6,278,1,315.6,2,1,2,5,Hibernating / Churned,0.7615,High Risk,1.0
12615,2010-03-18,2011-12-07,8,5740.98,3,8,5740.98,5,5,5,15,Champions,0.3182,Low Risk,0.0
12616,2010-11-16,2011-09-05,3,1131.1,96,3,1131.1,3,3,3,9,Needs Attention,0.4505,Medium Risk,1.0
12617,2011-11-10,2011-11-10,1,355.53,30,1,355.53,4,1,2,7,New / Promising,,Not Scored (Recent),
12618,2011-11-18,2011-11-18,1,177.31,22,1,177.31,4,1,1,6,New / Promising,,Not Scored (Recent),
12619,2010-05-28,2011-11-23,10,3781.38,17,10,3781.38,5,5,5,15,Champions,0.378,Low Risk,0.0
12620,2011-05-19,2011-11-25,3,1339.41,15,3,1339.41,5,3,4,12,Loyal Users,0.5214,Medium Risk,0.0
12621,2010-02-09,2011-12-08,35,24775.81,2,35,24775.81,5,5,5,15,Champions,0.0347,Low Risk,0.0
12622,2011-04-21,2011-04-21,1,180.1,233,1,180.1,2,1,1,4,Hibernating / Churned,0.7704,High Risk,1.0
12623,2010-01-12,2011-03-08,7,3747.84,277,7,3747.84,2,4,5,11,At Risk (High Value),0.3059,Low Risk,1.0
12624,2011-06-15,2011-08-25,2,641.13,107,2,641.13,3,2,3,8,Needs Attention,0.3643,Low Risk,1.0
12625,2010-04-22,2011-05-12,4,5164.88,212,4,5164.88,2,4,5,11,At Risk (High Value),0.3859,Low Risk,1.0
12626,2011-01-17,2011-11-16,9,6620.48,24,9,6620.48,4,5,5,14,Champions,0.223,Low Risk,0.0
12627,2011-07-22,2011-11-29,7,4478.53,11,7,4478.53,5,4,5,14,Champions,0.2137,Low Risk,0.0
12628,2011-10-06,2011-12-05,3,786.46,5,3,786.46,5,3,3,11,Loyal Users,,Not Scored (Recent),
12629,2010-10-12,2010-11-19,2,1558.22,386,2,1558.22,2,3,4,9,At Risk (High Value),0.5839,Medium Risk,1.0
12630,2011-10-27,2011-11-30,2,1270.8799999999999,10,2,1270.8799999999999,5,3,4,12,Loyal Users,,Not Scored (Recent),
12631,2010-01-15,2011-10-13,6,3481.57,58,6,3481.57,4,4,5,13,Champions,0.5512,Medium Risk,0.0
12632,2010-05-24,2010-07-07,2,804.88,521,2,804.88,1,2,3,6,Hibernating / Churned,0.7504,High Risk,1.0
12633,2010-07-02,2011-10-12,7,5678.16,59,7,5678.16,4,4,5,13,Champions,0.2106,Low Risk,0.0
12634,2010-06-09,2010-06-22,2,490.0,536,2,490.0,1,2,2,5,Hibernating / Churned,0.7351,High Risk,1.0
12635,2010-09-09,2011-09-11,4,2930.41,90,4,2930.41,3,4,4,11,Needs Attention,0.4813,Medium Risk,0.0
12636,2009-12-01,2009-12-01,1,141.0,739,1,141.0,1,1,1,3,Hibernating / Churned,0.8653,High Risk,1.0
12637,2010-06-14,2011-10-03,12,8340.31,68,12,8340.31,3,5,5,13,Needs Attention,0.1075,Low Risk,0.0
12638,2010-03-10,2011-11-06,2,921.49,34,2,921.49,4,3,3,10,Loyal Users,0.8571,High Risk,0.0
12639,2010-03-22,2011-04-15,3,1312.37,239,3,1312.37,2,3,4,9,At Risk (High Value),0.5836,Medium Risk,1.0
12640,2011-09-19,2011-11-16,3,1174.58,24,3,1174.58,4,3,3,10,Loyal Users,,Not Scored (Recent),
12641,2011-08-16,2011-08-16,1,185.9,116,1,185.9,3,1,1,5,Needs Attention,0.6259,Medium Risk,1.0
12642,2011-08-24,2011-11-14,3,1013.26,26,3,1013.26,4,3,3,10,Loyal Users,0.4499,Medium Risk,0.0
12643,2010-04-07,2011-08-03,12,8350.42,129,12,8350.42,3,5,5,13,Needs Attention,0.1749,Low Risk,1.0
12644,2010-01-14,2011-08-02,4,1918.49,130,4,1918.49,3,4,4,11,Needs Attention,0.5151,Medium Risk,1.0
12645,2010-02-09,2011-11-06,8,3539.2999999999997,34,8,3539.2999999999997,4,4,5,13,Champions,0.2208,Low Risk,0.0
12646,2011-10-21,2011-12-05,2,1346.97,5,2,1346.97,5,3,4,12,Loyal Users,,Not Scored (Recent),
12647,2010-01-13,2011-11-17,36,17924.35,23,36,17924.35,4,5,5,14,Champions,0.0563,Low Risk,0.0
12648,2010-01-07,2011-07-08,4,1112.0,155,4,1112.0,3,3,3,9,Needs Attention,0.4989,Medium Risk,1.0
12649,2010-01-12,2011-08-24,8,2294.65,108,8,2294.65,3,4,4,11,Needs Attention,0.2801,Low Risk,1.0
12650,2011-12-06,2011-12-06,1,314.44,4,1,314.44,5,1,2,8,New / Promising,,Not Scored (Recent),
12651,2010-08-31,2011-01-09,4,377.75,335,4,377.75,2,3,2,7,At Risk (High Value),0.6694,Medium Risk,1.0
12652,2010-10-01,2011-01-12,2,1017.03,332,2,1017.03,2,3,3,8,At Risk (High Value),0.6109,Medium Risk,1.0
12653,2010-07-01,2011-07-14,3,4160.83,149,3,4160.83,3,3,5,11,Needs Attention,0.4983,Medium Risk,1.0
12654,2011-02-17,2011-11-29,5,601.98,11,5,601.98,5,4,2,11,Loyal Users,0.4268,Medium Risk,0.0
12655,2010-10-12,2010-10-12,1,261.35,424,1,261.35,1,1,1,3,Hibernating / Churned,0.7459,High Risk,1.0
12656,2010-05-26,2011-11-22,8,6407.83,18,8,6407.83,5,5,5,15,Champions,0.2706,Low Risk,0.0
12657,2011-09-22,2011-11-28,4,1643.18,12,4,1643.18,5,4,4,13,Champions,,Not Scored (Recent),
12658,2011-11-21,2011-11-21,1,686.05,19,1,686.05,5,2,3,10,New / Promising,,Not Scored (Recent),
12659,2011-11-10,2011-11-10,1,91.67999999999999,30,1,91.67999999999999,4,1,1,6,New / Promising,,Not Scored (Recent),
12660,2011-11-28,2011-11-28,1,245.1,12,1,245.1,5,1,1,7,New / Promising,,Not Scored (Recent),
12661,2010-09-29,2010-09-29,1,162.0,437,1,162.0,1,1,1,3,Hibernating / Churned,0.8127,High Risk,1.0
12662,2010-04-01,2011-12-09,20,6988.0199999999995,1,20,6988.0199999999995,5,5,5,15,Champions,0.0682,Low Risk,0.0
12663,2010-02-09,2010-03-25,2,239.4,625,2,239.4,1,2,1,4,Hibernating / Churned,0.8519,High Risk,1.0
12664,2009-12-13,2011-12-01,11,6070.04,9,11,6070.04,5,5,5,15,Champions,0.4013,Medium Risk,0.0
12665,2010-02-08,2011-01-19,3,313.6,325,3,313.6,2,3,2,7,At Risk (High Value),0.668,Medium Risk,1.0
12666,2010-11-10,2010-11-10,1,1248.42,395,1,1248.42,2,2,3,7,At Risk (High Value),0.7246,High Risk,1.0
12667,2011-10-12,2011-10-12,1,620.13,59,1,620.13,3,2,3,8,Needs Attention,,Not Scored (Recent),
12668,2010-01-31,2011-11-28,10,11444.68,12,10,11444.68,5,5,5,15,Champions,0.2845,Low Risk,0.0
12669,2011-03-28,2011-07-12,3,2744.0299999999997,151,3,2744.0299999999997,3,3,4,10,Needs Attention,0.3159,Low Risk,1.0
12670,2010-02-11,2011-11-29,7,3760.29,11,7,3760.29,5,4,5,14,Champions,0.4328,Medium Risk,0.0
12671,2010-04-12,2010-04-12,1,2622.48,607,1,2622.48,1,2,4,7,Hibernating / Churned,0.7975,High Risk,1.0
12672,2010-04-23,2011-01-14,2,437.05,330,2,437.05,2,2,2,6,Hibernating / Churned,0.711,High Risk,1.0
12673,2010-11-03,2011-12-04,3,1230.02,6,3,1230.02,5,3,3,11,Loyal Users,0.5876,Medium Risk,0.0
12674,2011-05-16,2011-11-01,4,1970.6,39,4,1970.6,4,4,4,12,Champions,0.3514,Low Risk,0.0
12675,2010-05-10,2010-06-04,2,958.5,554,2,958.5,1,3,3,7,Hibernating / Churned,0.7101,High Risk,1.0
12676,2010-08-13,2011-11-15,11,2843.09,25,11,2843.09,4,5,4,13,Champions,0.1331,Low Risk,0.0
12677,2010-02-11,2010-06-02,2,395.1,556,2,395.1,1,2,2,5,Hibernating / Churned,0.8232,High Risk,1.0
12678,2010-01-07,2011-10-28,21,34281.18,43,21,34281.18,4,5,5,14,Champions,0.0776,Low Risk,0.0
12679,2011-03-01,2011-10-12,4,1113.02,59,4,1113.02,4,3,3,10,Loyal Users,0.3844,Low Risk,0.0
12680,2011-08-18,2011-12-09,4,880.81,1,4,880.81,5,3,3,11,Loyal Users,0.4608,Medium Risk,0.0
12681,2009-12-13,2011-11-25,45,30868.28,15,45,30868.28,5,5,5,15,Champions,0.0522,Low Risk,0.0
12682,2009-12-01,2011-12-06,52,24033.91,4,52,24033.91,5,5,5,15,Champions,0.0192,Low Risk,0.0
12683,2009-12-13,2011-12-05,21,12696.78,5,21,12696.78,5,5,5,15,Champions,0.0601,Low Risk,0.0
12684,2011-05-10,2011-12-02,7,2283.63,8,7,2283.63,5,4,4,13,Champions,0.2776,Low Risk,0.0
12685,2011-09-07,2011-11-11,6,2863.08,29,6,2863.08,4,4,4,12,Champions,0.398,Low Risk,0.0
12686,2010-12-03,2010-12-03,1,178.28,372,1,178.28,2,1,1,4,Hibernating / Churned,0.8066,High Risk,1.0
12687,2010-08-16,2010-08-16,2,2138.91,481,2,2138.91,1,3,4,8,Hibernating / Churned,0.6915,Medium Risk,1.0
12688,2011-08-18,2011-08-18,1,4873.81,114,1,4873.81,3,2,5,10,Needs Attention,0.5034,Medium Risk,1.0
12689,2011-08-04,2011-11-14,2,1247.61,26,2,1247.61,4,3,3,10,Loyal Users,0.4406,Medium Risk,0.0
12690,2011-05-18,2011-05-18,1,389.01,206,1,389.01,2,2,2,6,Hibernating / Churned,0.6726,Medium Risk,1.0
12691,2010-10-15,2011-11-11,7,1170.4,29,7,1170.4,4,4,3,11,Loyal Users,0.362,Low Risk,0.0
12692,2010-03-12,2010-03-12,1,110.95,638,1,110.95,1,1,1,3,Hibernating / Churned,0.8795,High Risk,1.0
12693,2010-07-05,2011-08-04,7,1703.02,128,7,1703.02,3,4,4,11,Needs Attention,0.2279,Low Risk,1.0
12694,2010-10-14,2011-09-30,3,1843.35,71,3,1843.35,3,3,4,10,Needs Attention,0.4556,Medium Risk,0.0
12695,2010-02-12,2011-12-02,7,1407.1200000000001,8,7,1407.1200000000001,5,4,4,13,Champions,0.4433,Medium Risk,0.0
12696,2010-07-19,2010-10-01,2,851.91,435,2,851.91,1,3,3,7,Hibernating / Churned,0.6516,Medium Risk,1.0
12697,2011-06-23,2011-11-11,3,957.59,29,3,957.59,4,3,3,10,Loyal Users,0.349,Low Risk,0.0
12698,2010-04-28,2010-04-28,1,339.75,591,1,339.75,1,1,2,4,Hibernating / Churned,0.837,High Risk,1.0
12699,2010-10-18,2010-10-18,1,638.11,418,1,638.11,1,2,3,6,Hibernating / Churned,0.6774,Medium Risk,1.0
12700,2011-05-08,2011-12-02,4,4939.99,8,4,4939.99,5,4,5,14,Champions,0.2949,Low Risk,0.0
12701,2010-03-16,2011-09-21,6,2446.41,80,6,2446.41,3,4,4,11,Needs Attention,0.3906,Low Risk,0.0
12702,2011-11-20,2011-11-20,1,219.0,20,1,219.0,4,1,1,6,New / Promising,,Not Scored (Recent),
12703,2010-01-24,2011-09-29,4,1006.53,72,4,1006.53,3,3,3,9,Needs Attention,0.6895,Medium Risk,0.0
12704,2011-06-23,2011-12-02,8,2340.84,8,8,2340.84,5,4,4,13,Champions,0.307,Low Risk,0.0
12705,2010-06-24,2011-11-24,14,11762.1,16,14,11762.1,5,5,5,15,Champions,0.1338,Low Risk,0.0
12707,2011-02-21,2011-02-21,1,603.42,292,1,603.42,2,2,2,6,Hibernating / Churned,0.6563,Medium Risk,1.0
12708,2009-12-18,2011-11-10,18,5314.1,30,18,5314.1,4,5,5,14,Champions,0.0624,Low Risk,0.0
12709,2009-12-09,2011-11-24,34,31093.34,16,34,31093.34,5,5,5,15,Champions,0.0248,Low Risk,0.0
12710,2011-05-22,2011-09-04,3,1149.02,97,3,1149.02,3,3,3,9,Needs Attention,0.2929,Low Risk,1.0
12711,2010-02-01,2010-04-07,2,1339.05,612,2,1339.05,1,3,4,8,Hibernating / Churned,0.7431,High Risk,1.0
12712,2009-12-09,2011-11-11,21,7193.66,29,21,7193.66,4,5,5,14,Champions,0.0332,Low Risk,0.0
12713,2011-12-09,2011-12-09,1,848.55,1,1,848.55,5,2,3,10,New / Promising,,Not Scored (Recent),
12714,2009-12-04,2011-11-30,12,14093.71,10,12,14093.71,5,5,5,15,Champions,0.0823,Low Risk,0.0
12715,2011-08-25,2011-08-25,1,353.86,107,1,353.86,3,1,2,6,Needs Attention,0.47,Medium Risk,1.0
12716,2011-07-29,2011-12-06,2,1053.49,4,2,1053.49,5,3,3,11,Loyal Users,0.4489,Medium Risk,0.0
12717,2010-04-28,2011-07-11,3,1308.91,152,3,1308.91,3,3,4,10,Needs Attention,0.5805,Medium Risk,1.0
12718,2011-09-29,2011-09-29,1,238.25,72,1,238.25,3,1,1,5,Needs Attention,,Not Scored (Recent),
12719,2011-10-05,2011-12-04,2,644.95,6,2,644.95,5,2,3,10,New / Promising,,Not Scored (Recent),
12720,2010-07-21,2011-12-07,30,8260.67,3,30,8260.67,5,5,5,15,Champions,0.0621,Low Risk,0.0
12721,2010-08-25,2011-11-08,8,4013.08,32,8,4013.08,4,5,5,14,Champions,0.2045,Low Risk,0.0
12722,2011-07-12,2011-09-15,4,997.63,86,4,997.63,3,3,3,9,Needs Attention,0.2993,Low Risk,0.0
12723,2011-10-05,2011-12-06,5,725.07,4,5,725.07,5,4,3,12,Loyal Users,,Not Scored (Recent),
12724,2010-06-22,2011-12-04,7,2317.52,6,7,2317.52,5,4,4,13,Champions,0.3505,Low Risk,0.0
12725,2010-05-04,2010-12-03,4,2694.56,372,4,2694.56,2,4,4,10,At Risk (High Value),0.472,Medium Risk,1.0
12726,2010-03-25,2011-11-11,11,4014.6,29,11,4014.6,4,5,5,14,Champions,0.1563,Low Risk,0.0
12727,2010-02-23,2011-11-29,10,5679.53,11,10,5679.53,5,5,5,15,Champions,0.1463,Low Risk,0.0
12728,2010-11-21,2011-09-29,5,1070.17,72,5,1070.17,3,4,3,10,Needs Attention,0.5142,Medium Risk,0.0
12729,2011-08-18,2011-08-18,1,453.01,114,1,453.01,3,2,2,7,Needs Attention,0.4596,Medium Risk,1.0
12730,2010-07-06,2010-07-06,1,829.25,522,1,829.25,1,2,3,6,Hibernating / Churned,0.6904,Medium Risk,1.0
12731,2010-03-02,2011-11-16,17,25775.71,24,17,25775.71,4,5,5,14,Champions,0.12,Low Risk,0.0
12732,2011-06-13,2011-06-13,1,236.26000000000002,180,1,236.26000000000002,3,1,1,5,Needs Attention,0.6241,Medium Risk,1.0
12733,2010-01-19,2011-04-19,4,2424.87,235,4,2424.87,2,4,4,10,At Risk (High Value),0.489,Medium Risk,1.0
12734,2010-11-12,2010-12-22,3,639.65,353,3,639.65,2,3,3,8,At Risk (High Value),0.5913,Medium Risk,1.0
12735,2011-01-06,2011-01-28,2,779.5699999999999,316,2,779.5699999999999,2,2,3,7,At Risk (High Value),0.6112,Medium Risk,1.0
12736,2011-01-11,2011-01-11,1,234.0,333,1,234.0,2,1,1,4,Hibernating / Churned,0.7741,High Risk,1.0
12737,2010-07-29,2010-07-29,2,3710.5,499,2,3710.5,1,3,5,9,Hibernating / Churned,0.78,High Risk,1.0
12738,2010-12-02,2010-12-02,1,310.7,373,1,310.7,2,1,2,5,Hibernating / Churned,0.7573,High Risk,1.0
12739,2010-11-10,2011-09-22,4,2726.73,79,4,2726.73,3,4,4,11,Needs Attention,0.4552,Medium Risk,0.0
12740,2011-10-07,2011-10-07,1,427.6,64,1,427.6,3,2,2,7,Needs Attention,,Not Scored (Recent),
12741,2010-06-24,2010-06-28,2,406.07,530,2,406.07,1,2,2,5,Hibernating / Churned,0.7911,High Risk,1.0
12742,2010-03-24,2010-03-24,1,1201.52,626,1,1201.52,1,2,3,6,Hibernating / Churned,0.7537,High Risk,1.0
12743,2011-07-28,2011-07-28,2,546.43,135,2,546.43,3,2,2,7,Needs Attention,0.4641,Medium Risk,1.0
12744,2010-04-27,2011-10-19,11,25317.06,52,11,25317.06,4,5,5,14,Champions,0.1693,Low Risk,0.0
12745,2010-01-26,2010-08-10,3,925.41,487,3,925.41,1,3,3,7,Hibernating / Churned,0.7133,High Risk,1.0
12746,2010-06-17,2010-06-17,1,254.55,541,1,254.55,1,1,1,3,Hibernating / Churned,0.8261,High Risk,1.0
12747,2009-12-07,2011-12-07,26,9276.54,3,26,9276.54,5,5,5,15,Champions,0.0286,Low Risk,0.0
12748,2009-12-04,2011-12-09,336,56599.39,1,336,56599.39,5,5,5,15,Champions,0.0385,Low Risk,0.0
12749,2010-07-06,2011-12-06,9,6897.36,4,9,6897.36,5,5,5,15,Champions,0.1728,Low Risk,0.0
12750,2011-08-03,2011-08-03,1,275.88,129,1,275.88,3,1,1,5,Needs Attention,0.5217,Medium Risk,1.0
12751,2010-09-21,2010-09-21,1,268.27,445,1,268.27,1,1,1,3,Hibernating / Churned,0.7228,High Risk,1.0
12752,2011-09-19,2011-09-19,1,4366.78,82,1,4366.78,3,2,5,10,Needs Attention,,Not Scored (Recent),
12753,2010-12-12,2011-11-17,6,21429.39,23,6,21429.39,4,4,5,13,Champions,0.281,Low Risk,0.0
12754,2011-02-04,2011-04-18,3,3010.7400000000002,236,3,3010.7400000000002,2,3,5,10,At Risk (High Value),0.4766,Medium Risk,1.0
12755,2010-01-15,2011-03-04,11,9030.66,281,11,9030.66,2,5,5,12,At Risk (High Value),0.3465,Low Risk,1.0
12756,2011-09-14,2011-09-14,1,112.08,87,1,112.08,3,1,1,5,Needs Attention,,Not Scored (Recent),
12757,2011-05-12,2011-11-24,13,7857.1,16,13,7857.1,5,5,5,15,Champions,0.2168,Low Risk,0.0
12758,2009-12-01,2011-08-15,7,9903.24,117,7,9903.24,3,4,5,12,Needs Attention,0.2787,Low Risk,1.0
12759,2009-12-04,2011-10-18,8,5020.74,53,8,5020.74,4,5,5,14,Champions,0.2058,Low Risk,0.0
12760,2010-09-10,2010-09-10,1,347.8,456,1,347.8,1,1,2,4,Hibernating / Churned,0.7794,High Risk,1.0
12761,2010-09-01,2010-09-08,2,782.95,458,2,782.95,1,2,3,6,Hibernating / Churned,0.6868,Medium Risk,1.0
12762,2011-11-14,2011-12-02,2,1898.52,8,2,1898.52,5,3,4,12,Loyal Users,,Not Scored (Recent),
12763,2010-12-05,2011-07-24,2,814.16,139,2,814.16,3,2,3,8,Needs Attention,0.4659,Medium Risk,1.0
12764,2011-01-27,2011-01-27,1,1693.88,317,1,1693.88,2,2,4,8,At Risk (High Value),0.6995,Medium Risk,1.0
12765,2010-03-08,2010-08-24,6,1404.58,473,6,1404.58,1,4,4,9,Hibernating / Churned,0.7047,High Risk,1.0
12766,2010-10-28,2011-12-06,9,10068.28,4,9,10068.28,5,5,5,15,Champions,0.1556,Low Risk,0.0
12767,2010-11-29,2010-11-29,1,949.8199999999999,376,1,949.8199999999999,2,2,3,7,At Risk (High Value),0.6992,Medium Risk,1.0
12768,2010-09-15,2010-09-15,1,168.69,451,1,168.69,1,1,1,3,Hibernating / Churned,0.7867,High Risk,1.0
12769,2011-04-15,2011-04-15,1,1143.6,239,1,1143.6,2,2,3,7,At Risk (High Value),0.7032,High Risk,1.0
12770,2010-09-09,2011-05-13,2,3246.45,211,2,3246.45,2,3,5,10,At Risk (High Value),0.5444,Medium Risk,1.0
12771,2010-08-11,2010-08-11,1,282.3,486,1,282.3,1,1,1,3,Hibernating / Churned,0.8102,High Risk,1.0
12772,2011-10-11,2011-10-11,1,892.47,60,1,892.47,3,2,3,8,Needs Attention,,Not Scored (Recent),
12773,2010-05-24,2010-05-24,1,124.25,565,1,124.25,1,1,1,3,Hibernating / Churned,0.852,High Risk,1.0
12774,2010-06-22,2010-06-22,1,98.7,536,1,98.7,1,1,1,3,Hibernating / Churned,0.8593,High Risk,1.0
12775,2010-10-26,2011-11-22,7,1686.12,18,7,1686.12,5,4,4,13,Champions,0.2777,Low Risk,0.0
12776,2010-02-10,2010-02-10,1,55.5,668,1,55.5,1,1,1,3,Hibernating / Churned,0.885,High Risk,1.0
12777,2010-09-08,2010-09-08,1,519.45,458,1,519.45,1,2,2,5,Hibernating / Churned,0.7114,High Risk,1.0
12778,2010-04-16,2011-11-20,9,1775.68,20,9,1775.68,5,5,4,14,Champions,0.2662,Low Risk,0.0
12779,2009-12-03,2011-11-02,14,6722.2699999999995,38,14,6722.2699999999995,4,5,5,14,Champions,0.1396,Low Risk,0.0
12780,2010-04-20,2010-04-20,1,337.4,599,1,337.4,1,1,2,4,Hibernating / Churned,0.8144,High Risk,1.0
12781,2011-02-28,2011-10-07,2,826.74,64,2,826.74,3,2,3,8,Needs Attention,0.704,High Risk,0.0
12782,2010-07-08,2011-12-05,11,4618.24,5,11,4618.24,5,5,5,15,Champions,0.1161,Low Risk,0.0
12783,2011-09-25,2011-12-07,6,2225.91,3,6,2225.91,5,4,4,13,Champions,,Not Scored (Recent),
12784,2010-06-28,2011-11-30,3,1804.75,10,3,1804.75,5,3,4,12,Loyal Users,0.6873,Medium Risk,0.0
12785,2009-12-08,2010-12-10,3,1100.4,365,3,1100.4,2,3,3,8,At Risk (High Value),0.6334,Medium Risk,1.0
12786,2010-04-09,2010-04-09,1,728.5,610,1,728.5,1,2,3,6,Hibernating / Churned,0.7743,High Risk,1.0
12787,2010-10-22,2011-11-30,4,862.18,10,4,862.18,5,3,3,11,Loyal Users,0.4782,Medium Risk,0.0
12788,2010-06-29,2010-09-02,4,444.9,464,4,444.9,1,3,2,6,Hibernating / Churned,0.7873,High Risk,1.0
12789,2010-01-15,2011-10-05,3,273.35,66,3,273.35,3,3,1,7,Needs Attention,0.7908,High Risk,0.0
12790,2010-10-25,2011-05-31,2,591.85,193,2,591.85,2,2,2,6,Hibernating / Churned,0.4757,Medium Risk,1.0
12791,2010-03-25,2010-12-01,6,1056.11,374,6,1056.11,2,4,3,9,At Risk (High Value),0.6229,Medium Risk,1.0
12792,2010-06-23,2011-03-28,2,827.01,257,2,827.01,2,2,3,7,At Risk (High Value),0.6078,Medium Risk,1.0
12793,2010-11-03,2011-01-09,3,1017.33,335,3,1017.33,2,3,3,8,At Risk (High Value),0.5916,Medium Risk,1.0
12794,2011-09-02,2011-10-17,2,860.41,54,2,860.41,4,3,3,10,Loyal Users,0.4546,Medium Risk,0.0
12795,2011-11-21,2011-11-21,1,430.48,19,1,430.48,5,2,2,9,New / Promising,,Not Scored (Recent),
12796,2010-03-21,2010-03-21,1,381.0,629,1,381.0,1,2,2,5,Hibernating / Churned,0.868,High Risk,1.0
12797,2010-10-11,2010-12-09,2,806.11,366,2,806.11,2,2,3,7,At Risk (High Value),0.5981,Medium Risk,1.0
12798,2010-10-14,2011-11-29,4,8510.93,11,4,8510.93,5,4,5,14,Champions,0.51,Medium Risk,0.0
12799,2010-06-28,2010-06-28,1,219.35,530,1,219.35,1,1,1,3,Hibernating / Churned,0.8341,High Risk,1.0
12800,2010-02-01,2010-08-26,3,584.25,471,3,584.25,1,3,2,6,Hibernating / Churned,0.7342,High Risk,1.0
12801,2010-07-27,2010-07-27,1,1071.82,501,1,1071.82,1,2,3,6,Hibernating / Churned,0.7393,High Risk,1.0
12802,2010-05-25,2011-06-06,7,2416.42,187,7,2416.42,3,4,4,11,Needs Attention,0.2372,Low Risk,1.0
12803,2010-11-11,2010-11-11,1,1092.81,394,1,1092.81,2,2,3,7,At Risk (High Value),0.6886,Medium Risk,1.0
12804,2010-07-27,2010-08-31,2,327.02,466,2,327.02,1,2,2,5,Hibernating / Churned,0.8097,High Risk,1.0
12805,2010-02-03,2010-11-23,4,1434.95,382,4,1434.95,2,4,4,10,At Risk (High Value),0.5421,Medium Risk,1.0
12806,2010-04-30,2010-09-30,4,2878.96,436,4,2878.96,1,4,4,9,Hibernating / Churned,0.6358,Medium Risk,1.0
12807,2010-11-21,2010-11-21,1,330.35,384,1,330.35,2,1,2,5,Hibernating / Churned,0.7588,High Risk,1.0
12808,2010-09-03,2011-11-03,5,906.1,37,5,906.1,4,4,3,11,Loyal Users,0.4036,Medium Risk,0.0
12809,2010-03-02,2011-06-15,3,1755.94,178,3,1755.94,3,3,4,10,Needs Attention,0.6458,Medium Risk,1.0
12810,2010-02-01,2010-06-23,2,534.99,535,2,534.99,1,2,2,5,Hibernating / Churned,0.7677,High Risk,1.0
12811,2010-10-08,2011-03-24,5,1033.9,261,5,1033.9,2,4,3,9,At Risk (High Value),0.5318,Medium Risk,1.0
12812,2011-10-26,2011-10-26,1,229.64,45,1,229.64,4,1,1,6,New / Promising,,Not Scored (Recent),
12813,2010-01-15,2010-07-26,3,1687.8,502,3,1687.8,1,3,4,8,Hibernating / Churned,0.6973,Medium Risk,1.0
12814,2011-08-30,2011-08-30,1,125.92,102,1,125.92,3,1,1,5,Needs Attention,0.6791,Medium Risk,1.0
12815,2011-05-25,2011-07-15,2,1063.46,148,2,1063.46,3,3,3,9,Needs Attention,0.3679,Low Risk,1.0
12816,2011-06-16,2011-09-05,2,572.2,96,2,572.2,3,2,2,7,Needs Attention,0.376,Low Risk,1.0
12817,2010-10-01,2011-03-03,3,690.98,282,3,690.98,2,3,3,8,At Risk (High Value),0.5502,Medium Risk,1.0
12818,2011-03-23,2011-03-23,1,1542.08,262,1,1542.08,2,2,4,8,At Risk (High Value),0.7175,High Risk,1.0
12819,2010-09-07,2010-09-07,1,540.52,459,1,540.52,1,2,2,5,Hibernating / Churned,0.7342,High Risk,1.0
12820,2009-12-05,2011-12-06,11,2689.52,4,11,2689.52,5,5,4,14,Champions,0.3385,Low Risk,0.0
12821,2010-04-07,2011-05-09,2,220.8,215,2,220.8,2,2,1,5,Hibernating / Churned,0.7188,High Risk,1.0
12822,2011-09-13,2011-09-30,2,948.88,71,2,948.88,3,3,3,9,Needs Attention,,Not Scored (Recent),
12823,2010-01-29,2011-09-26,18,6501.5,75,18,6501.5,3,5,5,13,Needs Attention,0.1204,Low Risk,0.0
12824,2011-10-11,2011-10-11,1,397.12,60,1,397.12,3,2,2,7,Needs Attention,,Not Scored (Recent),
12825,2010-03-08,2010-07-06,2,518.63,522,2,518.63,1,2,2,5,Hibernating / Churned,0.7795,High Risk,1.0
12826,2009-12-18,2011-12-07,12,2955.75,3,12,2955.75,5,5,4,14,Champions,0.2278,Low Risk,0.0
12827,2011-10-26,2011-12-04,3,430.15,6,3,430.15,5,3,2,10,Loyal Users,,Not Scored (Recent),
12828,2011-08-01,2011-12-07,6,1018.7099999999999,3,6,1018.7099999999999,5,4,3,12,Loyal Users,0.3503,Low Risk,0.0
12829,2010-06-07,2011-01-07,3,385.3,337,3,385.3,2,3,2,7,At Risk (High Value),0.6788,Medium Risk,1.0
12830,2011-06-21,2011-11-02,6,6814.64,38,6,6814.64,4,4,5,13,Champions,0.3417,Low Risk,0.0
12831,2010-09-02,2011-03-22,3,451.11,263,3,451.11,2,3,2,7,At Risk (High Value),0.5891,Medium Risk,1.0
12832,2011-09-02,2011-11-07,2,383.03000000000003,33,2,383.03000000000003,4,2,2,8,New / Promising,0.4506,Medium Risk,0.0
12833,2011-07-17,2011-07-17,1,417.38,146,1,417.38,3,2,2,7,Needs Attention,0.4863,Medium Risk,1.0
12834,2011-03-02,2011-03-02,1,312.38,283,1,312.38,2,1,2,5,Hibernating / Churned,0.733,High Risk,1.0
12835,2009-12-03,2010-10-08,41,6043.31,428,41,6043.31,1,5,5,11,Hibernating / Churned,0.5789,Medium Risk,1.0
12836,2009-12-01,2011-10-11,15,6585.62,60,15,6585.62,3,5,5,13,Needs Attention,0.0825,Low Risk,0.0
12837,2010-05-19,2011-06-19,2,688.41,174,2,688.41,3,2,3,8,Needs Attention,0.6756,Medium Risk,1.0
12838,2010-04-26,2011-11-06,10,3398.48,34,10,3398.48,4,5,5,14,Champions,0.4395,Medium Risk,0.0
12839,2009-12-07,2011-12-07,26,10071.73,3,26,10071.73,5,5,5,15,Champions,0.0404,Low Risk,0.0
12840,2010-02-03,2011-07-19,7,4041.97,144,7,4041.97,3,4,5,12,Needs Attention,0.2022,Low Risk,1.0
12841,2010-07-08,2011-12-05,40,7540.68,5,40,7540.68,5,5,5,15,Champions,0.0613,Low Risk,0.0
12842,2009-12-02,2011-09-30,4,1917.99,71,4,1917.99,3,4,4,11,Needs Attention,0.6404,Medium Risk,0.0
12843,2009-12-13,2011-10-05,30,6588.41,66,30,6588.41,3,5,5,13,Needs Attention,0.0991,Low Risk,0.0
12844,2010-04-25,2011-11-10,4,648.6,30,4,648.6,4,3,3,10,Loyal Users,0.4953,Medium Risk,0.0
12845,2011-02-22,2011-03-17,4,354.09000000000003,268,4,354.09000000000003,2,3,2,7,At Risk (High Value),0.6347,Medium Risk,1.0
12846,2010-01-26,2010-01-26,1,15.58,683,1,15.58,1,1,1,3,Hibernating / Churned,0.8822,High Risk,1.0
12847,2010-11-17,2011-11-17,2,1636.8999999999999,23,2,1636.8999999999999,4,3,4,11,Loyal Users,0.6816,Medium Risk,0.0
12848,2010-02-02,2010-02-02,1,208.0,676,1,208.0,1,1,1,3,Hibernating / Churned,0.8657,High Risk,1.0
12849,2010-04-27,2011-11-08,6,3090.56,32,6,3090.56,4,4,5,13,Champions,0.343,Low Risk,0.0
12850,2010-09-20,2010-09-20,1,330.0,446,1,330.0,1,1,2,4,Hibernating / Churned,0.773,High Risk,1.0
12851,2010-08-19,2011-09-04,2,284.13,97,2,284.13,3,2,1,6,Needs Attention,0.6971,Medium Risk,1.0
12852,2011-02-18,2011-02-18,1,311.55,295,1,311.55,2,1,2,5,Hibernating / Churned,0.7501,High Risk,1.0
12853,2010-02-05,2011-07-28,11,3907.5,135,11,3907.5,3,5,5,13,Needs Attention,0.144,Low Risk,1.0
12854,2009-12-11,2011-09-22,7,2994.02,79,7,2994.02,3,4,5,12,Needs Attention,0.3429,Low Risk,0.0
12855,2010-11-02,2010-12-02,4,650.9399999999999,373,4,650.9399999999999,2,3,3,8,At Risk (High Value),0.5835,Medium Risk,1.0
12856,2011-10-07,2011-12-02,6,2179.93,8,6,2179.93,5,4,4,13,Champions,,Not Scored (Recent),
12857,2010-01-25,2011-05-13,6,3688.0,211,6,3688.0,2,4,5,11,At Risk (High Value),0.3245,Low Risk,1.0
12858,2010-11-21,2010-11-21,1,177.92,384,1,177.92,2,1,1,4,Hibernating / Churned,0.7935,High Risk,1.0
12859,2010-09-07,2010-09-07,1,575.1,459,1,575.1,1,2,2,5,Hibernating / Churned,0.7206,High Risk,1.0
12860,2010-01-15,2010-01-15,1,55.47,694,1,55.47,1,1,1,3,Hibernating / Churned,0.8514,High Risk,1.0
12861,2010-03-30,2010-03-30,1,68.25,620,1,68.25,1,1,1,3,Hibernating / Churned,0.8571,High Risk,1.0
12862,2010-08-01,2010-10-10,2,1008.32,426,2,1008.32,1,3,3,7,Hibernating / Churned,0.6448,Medium Risk,1.0
12863,2010-04-29,2011-10-18,6,2792.55,53,6,2792.55,4,4,4,12,Champions,0.4711,Medium Risk,0.0
12864,2010-07-19,2011-07-24,2,299.57,139,2,299.57,3,2,2,7,Needs Attention,0.7307,High Risk,1.0
12865,2010-08-20,2011-11-13,4,3323.47,27,4,3323.47,4,4,5,13,Champions,0.4336,Medium Risk,0.0
12866,2010-07-25,2011-03-01,3,1227.35,284,3,1227.35,2,3,3,8,At Risk (High Value),0.571,Medium Risk,1.0
12867,2009-12-16,2011-11-13,13,7913.29,27,13,7913.29,4,5,5,14,Champions,0.0748,Low Risk,0.0
12868,2010-11-12,2011-06-07,8,2247.06,186,8,2247.06,3,4,4,11,Needs Attention,0.2093,Low Risk,1.0
12869,2010-01-27,2010-01-27,1,337.67,682,1,337.67,1,1,2,4,Hibernating / Churned,0.8644,High Risk,1.0
12870,2010-03-25,2010-11-29,3,1676.95,376,3,1676.95,2,3,4,9,At Risk (High Value),0.5721,Medium Risk,1.0
12871,2010-09-26,2011-09-16,3,744.02,85,3,744.02,3,3,3,9,Needs Attention,0.5165,Medium Risk,0.0
12872,2009-12-03,2011-01-17,12,3685.49,327,12,3685.49,2,5,5,12,At Risk (High Value),0.3963,Low Risk,1.0
12873,2010-01-27,2011-03-02,3,2027.3,283,3,2027.3,2,3,4,9,At Risk (High Value),0.6012,Medium Risk,1.0
12874,2010-06-03,2010-11-19,2,948.42,386,2,948.42,2,3,3,8,At Risk (High Value),0.641,Medium Risk,1.0
12875,2010-01-11,2011-07-19,5,1356.99,144,5,1356.99,3,4,4,11,Needs Attention,0.4388,Medium Risk,1.0
12876,2010-04-28,2011-10-13,4,4081.79,58,4,4081.79,4,4,5,13,Champions,0.4204,Medium Risk,0.0
12877,2010-01-18,2011-12-06,20,2955.17,4,20,2955.17,5,5,4,14,Champions,0.0829,Low Risk,0.0
12878,2011-03-18,2011-04-17,2,854.99,237,2,854.99,2,3,3,8,At Risk (High Value),0.523,Medium Risk,1.0
12879,2011-09-09,2011-10-26,3,573.22,45,3,573.22,4,3,2,9,Loyal Users,,Not Scored (Recent),
12880,2010-05-14,2010-11-23,2,640.13,382,2,640.13,2,2,3,7,At Risk (High Value),0.6331,Medium Risk,1.0
12881,2011-03-09,2011-03-09,1,298.0,276,1,298.0,2,1,2,5,Hibernating / Churned,0.7748,High Risk,1.0
12882,2011-11-06,2011-11-30,2,1463.04,10,2,1463.04,5,3,4,12,Loyal Users,,Not Scored (Recent),
12883,2011-09-11,2011-11-15,4,703.47,25,4,703.47,4,3,3,10,Loyal Users,,Not Scored (Recent),
12884,2011-09-12,2011-09-12,1,309.05,89,1,309.05,3,1,2,6,Needs Attention,,Not Scored (Recent),
12885,2011-08-08,2011-10-07,3,1175.22,64,3,1175.22,3,3,3,9,Needs Attention,0.4575,Medium Risk,0.0
12886,2011-05-04,2011-10-03,2,1378.4,68,2,1378.4,3,3,4,10,Needs Attention,0.6299,Medium Risk,0.0
12887,2010-11-21,2010-11-21,1,222.4,384,1,222.4,2,1,1,4,Hibernating / Churned,0.7312,High Risk,1.0
12888,2011-03-29,2011-05-09,2,354.12,215,2,354.12,2,2,2,6,Hibernating / Churned,0.5753,Medium Risk,1.0
12889,2010-07-25,2010-11-23,4,385.46,382,4,385.46,2,3,2,7,At Risk (High Value),0.7016,High Risk,1.0
12890,2010-11-17,2011-11-15,2,717.27,25,2,717.27,4,2,3,9,New / Promising,0.7461,High Risk,0.0
12891,2010-02-18,2011-06-07,11,840.5,186,11,840.5,3,5,3,11,Needs Attention,0.3794,Low Risk,1.0
12892,2010-11-08,2010-11-08,1,263.38,397,1,263.38,2,1,1,4,Hibernating / Churned,0.7499,High Risk,1.0
12893,2011-11-09,2011-11-09,1,188.14,31,1,188.14,4,1,1,6,New / Promising,,Not Scored (Recent),
12894,2010-05-13,2010-05-13,1,157.35,576,1,157.35,1,1,1,3,Hibernating / Churned,0.8565,High Risk,1.0
12895,2011-09-14,2011-10-28,2,372.8,43,2,372.8,4,2,2,8,New / Promising,,Not Scored (Recent),
12897,2010-06-14,2011-05-19,4,514.25,205,4,514.25,2,3,2,7,At Risk (High Value),0.4505,Medium Risk,1.0
12898,2010-02-18,2010-09-02,2,310.96,464,2,310.96,1,2,2,5,Hibernating / Churned,0.8118,High Risk,1.0
12899,2010-10-22,2010-10-22,1,366.4,414,1,366.4,1,2,2,5,Hibernating / Churned,0.7632,High Risk,1.0
12900,2010-10-13,2010-10-13,1,340.33,423,1,340.33,1,1,2,4,Hibernating / Churned,0.7721,High Risk,1.0
12901,2011-03-14,2011-12-01,28,17654.54,9,28,17654.54,5,5,5,15,Champions,0.1517,Low Risk,0.0
12902,2011-03-20,2011-03-20,1,138.68,265,1,138.68,2,1,1,4,Hibernating / Churned,0.8026,High Risk,1.0
12903,2010-10-07,2010-10-07,1,833.53,429,1,833.53,1,2,3,6,Hibernating / Churned,0.6953,Medium Risk,1.0
12904,2011-06-20,2011-11-21,2,509.58,19,2,509.58,5,2,2,9,New / Promising,0.5704,Medium Risk,0.0
12905,2010-01-26,2010-05-12,2,1018.42,577,2,1018.42,1,3,3,7,Hibernating / Churned,0.7514,High Risk,1.0
12906,2011-09-22,2011-11-28,5,2919.81,12,5,2919.81,5,4,4,13,Champions,,Not Scored (Recent),
12907,2010-08-02,2010-11-09,2,508.90999999999997,396,2,508.90999999999997,2,2,2,6,Hibernating / Churned,0.645,Medium Risk,1.0
12908,2010-03-19,2011-06-16,5,1776.0,177,5,1776.0,3,4,4,11,Needs Attention,0.4476,Medium Risk,1.0
12909,2010-02-24,2011-10-31,8,3103.19,40,8,3103.19,4,4,5,13,Champions,0.294,Low Risk,0.0
12910,2010-03-28,2011-11-16,13,5796.5199999999995,24,13,5796.5199999999995,4,5,5,14,Champions,0.1536,Low Risk,0.0
12911,2010-06-06,2010-06-06,1,1680.47,552,1,1680.47,1,2,4,7,Hibernating / Churned,0.6953,Medium Risk,1.0
12912,2011-10-30,2011-12-07,5,1662.3,3,5,1662.3,5,4,4,13,Champions,,Not Scored (Recent),
12913,2009-12-01,2011-12-05,13,6700.86,5,13,6700.86,5,5,5,15,Champions,0.3352,Low Risk,0.0
12914,2010-11-04,2010-11-04,1,223.98,401,1,223.98,2,1,1,4,Hibernating / Churned,0.7524,High Risk,1.0
12915,2010-04-29,2011-07-14,4,1174.75,149,4,1174.75,3,3,3,9,Needs Attention,0.4836,Medium Risk,1.0
12916,2010-01-24,2011-07-24,7,4654.0199999999995,139,7,4654.0199999999995,3,4,5,12,Needs Attention,0.2191,Low Risk,1.0
12917,2009-12-09,2011-08-03,6,4359.2,129,6,4359.2,3,4,5,12,Needs Attention,0.3978,Low Risk,1.0
12918,2010-03-23,2010-03-23,1,10953.5,627,1,10953.5,1,2,5,8,Hibernating / Churned,0.8287,High Risk,1.0
12919,2011-06-23,2011-12-01,6,1335.19,9,6,1335.19,5,4,4,13,Champions,0.3359,Low Risk,0.0
12920,2009-12-14,2011-11-22,4,488.09,18,4,488.09,5,3,2,10,Loyal Users,0.8243,High Risk,0.0
12921,2009-12-01,2011-11-30,74,35921.04,10,74,35921.04,5,5,5,15,Champions,0.0185,Low Risk,0.0
12922,2011-07-01,2011-07-01,1,405.38,162,1,405.38,3,2,2,7,Needs Attention,0.5288,Medium Risk,1.0
12923,2010-05-13,2011-10-06,3,789.87,65,3,789.87,3,3,3,9,Needs Attention,0.6315,Medium Risk,0.0
12924,2009-12-09,2011-09-12,12,2469.4,89,12,2469.4,3,5,4,12,Needs Attention,0.2071,Low Risk,0.0
12925,2010-04-26,2011-12-05,3,729.33,5,3,729.33,5,3,3,11,Loyal Users,0.8505,High Risk,0.0
12926,2009-12-14,2010-10-24,4,1548.46,412,4,1548.46,1,4,4,9,Hibernating / Churned,0.519,Medium Risk,1.0
12927,2010-11-10,2010-11-10,1,197.31,395,1,197.31,2,1,1,4,Hibernating / Churned,0.7509,High Risk,1.0
12928,2010-06-08,2011-11-04,12,4304.89,36,12,4304.89,4,5,5,14,Champions,0.1393,Low Risk,0.0
12929,2011-02-01,2011-02-01,1,117.85,312,1,117.85,2,1,1,4,Hibernating / Churned,0.8255,High Risk,1.0
12930,2011-06-21,2011-09-22,2,415.8,79,2,415.8,3,2,2,7,Needs Attention,0.5711,Medium Risk,0.0
12931,2009-12-01,2011-11-18,57,92347.34,22,57,92347.34,4,5,5,14,Champions,0.0316,Low Risk,0.0
12932,2010-02-10,2010-06-18,8,1698.56,540,8,1698.56,1,4,4,9,Hibernating / Churned,0.68,Medium Risk,1.0
12933,2009-12-10,2011-11-15,8,1687.03,25,8,1687.03,4,4,4,12,Champions,0.3414,Low Risk,0.0
12934,2009-12-03,2009-12-03,1,181.65,737,1,181.65,1,1,1,3,Hibernating / Churned,0.8689,High Risk,1.0
12935,2010-04-11,2011-12-07,15,4243.86,3,15,4243.86,5,5,5,15,Champions,0.1342,Low Risk,0.0
12936,2011-09-22,2011-11-22,4,1063.9,18,4,1063.9,5,3,3,11,Loyal Users,,Not Scored (Recent),
12937,2009-12-03,2011-11-24,9,3097.61,16,9,3097.61,5,5,5,15,Champions,0.3101,Low Risk,0.0
12938,2011-11-14,2011-11-14,1,114.14,26,1,114.14,4,1,1,6,New / Promising,,Not Scored (Recent),
12939,2010-01-12,2011-10-06,20,25264.8,65,20,25264.8,3,5,5,13,Needs Attention,0.1291,Low Risk,0.0
12940,2011-09-13,2011-10-16,2,913.54,55,2,913.54,4,3,3,10,Loyal Users,,Not Scored (Recent),
12941,2009-12-15,2009-12-15,1,377.49,725,1,377.49,1,2,2,5,Hibernating / Churned,0.8629,High Risk,1.0
12942,2010-12-09,2011-07-31,3,942.65,132,3,942.65,3,3,3,9,Needs Attention,0.3637,Low Risk,1.0
12943,2010-04-13,2010-05-30,2,496.5,559,2,496.5,1,2,2,5,Hibernating / Churned,0.794,High Risk,1.0
12944,2010-12-20,2011-11-04,2,604.51,36,2,604.51,4,2,2,8,New / Promising,0.7398,High Risk,0.0
12945,2010-02-21,2011-02-24,2,900.11,289,2,900.11,2,3,3,8,At Risk (High Value),0.7294,High Risk,1.0
12946,2010-09-29,2010-09-29,1,324.45,437,1,324.45,1,1,2,4,Hibernating / Churned,0.7504,High Risk,1.0
12947,2010-12-01,2011-07-19,6,1908.03,144,6,1908.03,3,4,4,11,Needs Attention,0.2559,Low Risk,1.0
12948,2009-12-02,2011-11-23,9,2317.43,17,9,2317.43,5,5,4,14,Champions,0.4396,Medium Risk,0.0
12949,2009-12-03,2011-11-09,22,15526.7,31,22,15526.7,4,5,5,14,Champions,0.0706,Low Risk,0.0
12950,2011-11-15,2011-12-07,3,1843.0,3,3,1843.0,5,3,4,12,Loyal Users,,Not Scored (Recent),
12951,2010-01-10,2011-12-01,15,3213.72,9,15,3213.72,5,5,5,15,Champions,0.1114,Low Risk,0.0
12952,2011-09-22,2011-12-04,4,1387.79,6,4,1387.79,5,4,4,13,Champions,,Not Scored (Recent),
12953,2010-07-05,2011-11-30,2,828.81,10,2,828.81,5,2,3,10,New / Promising,0.71,High Risk,0.0
12954,2010-03-11,2010-03-11,1,162.45,639,1,162.45,1,1,1,3,Hibernating / Churned,0.8702,High Risk,1.0
12955,2011-03-17,2011-12-08,11,4757.16,2,11,4757.16,5,5,5,15,Champions,0.2145,Low Risk,0.0
12956,2009-12-15,2011-02-06,4,521.89,307,4,521.89,2,3,2,7,At Risk (High Value),0.6402,Medium Risk,1.0
12957,2009-12-11,2011-11-30,13,8706.97,10,13,8706.97,5,5,5,15,Champions,0.1539,Low Risk,0.0
12958,2010-05-05,2010-11-04,2,539.49,401,2,539.49,2,2,2,6,Hibernating / Churned,0.6316,Medium Risk,1.0
12959,2010-08-12,2010-08-12,1,150.95,485,1,150.95,1,1,1,3,Hibernating / Churned,0.8455,High Risk,1.0
12960,2010-02-16,2010-10-22,4,1322.07,414,4,1322.07,1,4,4,9,Hibernating / Churned,0.6019,Medium Risk,1.0
12961,2010-11-25,2010-11-25,1,211.99,380,1,211.99,2,1,1,4,Hibernating / Churned,0.7489,High Risk,1.0
12962,2011-08-18,2011-12-02,2,266.39,8,2,266.39,5,2,1,8,New / Promising,0.5896,Medium Risk,0.0
12963,2010-07-08,2011-12-01,12,3601.59,9,12,3601.59,5,5,5,15,Champions,0.4467,Medium Risk,0.0
12964,2010-09-28,2010-09-28,1,132.24,438,1,132.24,1,1,1,3,Hibernating / Churned,0.8036,High Risk,1.0
12965,2011-09-11,2011-09-11,1,771.91,90,1,771.91,3,2,3,8,Needs Attention,,Not Scored (Recent),
12966,2011-11-30,2011-11-30,1,160.18,10,1,160.18,5,1,1,7,New / Promising,,Not Scored (Recent),
12967,2010-11-21,2010-12-16,3,4306.92,359,3,4306.92,2,3,5,10,At Risk (High Value),0.6005,Medium Risk,1.0
12968,2011-08-19,2011-08-19,1,135.95,113,1,135.95,3,1,1,5,Needs Attention,0.6617,Medium Risk,1.0
12969,2010-04-16,2010-04-16,1,122.45,603,1,122.45,1,1,1,3,Hibernating / Churned,0.86,High Risk,1.0
12970,2009-12-04,2011-12-02,10,1524.97,8,10,1524.97,5,5,4,14,Champions,0.423,Medium Risk,0.0
12971,2009-12-15,2011-12-06,116,15972.79,4,116,15972.79,5,5,5,15,Champions,0.0213,Low Risk,0.0
12972,2010-02-16,2010-10-22,4,1161.2,414,4,1161.2,1,3,3,7,Hibernating / Churned,0.6333,Medium Risk,1.0
12973,2010-10-22,2010-10-22,1,385.55,414,1,385.55,1,2,2,5,Hibernating / Churned,0.7838,High Risk,1.0
12974,2010-05-23,2011-05-26,2,408.95,198,2,408.95,2,2,2,6,Hibernating / Churned,0.7092,High Risk,1.0
12975,2009-12-06,2010-09-29,6,2100.09,437,6,2100.09,1,4,4,9,Hibernating / Churned,0.5032,Medium Risk,1.0
12976,2010-02-12,2011-05-12,8,3156.38,212,8,3156.38,2,4,5,11,At Risk (High Value),0.2603,Low Risk,1.0
12977,2010-07-16,2011-07-06,4,517.63,157,4,517.63,3,3,2,8,Needs Attention,0.5133,Medium Risk,1.0
12978,2009-12-10,2010-11-19,5,2502.82,386,5,2502.82,2,4,4,10,At Risk (High Value),0.4306,Medium Risk,1.0
12979,2009-12-10,2009-12-10,1,517.7,730,1,517.7,1,2,2,5,Hibernating / Churned,0.7564,High Risk,1.0
12980,2009-12-02,2011-07-05,21,16245.78,158,21,16245.78,3,5,5,13,Needs Attention,0.0763,Low Risk,1.0
12981,2011-07-29,2011-11-10,2,372.21999999999997,30,2,372.21999999999997,4,2,2,8,New / Promising,0.601,Medium Risk,0.0
12982,2010-04-12,2011-04-11,8,2744.81,243,8,2744.81,2,4,4,10,At Risk (High Value),0.3001,Low Risk,1.0
12983,2010-04-20,2010-04-20,1,490.08,599,1,490.08,1,2,2,5,Hibernating / Churned,0.7488,High Risk,1.0
12984,2011-11-21,2011-11-21,1,97.5,19,1,97.5,5,1,1,7,New / Promising,,Not Scored (Recent),
12985,2011-11-11,2011-12-09,2,1239.38,1,2,1239.38,5,3,3,11,Loyal Users,,Not Scored (Recent),
12986,2010-01-21,2010-10-07,10,2729.84,429,10,2729.84,1,5,4,10,Hibernating / Churned,0.5543,Medium Risk,1.0
12987,2010-01-20,2011-09-27,5,1312.21,74,5,1312.21,3,4,4,11,Needs Attention,0.4894,Medium Risk,0.0
12988,2011-02-20,2011-02-20,1,535.32,293,1,535.32,2,2,2,6,Hibernating / Churned,0.6457,Medium Risk,1.0
12989,2009-12-10,2011-12-06,33,13551.75,4,33,13551.75,5,5,5,15,Champions,0.0721,Low Risk,0.0
12990,2010-03-30,2011-11-08,7,955.5,32,7,955.5,4,4,3,11,Loyal Users,0.4037,Medium Risk,0.0
12991,2010-11-15,2011-11-16,3,764.82,24,3,764.82,4,3,3,10,Loyal Users,0.4214,Medium Risk,0.0
12992,2009-12-14,2009-12-14,1,93.35,726,1,93.35,1,1,1,3,Hibernating / Churned,0.8844,High Risk,1.0
12993,2010-02-18,2011-11-16,8,1259.6299999999999,24,8,1259.6299999999999,4,4,4,12,Champions,0.3117,Low Risk,0.0
12994,2011-03-16,2011-12-05,3,974.42,5,3,974.42,5,3,3,11,Loyal Users,0.4067,Medium Risk,0.0
12995,2011-09-15,2011-09-15,1,211.32,86,1,211.32,3,1,1,5,Needs Attention,,Not Scored (Recent),
12996,2010-11-29,2010-11-29,1,355.5,376,1,355.5,2,1,2,5,Hibernating / Churned,0.7617,High Risk,1.0
12997,2010-04-06,2011-11-17,8,2110.91,23,8,2110.91,4,4,4,12,Champions,0.3824,Low Risk,0.0
12998,2010-02-24,2010-08-04,3,920.08,493,3,920.08,1,3,3,7,Hibernating / Churned,0.736,High Risk,1.0
12999,2011-04-08,2011-05-27,3,455.88,197,3,455.88,2,3,2,7,At Risk (High Value),0.3724,Low Risk,1.0
13000,2009-12-14,2011-08-25,4,1032.5,107,4,1032.5,3,3,3,9,Needs Attention,0.6274,Medium Risk,1.0
13001,2009-12-03,2011-12-05,33,24172.1,5,33,24172.1,5,5,5,15,Champions,0.0517,Low Risk,0.0
13002,2010-10-01,2011-01-25,3,414.13,319,3,414.13,2,3,2,7,At Risk (High Value),0.6688,Medium Risk,1.0
13003,2011-05-09,2011-08-26,3,149.05,106,3,149.05,3,3,1,7,Needs Attention,0.431,Medium Risk,1.0
13004,2009-12-15,2011-11-28,36,11650.85,12,36,11650.85,5,5,5,15,Champions,0.0324,Low Risk,0.0
13005,2010-09-08,2011-06-19,4,999.68,174,4,999.68,3,3,3,9,Needs Attention,0.3946,Low Risk,1.0
13006,2011-10-14,2011-10-14,1,81.57,57,1,81.57,4,1,1,6,New / Promising,,Not Scored (Recent),
13007,2010-05-09,2010-05-09,1,175.25,580,1,175.25,1,1,1,3,Hibernating / Churned,0.8553,High Risk,1.0
13008,2009-12-16,2011-01-20,3,612.13,324,3,612.13,2,3,2,7,At Risk (High Value),0.6456,Medium Risk,1.0
13009,2010-02-05,2010-02-05,1,234.0,673,1,234.0,1,1,1,3,Hibernating / Churned,0.8616,High Risk,1.0
13010,2010-03-01,2010-11-30,2,330.12,375,2,330.12,2,2,2,6,Hibernating / Churned,0.7188,High Risk,1.0
13011,2010-12-02,2010-12-02,1,101.1,373,1,101.1,2,1,1,4,Hibernating / Churned,0.8182,High Risk,1.0
13012,2010-04-26,2011-11-30,11,2972.83,10,11,2972.83,5,5,4,14,Champions,0.2302,Low Risk,0.0
13013,2009-12-14,2011-12-08,29,12625.77,2,29,12625.77,5,5,5,15,Champions,0.0619,Low Risk,0.0
13014,2010-10-03,2011-11-29,11,5381.08,11,11,5381.08,5,5,5,15,Champions,0.1976,Low Risk,0.0
13015,2010-04-15,2011-10-17,11,6586.42,54,11,6586.42,4,5,5,14,Champions,0.1886,Low Risk,0.0
13016,2011-08-08,2011-09-27,3,789.89,74,3,789.89,3,3,3,9,Needs Attention,0.4411,Medium Risk,0.0
13017,2011-12-02,2011-12-02,1,204.0,8,1,204.0,5,1,1,7,New / Promising,,Not Scored (Recent),
13018,2010-03-01,2011-11-23,35,9763.16,17,35,9763.16,5,5,5,15,Champions,0.0843,Low Risk,0.0
13019,2009-12-06,2010-11-25,6,1229.95,380,6,1229.95,2,4,3,9,At Risk (High Value),0.5322,Medium Risk,1.0
13020,2010-02-18,2010-05-26,2,618.96,563,2,618.96,1,2,3,6,Hibernating / Churned,0.7315,High Risk,1.0
13021,2009-12-05,2011-12-05,17,4887.24,5,17,4887.24,5,5,5,15,Champions,0.1109,Low Risk,0.0
13022,2010-10-06,2010-10-06,1,65.3,430,1,65.3,1,1,1,3,Hibernating / Churned,0.851,High Risk,1.0
13023,2010-06-29,2011-10-06,3,1449.03,65,3,1449.03,3,3,4,10,Needs Attention,0.6509,Medium Risk,0.0
13024,2010-05-06,2010-08-26,2,555.87,471,2,555.87,1,2,2,5,Hibernating / Churned,0.7664,High Risk,1.0
13025,2009-12-08,2009-12-08,1,323.39,732,1,323.39,1,1,2,4,Hibernating / Churned,0.8608,High Risk,1.0
13026,2009-12-13,2011-12-08,9,1733.08,2,9,1733.08,5,5,4,14,Champions,0.3381,Low Risk,0.0
13027,2010-01-20,2011-08-18,19,17335.2,114,19,17335.2,3,5,5,13,Needs Attention,0.0743,Low Risk,1.0
13028,2011-10-25,2011-11-17,2,661.3199999999999,23,2,661.3199999999999,4,2,3,9,New / Promising,,Not Scored (Recent),
13029,2010-07-04,2011-11-09,5,1927.3,31,5,1927.3,4,4,4,12,Champions,0.4576,Medium Risk,0.0
13030,2010-12-06,2011-11-28,2,1227.22,12,2,1227.22,5,3,3,11,Loyal Users,0.645,Medium Risk,0.0
13031,2010-06-03,2010-10-28,5,3419.27,408,5,3419.27,2,4,5,11,At Risk (High Value),0.546,Medium Risk,1.0
13032,2010-09-05,2011-10-18,9,2843.55,53,9,2843.55,4,5,4,13,Champions,0.5424,Medium Risk,0.0
13033,2010-10-06,2010-12-17,2,220.55,358,2,220.55,2,2,1,5,Hibernating / Churned,0.6527,Medium Risk,1.0
13034,2010-11-03,2011-10-16,3,922.68,55,3,922.68,4,3,3,10,Loyal Users,0.6498,Medium Risk,0.0
13035,2010-10-04,2011-09-27,3,1364.2,74,3,1364.2,3,3,4,10,Needs Attention,0.5741,Medium Risk,0.0
13036,2010-01-24,2010-01-24,1,307.1,685,1,307.1,1,1,2,4,Hibernating / Churned,0.8679,High Risk,1.0
13037,2009-12-03,2011-07-24,12,3914.95,139,12,3914.95,3,5,5,13,Needs Attention,0.1269,Low Risk,1.0
13038,2011-02-22,2011-09-20,3,908.46,81,3,908.46,3,3,3,9,Needs Attention,0.4059,Medium Risk,0.0
13039,2009-12-17,2010-05-04,4,1010.73,585,4,1010.73,1,3,3,7,Hibernating / Churned,0.747,High Risk,1.0
13040,2011-11-06,2011-12-01,2,676.99,9,2,676.99,5,2,3,10,New / Promising,,Not Scored (Recent),
13041,2010-04-29,2010-09-15,4,799.13,451,4,799.13,1,3,3,7,Hibernating / Churned,0.6728,Medium Risk,1.0
13042,2009-12-07,2010-04-20,3,1556.54,599,3,1556.54,1,3,4,8,Hibernating / Churned,0.6917,Medium Risk,1.0
13043,2011-03-11,2011-03-11,1,516.42,274,1,516.42,2,2,2,6,Hibernating / Churned,0.7236,High Risk,1.0
13044,2010-01-08,2011-02-21,11,4853.9,292,11,4853.9,2,5,5,12,At Risk (High Value),0.3499,Low Risk,1.0
13045,2010-08-10,2011-09-01,3,808.92,100,3,808.92,3,3,3,9,Needs Attention,0.483,Medium Risk,1.0
13046,2010-09-09,2011-11-09,3,949.25,31,3,949.25,4,3,3,10,Loyal Users,0.5969,Medium Risk,0.0
13047,2009-12-16,2011-11-08,24,8795.16,32,24,8795.16,4,5,5,14,Champions,0.0457,Low Risk,0.0
13048,2010-01-27,2011-11-25,9,4084.21,15,9,4084.21,5,5,5,15,Champions,0.151,Low Risk,0.0
13049,2010-11-03,2011-10-06,4,1408.24,65,4,1408.24,3,4,4,11,Needs Attention,0.5976,Medium Risk,0.0
13050,2009-12-15,2011-11-25,35,12344.53,15,35,12344.53,5,5,5,15,Champions,0.0267,Low Risk,0.0
13051,2010-03-30,2010-05-10,2,155.8,579,2,155.8,1,2,1,4,Hibernating / Churned,0.8389,High Risk,1.0
13052,2010-02-23,2011-05-11,7,3168.53,213,7,3168.53,2,4,5,11,At Risk (High Value),0.3019,Low Risk,1.0
13053,2010-03-28,2010-03-28,1,127.65,622,1,127.65,1,1,1,3,Hibernating / Churned,0.861,High Risk,1.0
13055,2010-10-06,2011-09-22,4,2321.11,79,4,2321.11,3,4,4,11,Needs Attention,0.4929,Medium Risk,0.0
13056,2010-06-06,2010-06-06,1,209.48,552,1,209.48,1,1,1,3,Hibernating / Churned,0.8414,High Risk,1.0
13057,2010-03-18,2010-06-27,3,722.09,531,3,722.09,1,3,3,7,Hibernating / Churned,0.7306,High Risk,1.0
13058,2011-07-11,2011-11-15,3,271.40000000000003,25,3,271.40000000000003,4,3,1,8,Loyal Users,0.635,Medium Risk,0.0
13059,2010-03-31,2011-04-04,10,2303.17,250,10,2303.17,2,5,4,11,At Risk (High Value),0.3247,Low Risk,1.0
13060,2011-03-31,2011-03-31,1,307.53000000000003,254,1,307.53000000000003,2,1,2,5,Hibernating / Churned,0.752,High Risk,1.0
13061,2011-09-28,2011-09-28,1,248.60999999999999,73,1,248.60999999999999,3,1,1,5,Needs Attention,,Not Scored (Recent),
13062,2011-06-01,2011-06-01,1,346.98,192,1,346.98,2,1,2,5,Hibernating / Churned,0.679,Medium Risk,1.0
13063,2010-08-16,2010-08-16,1,188.4,481,1,188.4,1,1,1,3,Hibernating / Churned,0.8513,High Risk,1.0
13064,2010-04-27,2011-11-27,6,1680.74,13,6,1680.74,5,4,4,13,Champions,0.4641,Medium Risk,0.0
13065,2010-06-10,2010-12-01,5,1260.91,374,5,1260.91,2,4,4,10,At Risk (High Value),0.6044,Medium Risk,1.0
13066,2011-11-07,2011-11-15,2,470.8,25,2,470.8,4,2,2,8,New / Promising,,Not Scored (Recent),
13067,2010-09-19,2011-09-18,3,508.51,83,3,508.51,3,3,2,8,Needs Attention,0.7094,High Risk,0.0
13068,2011-01-24,2011-11-29,2,344.0,11,2,344.0,5,2,2,9,New / Promising,0.8099,High Risk,0.0
13069,2010-06-14,2011-12-09,38,9683.13,1,38,9683.13,5,5,5,15,Champions,0.0562,Low Risk,0.0
13070,2009-12-07,2011-05-31,4,751.7,193,4,751.7,2,3,3,8,At Risk (High Value),0.5102,Medium Risk,1.0
13071,2010-04-06,2010-04-06,1,129.22,613,1,129.22,1,1,1,3,Hibernating / Churned,0.8614,High Risk,1.0
13072,2011-03-18,2011-03-18,1,177.15,267,1,177.15,2,1,1,4,Hibernating / Churned,0.8025,High Risk,1.0
13073,2010-09-28,2010-10-24,2,418.08,412,2,418.08,1,2,2,5,Hibernating / Churned,0.719,High Risk,1.0
13074,2009-12-16,2010-07-16,4,1378.74,512,4,1378.74,1,4,4,9,Hibernating / Churned,0.686,Medium Risk,1.0
13075,2011-08-02,2011-08-02,1,919.61,130,1,919.61,3,2,3,8,Needs Attention,0.5839,Medium Risk,1.0
13076,2010-09-08,2010-09-08,1,135.4,458,1,135.4,1,1,1,3,Hibernating / Churned,0.839,High Risk,1.0
13077,2009-12-11,2011-12-08,11,3064.67,2,11,3064.67,5,5,5,15,Champions,0.2538,Low Risk,0.0
13078,2009-12-01,2011-12-06,57,29532.45,4,57,29532.45,5,5,5,15,Champions,0.0202,Low Risk,0.0
13079,2010-10-18,2011-12-05,6,419.18,5,6,419.18,5,4,2,11,Loyal Users,0.5019,Medium Risk,0.0
13080,2010-04-09,2011-06-13,4,280.73,180,4,280.73,3,3,1,7,Needs Attention,0.5268,Medium Risk,1.0
13081,2009-12-08,2011-11-28,28,59205.15,12,28,59205.15,5,5,5,15,Champions,0.0444,Low Risk,0.0
13082,2009-12-22,2011-08-05,21,7335.75,127,21,7335.75,3,5,5,13,Needs Attention,0.0762,Low Risk,1.0
13083,2010-10-10,2011-12-05,3,395.43,5,3,395.43,5,3,2,10,Loyal Users,0.8343,High Risk,0.0
13084,2010-08-05,2010-08-05,1,122.39999999999999,492,1,122.39999999999999,1,1,1,3,Hibernating / Churned,0.8546,High Risk,1.0
13085,2009-12-01,2011-07-05,8,2433.28,158,8,2433.28,3,4,4,11,Needs Attention,0.3012,Low Risk,1.0
13086,2010-11-22,2010-11-22,1,439.33,383,1,439.33,2,2,2,6,Hibernating / Churned,0.7405,High Risk,1.0
13087,2009-12-13,2009-12-13,1,313.64,727,1,313.64,1,1,2,4,Hibernating / Churned,0.8568,High Risk,1.0
13088,2010-10-18,2010-10-18,1,236.11,418,1,236.11,1,1,1,3,Hibernating / Churned,0.759,High Risk,1.0
13089,2009-12-02,2011-12-07,203,116737.86,3,203,116737.86,5,5,5,15,Champions,0.0252,Low Risk,0.0
13090,2010-08-02,2011-12-01,24,14103.09,9,24,14103.09,5,5,5,15,Champions,0.0829,Low Risk,0.0
13091,2009-12-10,2011-11-11,3,2321.82,29,3,2321.82,4,3,4,11,Loyal Users,0.7975,High Risk,0.0
13092,2010-02-10,2011-09-30,12,2140.28,71,12,2140.28,3,5,4,12,Needs Attention,0.2564,Low Risk,0.0
13093,2009-12-04,2011-03-09,55,54943.65,276,55,54943.65,2,5,5,12,At Risk (High Value),0.4022,Medium Risk,1.0
13094,2010-11-15,2011-11-18,13,2433.12,22,13,2433.12,4,5,4,13,Champions,0.2313,Low Risk,0.0
13095,2011-09-30,2011-09-30,1,74.39999999999999,71,1,74.39999999999999,3,1,1,5,Needs Attention,,Not Scored (Recent),
13096,2010-11-10,2010-11-10,1,419.7,395,1,419.7,2,2,2,6,Hibernating / Churned,0.7704,High Risk,1.0
13097,2009-12-01,2011-11-07,28,13389.22,33,28,13389.22,4,5,5,14,Champions,0.0397,Low Risk,0.0
13098,2011-01-26,2011-12-08,28,28882.44,2,28,28882.44,5,5,5,15,Champions,0.0975,Low Risk,0.0
13099,2011-09-01,2011-09-01,1,207.36,100,1,207.36,3,1,1,5,Needs Attention,0.6489,Medium Risk,1.0
13101,2010-01-27,2011-04-19,4,695.4,235,4,695.4,2,3,3,8,At Risk (High Value),0.5586,Medium Risk,1.0
13102,2010-05-06,2011-12-08,37,11696.92,2,37,11696.92,5,5,5,15,Champions,0.0663,Low Risk,0.0
13103,2010-05-11,2011-10-31,3,709.64,40,3,709.64,4,3,3,10,Loyal Users,0.6672,Medium Risk,0.0
13104,2010-02-24,2011-12-06,9,1709.1,4,9,1709.1,5,5,4,14,Champions,0.4377,Medium Risk,0.0
13105,2010-09-29,2010-09-29,1,72.0,437,1,72.0,1,1,1,3,Hibernating / Churned,0.8559,High Risk,1.0
13106,2010-10-22,2011-07-29,2,603.46,134,2,603.46,3,2,2,7,Needs Attention,0.4805,Medium Risk,1.0
13107,2010-02-04,2011-10-26,9,5253.07,45,9,5253.07,4,5,5,14,Champions,0.2103,Low Risk,0.0
13108,2010-09-30,2010-12-02,2,1098.52,373,2,1098.52,2,3,3,8,At Risk (High Value),0.6114,Medium Risk,1.0
13109,2010-06-06,2011-10-11,3,1134.03,60,3,1134.03,3,3,3,9,Needs Attention,0.6789,Medium Risk,0.0
13110,2009-12-01,2011-11-08,12,2957.47,32,12,2957.47,4,5,4,13,Champions,0.1151,Low Risk,0.0
13111,2009-12-21,2009-12-21,1,321.88,719,1,321.88,1,1,2,4,Hibernating / Churned,0.8652,High Risk,1.0
13112,2010-06-16,2010-06-16,1,20.599999999999998,542,1,20.599999999999998,1,1,1,3,Hibernating / Churned,0.8663,High Risk,1.0
13113,2010-03-28,2011-12-09,37,18625.73,1,37,18625.73,5,5,5,15,Champions,0.0548,Low Risk,0.0
13114,2009-12-09,2009-12-09,1,234.38,731,1,234.38,1,1,1,3,Hibernating / Churned,0.8563,High Risk,1.0
13115,2010-04-19,2011-11-28,10,5494.7,12,10,5494.7,5,5,5,15,Champions,0.1916,Low Risk,0.0
13116,2011-07-24,2011-07-24,1,501.14,139,1,501.14,3,2,2,7,Needs Attention,0.4568,Medium Risk,1.0
13117,2010-03-26,2011-11-18,18,2643.81,22,18,2643.81,4,5,4,13,Champions,0.0903,Low Risk,0.0
13118,2010-09-26,2011-11-20,9,2415.41,20,9,2415.41,5,5,4,14,Champions,0.2621,Low Risk,0.0
13119,2010-02-09,2010-02-09,1,134.9,669,1,134.9,1,1,1,3,Hibernating / Churned,0.8712,High Risk,1.0
13120,2011-04-15,2011-04-15,1,30.6,239,1,30.6,2,1,1,4,Hibernating / Churned,0.8252,High Risk,1.0
13121,2011-03-15,2011-03-15,1,283.73,270,1,283.73,2,1,1,4,Hibernating / Churned,0.7366,High Risk,1.0
13122,2011-04-13,2011-09-06,2,922.39,95,2,922.39,3,3,3,9,Needs Attention,0.4342,Medium Risk,1.0
13123,2010-06-28,2010-08-24,2,506.75,473,2,506.75,1,2,2,5,Hibernating / Churned,0.7691,High Risk,1.0
13124,2010-11-19,2011-09-11,4,4782.45,90,4,4782.45,3,4,5,12,Needs Attention,0.4616,Medium Risk,0.0
13125,2010-07-04,2010-07-04,1,158.57,524,1,158.57,1,1,1,3,Hibernating / Churned,0.8563,High Risk,1.0
13126,2010-03-02,2011-12-05,13,3998.25,5,13,3998.25,5,5,5,15,Champions,0.2571,Low Risk,0.0
13127,2011-09-23,2011-09-23,1,259.17,78,1,259.17,3,1,1,5,Needs Attention,,Not Scored (Recent),
13128,2010-03-18,2010-03-18,1,263.5,632,1,263.5,1,1,1,3,Hibernating / Churned,0.8635,High Risk,1.0
13129,2010-06-28,2010-09-13,2,233.25,453,2,233.25,1,2,1,4,Hibernating / Churned,0.7198,High Risk,1.0
13130,2011-09-06,2011-09-06,1,64.0,95,1,64.0,3,1,1,5,Needs Attention,0.6737,Medium Risk,1.0
13131,2010-02-09,2011-11-16,7,3313.77,24,7,3313.77,4,4,5,13,Champions,0.3303,Low Risk,0.0
13132,2011-03-23,2011-03-23,1,77.3,262,1,77.3,2,1,1,4,Hibernating / Churned,0.8411,High Risk,1.0
13133,2010-09-06,2011-03-11,3,200.45,274,3,200.45,2,3,1,6,At Risk (High Value),0.6441,Medium Risk,1.0
13134,2010-10-19,2011-09-15,6,2475.23,86,6,2475.23,3,4,4,11,Needs Attention,0.3019,Low Risk,0.0
13135,2010-08-05,2011-05-27,2,3371.45,197,2,3371.45,2,3,5,10,At Risk (High Value),0.5272,Medium Risk,1.0
13136,2009-12-08,2011-10-14,13,6274.56,57,13,6274.56,4,5,5,14,Champions,0.1308,Low Risk,0.0
13137,2010-07-25,2011-11-29,16,7712.7,11,16,7712.7,5,5,5,15,Champions,0.1136,Low Risk,0.0
13138,2010-11-08,2011-11-17,7,1467.24,23,7,1467.24,4,4,4,12,Champions,0.3333,Low Risk,0.0
13139,2010-09-28,2011-11-23,8,8202.98,17,8,8202.98,5,5,5,15,Champions,0.324,Low Risk,0.0
13140,2010-08-05,2011-08-23,5,1215.68,109,5,1215.68,3,4,3,10,Needs Attention,0.3913,Low Risk,1.0
13141,2009-12-09,2011-09-16,17,7668.58,85,17,7668.58,3,5,5,13,Needs Attention,0.2074,Low Risk,0.0
13142,2011-11-20,2011-11-20,1,307.09000000000003,20,1,307.09000000000003,4,1,2,7,New / Promising,,Not Scored (Recent),
13143,2010-05-04,2010-05-04,1,405.1,585,1,405.1,1,2,2,5,Hibernating / Churned,0.793,High Risk,1.0
13144,2010-10-04,2011-01-11,2,135.35,333,2,135.35,2,2,1,5,Hibernating / Churned,0.6928,Medium Risk,1.0
13145,2010-04-19,2011-10-31,7,1423.52,40,7,1423.52,4,4,4,12,Champions,0.4511,Medium Risk,0.0
13146,2011-11-13,2011-11-13,1,228.91,27,1,228.91,4,1,1,6,New / Promising,,Not Scored (Recent),
13147,2011-09-01,2011-11-29,4,712.8,11,4,712.8,5,3,3,11,Loyal Users,0.6816,Medium Risk,0.0
13148,2009-12-07,2011-11-10,26,8621.81,30,26,8621.81,4,5,5,14,Champions,0.0474,Low Risk,0.0
13149,2011-02-23,2011-11-25,4,1676.06,15,4,1676.06,5,4,4,13,Champions,0.3561,Low Risk,0.0
13150,2010-03-19,2010-08-12,3,449.97,485,3,449.97,1,3,2,6,Hibernating / Churned,0.8023,High Risk,1.0
13151,2010-03-22,2011-02-17,3,2580.74,296,3,2580.74,2,3,4,9,At Risk (High Value),0.5379,Medium Risk,1.0
13152,2010-01-14,2010-10-18,7,2146.38,418,7,2146.38,1,4,4,9,Hibernating / Churned,0.5825,Medium Risk,1.0
13153,2011-12-04,2011-12-04,1,486.22,6,1,486.22,5,2,2,9,New / Promising,,Not Scored (Recent),
13154,2009-12-04,2010-11-05,3,1624.84,400,3,1624.84,2,3,4,9,At Risk (High Value),0.5972,Medium Risk,1.0
13155,2010-08-05,2011-11-06,6,1750.18,34,6,1750.18,4,4,4,12,Champions,0.5123,Medium Risk,0.0
13156,2010-02-01,2010-11-19,3,1586.54,386,3,1586.54,2,3,4,9,At Risk (High Value),0.607,Medium Risk,1.0
13157,2010-03-08,2011-10-21,9,5687.36,50,9,5687.36,4,5,5,14,Champions,0.1473,Low Risk,0.0
13158,2010-11-16,2011-09-06,5,1508.18,95,5,1508.18,3,4,4,11,Needs Attention,0.3126,Low Risk,1.0
13159,2011-08-16,2011-12-01,4,1437.85,9,4,1437.85,5,4,4,13,Champions,0.3212,Low Risk,0.0
13160,2011-11-17,2011-11-17,1,91.8,23,1,91.8,4,1,1,6,New / Promising,,Not Scored (Recent),
13161,2010-07-27,2011-01-30,2,478.88,314,2,478.88,2,2,2,6,Hibernating / Churned,0.6531,Medium Risk,1.0
13162,2009-12-04,2011-08-09,16,9275.49,123,16,9275.49,3,5,5,13,Needs Attention,0.0961,Low Risk,1.0
13163,2010-04-08,2010-04-08,1,17.65,611,1,17.65,1,1,1,3,Hibernating / Churned,0.8675,High Risk,1.0
13164,2010-02-10,2010-05-19,2,372.2,570,2,372.2,1,2,2,5,Hibernating / Churned,0.8168,High Risk,1.0
13165,2010-10-22,2011-10-24,3,1451.16,47,3,1451.16,4,3,4,11,Loyal Users,0.5898,Medium Risk,0.0
13166,2010-10-21,2011-03-01,2,884.18,284,2,884.18,2,3,3,8,At Risk (High Value),0.5753,Medium Risk,1.0
13167,2010-11-14,2011-11-21,5,1125.15,19,5,1125.15,5,4,3,12,Loyal Users,0.3998,Low Risk,0.0
13168,2010-06-15,2011-11-03,5,1875.31,37,5,1875.31,4,4,4,12,Champions,0.3785,Low Risk,0.0
13169,2010-05-26,2011-10-07,3,840.08,64,3,840.08,3,3,3,9,Needs Attention,0.6362,Medium Risk,0.0
13170,2011-11-13,2011-11-13,1,116.01,27,1,116.01,4,1,1,6,New / Promising,,Not Scored (Recent),
13171,2011-02-13,2011-11-18,3,468.41,22,3,468.41,4,3,2,9,Loyal Users,0.785,High Risk,0.0
13172,2010-11-04,2010-11-04,1,69.6,401,1,69.6,2,1,1,4,Hibernating / Churned,0.8556,High Risk,1.0
13173,2009-12-10,2011-12-05,11,2639.35,5,11,2639.35,5,5,4,14,Champions,0.3147,Low Risk,0.0
13174,2009-12-04,2011-11-23,12,9494.84,17,12,9494.84,5,5,5,15,Champions,0.3218,Low Risk,0.0
13175,2009-12-04,2010-05-06,2,831.45,583,2,831.45,1,2,3,6,Hibernating / Churned,0.7583,High Risk,1.0
13176,2011-10-24,2011-10-24,1,492.84,47,1,492.84,4,2,2,8,New / Promising,,Not Scored (Recent),
13177,2010-10-05,2011-10-06,2,512.2,65,2,512.2,3,2,2,7,Needs Attention,0.7348,High Risk,0.0
13178,2009-12-16,2011-11-13,21,14059.19,27,21,14059.19,4,5,5,14,Champions,0.0488,Low Risk,0.0
13179,2010-03-31,2010-03-31,1,572.31,619,1,572.31,1,2,2,5,Hibernating / Churned,0.6989,Medium Risk,1.0
13180,2010-04-11,2010-04-11,1,86.1,608,1,86.1,1,1,1,3,Hibernating / Churned,0.8621,High Risk,1.0
13181,2010-11-23,2010-11-23,1,359.69,382,1,359.69,2,2,2,6,Hibernating / Churned,0.7553,High Risk,1.0
13182,2011-10-25,2011-10-25,1,121.18,46,1,121.18,4,1,1,6,New / Promising,,Not Scored (Recent),
13183,2010-03-14,2011-12-02,15,7036.18,8,15,7036.18,5,5,5,15,Champions,0.132,Low Risk,0.0
13184,2011-02-22,2011-11-25,10,1701.29,15,10,1701.29,5,5,4,14,Champions,0.158,Low Risk,0.0
13185,2011-03-17,2011-03-17,1,71.4,268,1,71.4,2,1,1,4,Hibernating / Churned,0.8482,High Risk,1.0
13186,2011-08-03,2011-10-31,3,1575.89,40,3,1575.89,4,3,4,11,Loyal Users,0.2926,Low Risk,0.0
13187,2010-03-25,2011-01-06,4,367.01,338,4,367.01,2,3,2,7,At Risk (High Value),0.6013,Medium Risk,1.0
13188,2011-11-28,2011-11-28,1,114.6,12,1,114.6,5,1,1,7,New / Promising,,Not Scored (Recent),
13189,2011-08-16,2011-11-21,2,260.68,19,2,260.68,5,2,1,8,New / Promising,0.5951,Medium Risk,0.0
13190,2009-12-07,2010-06-13,3,570.66,545,3,570.66,1,3,2,6,Hibernating / Churned,0.7172,High Risk,1.0
13191,2010-02-19,2010-02-19,1,164.69,659,1,164.69,1,1,1,3,Hibernating / Churned,0.8394,High Risk,1.0
13192,2010-01-22,2011-09-05,6,2558.58,96,6,2558.58,3,4,4,11,Needs Attention,0.4033,Medium Risk,1.0
13193,2011-10-09,2011-10-09,1,117.88,62,1,117.88,3,1,1,5,Needs Attention,,Not Scored (Recent),
13194,2010-10-14,2011-07-27,2,472.78,136,2,472.78,3,2,2,7,Needs Attention,0.5203,Medium Risk,1.0
13195,2010-10-21,2010-10-21,1,172.38,415,1,172.38,1,1,1,3,Hibernating / Churned,0.7947,High Risk,1.0
13196,2010-04-01,2011-11-28,7,3068.84,12,7,3068.84,5,4,5,14,Champions,0.4451,Medium Risk,0.0
13197,2010-04-09,2010-04-09,1,373.01,610,1,373.01,1,2,2,5,Hibernating / Churned,0.8315,High Risk,1.0
13198,2010-10-01,2011-11-29,8,4974.23,11,8,4974.23,5,5,5,15,Champions,0.1377,Low Risk,0.0
13199,2009-12-05,2011-12-06,67,16432.89,4,67,16432.89,5,5,5,15,Champions,0.0252,Low Risk,0.0
13200,2011-08-05,2011-11-20,4,870.09,20,4,870.09,4,3,3,10,Loyal Users,0.5786,Medium Risk,0.0
13201,2010-03-07,2010-07-25,4,1240.61,503,4,1240.61,1,3,3,7,Hibernating / Churned,0.7219,High Risk,1.0
13202,2009-12-09,2010-11-10,7,1580.3,395,7,1580.3,2,4,4,10,At Risk (High Value),0.488,Medium Risk,1.0
13203,2009-12-17,2011-11-30,10,2648.25,10,10,2648.25,5,5,4,14,Champions,0.2438,Low Risk,0.0
13204,2009-12-08,2009-12-08,1,966.66,732,1,966.66,1,2,3,6,Hibernating / Churned,0.7493,High Risk,1.0
13205,2010-09-22,2010-09-22,1,2803.2,444,1,2803.2,1,2,4,7,Hibernating / Churned,0.7581,High Risk,1.0
13206,2009-12-07,2010-11-04,13,8377.32,401,13,8377.32,2,5,5,12,At Risk (High Value),0.478,Medium Risk,1.0
13207,2010-04-06,2011-11-24,4,535.86,16,4,535.86,5,3,2,10,Loyal Users,0.5578,Medium Risk,0.0
13208,2009-12-03,2011-10-12,9,1988.5,59,9,1988.5,4,5,4,13,Champions,0.3191,Low Risk,0.0
13209,2010-01-24,2011-11-09,13,8509.51,31,13,8509.51,4,5,5,14,Champions,0.119,Low Risk,0.0
13210,2011-09-07,2011-09-07,1,353.48,94,1,353.48,3,1,2,6,Needs Attention,0.4712,Medium Risk,1.0
13211,2009-12-06,2011-11-29,10,2729.32,11,10,2729.32,5,5,4,14,Champions,0.2324,Low Risk,0.0
13212,2011-10-09,2011-11-20,3,788.08,20,3,788.08,4,3,3,10,Loyal Users,,Not Scored (Recent),
13213,2010-05-20,2011-10-14,11,3851.52,57,11,3851.52,4,5,5,14,Champions,0.164,Low Risk,0.0
13214,2010-03-03,2010-10-18,7,3264.23,418,7,3264.23,1,4,5,10,Hibernating / Churned,0.6026,Medium Risk,1.0
13215,2010-11-02,2010-11-02,1,81.6,403,1,81.6,2,1,1,4,Hibernating / Churned,0.857,High Risk,1.0
13216,2011-03-17,2011-03-17,1,333.74,268,1,333.74,2,1,2,5,Hibernating / Churned,0.7903,High Risk,1.0
13217,2010-02-22,2011-08-09,4,666.48,123,4,666.48,3,3,3,9,Needs Attention,0.6577,Medium Risk,1.0
13218,2011-08-04,2011-08-04,1,62.64,128,1,62.64,3,1,1,5,Needs Attention,0.6174,Medium Risk,1.0
13219,2010-03-31,2010-03-31,1,76.23,619,1,76.23,1,1,1,3,Hibernating / Churned,0.8534,High Risk,1.0
13220,2010-05-13,2011-09-22,5,1336.09,79,5,1336.09,3,4,4,11,Needs Attention,0.4481,Medium Risk,0.0
13221,2010-12-15,2011-04-13,2,847.41,241,2,847.41,2,3,3,8,At Risk (High Value),0.5232,Medium Risk,1.0
13222,2010-05-11,2010-05-11,1,88.5,578,1,88.5,1,1,1,3,Hibernating / Churned,0.8617,High Risk,1.0
13223,2010-02-12,2011-05-23,6,969.12,201,6,969.12,2,4,3,9,At Risk (High Value),0.4737,Medium Risk,1.0
13224,2011-07-11,2011-10-10,2,2155.95,61,2,2155.95,3,3,4,10,Needs Attention,0.5464,Medium Risk,0.0
13225,2009-12-17,2011-12-06,16,16260.07,4,16,16260.07,5,5,5,15,Champions,0.1008,Low Risk,0.0
13226,2010-11-11,2011-03-11,2,312.46,274,2,312.46,2,2,2,6,Hibernating / Churned,0.6357,Medium Risk,1.0
13227,2011-05-22,2011-05-22,1,257.7,202,1,257.7,2,1,1,4,Hibernating / Churned,0.6744,Medium Risk,1.0
13228,2011-09-19,2011-09-19,1,358.0,82,1,358.0,3,1,2,6,Needs Attention,,Not Scored (Recent),
13229,2011-04-28,2011-04-28,1,160.95,226,1,160.95,2,1,1,4,Hibernating / Churned,0.7767,High Risk,1.0
13230,2010-03-18,2011-12-05,30,6360.78,5,30,6360.78,5,5,5,15,Champions,0.069,Low Risk,0.0
13232,2011-04-10,2011-11-27,7,1357.6,13,7,1357.6,5,4,4,13,Champions,0.2737,Low Risk,0.0
13233,2010-01-14,2011-09-26,4,1176.46,75,4,1176.46,3,3,3,9,Needs Attention,0.6289,Medium Risk,0.0
13234,2009-12-07,2010-02-05,2,356.95,673,2,356.95,1,2,2,5,Hibernating / Churned,0.831,High Risk,1.0
13235,2011-05-11,2011-05-11,1,1031.07,213,1,1031.07,2,2,3,7,At Risk (High Value),0.5708,Medium Risk,1.0
13236,2011-08-25,2011-11-15,2,744.85,25,2,744.85,4,2,3,9,New / Promising,0.4887,Medium Risk,0.0
13237,2010-11-17,2010-11-17,1,643.0,388,1,643.0,2,2,3,7,At Risk (High Value),0.6885,Medium Risk,1.0
13238,2010-04-28,2011-11-22,6,1006.63,18,6,1006.63,5,4,3,12,Loyal Users,0.4397,Medium Risk,0.0
13239,2010-07-25,2011-03-23,5,1594.69,262,5,1594.69,2,4,4,10,At Risk (High Value),0.4584,Medium Risk,1.0
13240,2010-02-25,2011-09-04,8,1738.52,97,8,1738.52,3,4,4,11,Needs Attention,0.3286,Low Risk,1.0
13241,2010-10-24,2010-10-24,1,115.58,412,1,115.58,1,1,1,3,Hibernating / Churned,0.8125,High Risk,1.0
13242,2010-02-09,2011-08-19,7,699.4,113,7,699.4,3,4,3,10,Needs Attention,0.4021,Medium Risk,1.0
13243,2010-03-18,2011-05-20,5,1278.04,204,5,1278.04,2,4,4,10,At Risk (High Value),0.3994,Low Risk,1.0
13244,2011-09-08,2011-09-08,1,121.74,93,1,121.74,3,1,1,5,Needs Attention,0.5769,Medium Risk,1.0
13245,2010-10-03,2011-10-20,2,989.22,51,2,989.22,4,3,3,10,Loyal Users,0.6857,Medium Risk,0.0
13246,2010-07-02,2011-11-21,11,3387.43,19,11,3387.43,5,5,5,15,Champions,0.1284,Low Risk,0.0
13247,2011-09-18,2011-11-22,4,501.12,18,4,501.12,5,3,2,10,Loyal Users,,Not Scored (Recent),
13248,2011-06-03,2011-08-07,2,465.68,125,2,465.68,3,2,2,7,Needs Attention,0.3629,Low Risk,1.0
13249,2010-01-24,2011-09-08,9,1608.9299999999998,93,9,1608.9299999999998,3,5,4,12,Needs Attention,0.3128,Low Risk,0.0
13250,2010-07-25,2010-09-05,2,256.04,461,2,256.04,1,2,1,4,Hibernating / Churned,0.8257,High Risk,1.0
13251,2010-11-02,2010-11-02,1,252.68,403,1,252.68,2,1,1,4,Hibernating / Churned,0.7507,High Risk,1.0
13252,2010-03-24,2010-11-10,2,399.3,395,2,399.3,2,2,2,6,Hibernating / Churned,0.7191,High Risk,1.0
13253,2010-01-05,2011-07-06,4,2951.11,157,4,2951.11,3,4,4,11,Needs Attention,0.4888,Medium Risk,1.0
13254,2010-11-28,2010-11-28,1,51.410000000000004,377,1,51.410000000000004,2,1,1,4,Hibernating / Churned,0.849,High Risk,1.0
13255,2010-07-15,2011-11-30,3,904.4599999999999,10,3,904.4599999999999,5,3,3,11,Loyal Users,0.612,Medium Risk,0.0
13257,2010-09-29,2010-09-29,1,149.75,437,1,149.75,1,1,1,3,Hibernating / Churned,0.806,High Risk,1.0
13258,2010-11-04,2011-11-28,5,1035.18,12,5,1035.18,5,4,3,12,Loyal Users,0.4244,Medium Risk,0.0
13259,2010-01-10,2011-10-09,9,1433.38,62,9,1433.38,3,5,4,12,Needs Attention,0.464,Medium Risk,0.0
13260,2011-10-09,2011-10-09,1,557.62,62,1,557.62,3,2,2,7,Needs Attention,,Not Scored (Recent),
13261,2011-02-27,2011-03-16,2,944.1,269,2,944.1,2,3,3,8,At Risk (High Value),0.619,Medium Risk,1.0
13262,2010-04-18,2011-03-21,3,573.45,264,3,573.45,2,3,2,7,At Risk (High Value),0.5551,Medium Risk,1.0
13263,2010-10-22,2011-12-08,39,8704.69,2,39,8704.69,5,5,5,15,Champions,0.0701,Low Risk,0.0
13264,2010-09-23,2010-09-23,1,722.56,443,1,722.56,1,2,3,6,Hibernating / Churned,0.682,Medium Risk,1.0
13265,2011-03-11,2011-10-17,5,2107.66,54,5,2107.66,4,4,4,12,Champions,0.3063,Low Risk,0.0
13266,2009-12-17,2011-11-28,19,6135.04,12,19,6135.04,5,5,5,15,Champions,0.1153,Low Risk,0.0
13267,2009-12-07,2011-12-07,36,9758.26,3,36,9758.26,5,5,5,15,Champions,0.0255,Low Risk,0.0
13268,2011-03-17,2011-11-22,11,3214.69,18,11,3214.69,5,5,5,15,Champions,0.2162,Low Risk,0.0
13269,2009-12-02,2011-12-08,28,8891.7,2,28,8891.7,5,5,5,15,Champions,0.0543,Low Risk,0.0
13270,2010-12-08,2010-12-08,1,1180.0,367,1,1180.0,2,2,3,7,At Risk (High Value),0.7371,High Risk,1.0
13271,2011-11-02,2011-11-02,1,217.38,38,1,217.38,4,1,1,6,New / Promising,,Not Scored (Recent),
13272,2011-09-11,2011-11-08,2,276.56,32,2,276.56,4,2,1,7,New / Promising,,Not Scored (Recent),
13273,2011-08-18,2011-08-18,1,138.98,114,1,138.98,3,1,1,5,Needs Attention,0.5938,Medium Risk,1.0
13274,2010-10-26,2010-10-26,1,360.85,410,1,360.85,2,2,2,6,Hibernating / Churned,0.754,High Risk,1.0
13275,2010-03-17,2010-11-21,2,241.66,384,2,241.66,2,2,1,5,Hibernating / Churned,0.6711,Medium Risk,1.0
13276,2010-03-07,2011-10-07,5,1939.26,64,5,1939.26,3,4,4,11,Needs Attention,0.4777,Medium Risk,0.0
13277,2010-06-18,2011-11-24,7,523.3,16,7,523.3,5,4,2,11,Loyal Users,0.4535,Medium Risk,0.0
13278,2010-04-08,2011-10-30,4,1435.85,41,4,1435.85,4,4,4,12,Champions,0.5909,Medium Risk,0.0
13279,2011-09-22,2011-09-22,1,137.75,79,1,137.75,3,1,1,5,Needs Attention,,Not Scored (Recent),
13280,2010-03-05,2011-08-09,7,2322.63,123,7,2322.63,3,4,4,11,Needs Attention,0.2901,Low Risk,1.0
13281,2010-09-26,2010-09-26,1,350.85,440,1,350.85,1,1,2,4,Hibernating / Churned,0.7479,High Risk,1.0
13282,2010-10-29,2011-11-21,4,1313.19,19,4,1313.19,5,4,4,13,Champions,0.418,Medium Risk,0.0
13283,2010-03-09,2011-10-11,4,373.36,60,4,373.36,3,3,2,8,Needs Attention,0.675,Medium Risk,0.0
13284,2011-01-13,2011-01-13,1,201.19,331,1,201.19,2,1,1,4,Hibernating / Churned,0.7749,High Risk,1.0
13285,2010-03-25,2011-11-16,6,3364.59,24,6,3364.59,4,4,5,13,Champions,0.3544,Low Risk,0.0
13286,2010-04-18,2010-04-18,1,734.91,601,1,734.91,1,2,3,6,Hibernating / Churned,0.7334,High Risk,1.0
13287,2010-01-04,2010-04-15,3,781.59,604,3,781.59,1,3,3,7,Hibernating / Churned,0.7304,High Risk,1.0
13288,2010-02-11,2010-09-22,5,927.61,444,5,927.61,1,4,3,8,Hibernating / Churned,0.6507,Medium Risk,1.0
13289,2009-12-16,2009-12-16,1,307.95,724,1,307.95,1,1,2,4,Hibernating / Churned,0.8548,High Risk,1.0
13290,2010-09-27,2010-09-27,1,208.63,439,1,208.63,1,1,1,3,Hibernating / Churned,0.7724,High Risk,1.0
13291,2010-02-11,2011-07-07,11,3320.84,156,11,3320.84,3,5,5,13,Needs Attention,0.1949,Low Risk,1.0
13292,2010-07-01,2011-11-01,5,994.51,39,5,994.51,4,4,3,11,Loyal Users,0.5312,Medium Risk,0.0
13293,2010-02-09,2010-11-12,6,1192.94,393,6,1192.94,2,4,3,9,At Risk (High Value),0.5963,Medium Risk,1.0
13294,2010-03-03,2011-06-03,3,1689.53,190,3,1689.53,2,3,4,9,At Risk (High Value),0.6428,Medium Risk,1.0
13295,2010-05-12,2010-12-15,4,1101.97,360,4,1101.97,2,3,3,8,At Risk (High Value),0.5981,Medium Risk,1.0
13296,2010-05-11,2011-07-25,6,792.51,138,6,792.51,3,4,3,10,Needs Attention,0.4247,Medium Risk,1.0
13297,2010-06-15,2011-12-02,7,4368.62,8,7,4368.62,5,4,5,14,Champions,0.5234,Medium Risk,0.0
13298,2011-12-08,2011-12-08,1,360.0,2,1,360.0,5,2,2,9,New / Promising,,Not Scored (Recent),
13299,2010-06-29,2011-03-16,3,1218.7,269,3,1218.7,2,3,3,8,At Risk (High Value),0.5821,Medium Risk,1.0
13300,2010-05-14,2011-06-23,3,1285.51,170,3,1285.51,3,3,4,10,Needs Attention,0.5128,Medium Risk,1.0
13301,2011-02-20,2011-08-28,4,618.09,104,4,618.09,3,3,2,8,Needs Attention,0.3204,Low Risk,1.0
13302,2010-07-01,2011-07-07,2,159.2,156,2,159.2,3,2,1,6,Needs Attention,0.7559,High Risk,1.0
13303,2010-11-04,2010-11-04,1,61.72,401,1,61.72,2,1,1,4,Hibernating / Churned,0.8549,High Risk,1.0
13304,2010-02-08,2010-12-23,4,1217.99,352,4,1217.99,2,3,3,8,At Risk (High Value),0.5553,Medium Risk,1.0
13305,2010-03-10,2011-12-05,16,3754.71,5,16,3754.71,5,5,5,15,Champions,0.1155,Low Risk,0.0
13306,2010-10-05,2010-10-05,1,53.65,431,1,53.65,1,1,1,3,Hibernating / Churned,0.8516,High Risk,1.0
13307,2010-04-26,2011-08-11,3,273.34,121,3,273.34,3,3,1,7,Needs Attention,0.6673,Medium Risk,1.0
13308,2010-04-22,2011-11-17,4,1670.37,23,4,1670.37,4,4,4,12,Champions,0.6659,Medium Risk,0.0
13309,2010-11-12,2011-12-02,6,1706.37,8,6,1706.37,5,4,4,13,Champions,0.3667,Low Risk,0.0
13310,2010-11-02,2011-11-11,5,1541.2,29,5,1541.2,4,4,4,12,Champions,0.3456,Low Risk,0.0
13311,2011-07-12,2011-12-05,2,598.5699999999999,5,2,598.5699999999999,5,2,2,9,New / Promising,0.4931,Medium Risk,0.0
13312,2010-09-14,2010-09-14,1,124.75,452,1,124.75,1,1,1,3,Hibernating / Churned,0.8119,High Risk,1.0
13313,2009-12-02,2011-11-17,12,3445.32,23,12,3445.32,4,5,5,14,Champions,0.1116,Low Risk,0.0
13314,2011-09-27,2011-12-08,3,775.9399999999999,2,3,775.9399999999999,5,3,3,11,Loyal Users,,Not Scored (Recent),
13315,2010-01-19,2010-01-19,1,310.26,690,1,310.26,1,1,2,4,Hibernating / Churned,0.8596,High Risk,1.0
13316,2010-03-10,2011-11-02,10,13191.57,38,10,13191.57,4,5,5,14,Champions,0.1897,Low Risk,0.0
13317,2009-12-13,2011-10-04,19,6486.09,67,19,6486.09,3,5,5,13,Needs Attention,0.1436,Low Risk,0.0
13318,2011-11-02,2011-12-08,3,640.76,2,3,640.76,5,3,3,11,Loyal Users,,Not Scored (Recent),
13319,2009-12-06,2011-12-04,58,22082.5,6,58,22082.5,5,5,5,15,Champions,0.0239,Low Risk,0.0
13320,2010-08-18,2011-09-22,6,2228.1,79,6,2228.1,3,4,4,11,Needs Attention,0.3631,Low Risk,0.0
13321,2011-09-14,2011-09-28,2,567.36,73,2,567.36,3,2,2,7,Needs Attention,,Not Scored (Recent),
13322,2011-11-22,2011-11-22,1,199.48,18,1,199.48,5,1,1,7,New / Promising,,Not Scored (Recent),
13323,2011-09-16,2011-12-06,5,787.85,4,5,787.85,5,4,3,12,Loyal Users,,Not Scored (Recent),
13324,2010-05-25,2011-11-03,18,10513.47,37,18,10513.47,4,5,5,14,Champions,0.1745,Low Risk,0.0
13325,2011-09-19,2011-09-19,1,675.3,82,1,675.3,3,2,3,8,Needs Attention,,Not Scored (Recent),
13326,2010-10-03,2010-10-03,1,281.76,433,1,281.76,1,1,1,3,Hibernating / Churned,0.7502,High Risk,1.0
13327,2009-12-18,2011-11-01,20,9879.48,39,20,9879.48,4,5,5,14,Champions,0.0334,Low Risk,0.0
13328,2011-01-27,2011-01-27,1,1308.48,317,1,1308.48,2,2,4,8,At Risk (High Value),0.7392,High Risk,1.0
13329,2009-12-04,2011-11-08,8,5112.97,32,8,5112.97,4,5,5,14,Champions,0.349,Low Risk,0.0
13330,2010-02-23,2011-09-08,6,2806.18,93,6,2806.18,3,4,4,11,Needs Attention,0.3339,Low Risk,1.0
13331,2010-11-03,2010-11-03,1,262.4,402,1,262.4,2,1,1,4,Hibernating / Churned,0.7436,High Risk,1.0
13332,2011-11-25,2011-11-25,1,350.9,15,1,350.9,5,1,2,8,New / Promising,,Not Scored (Recent),
13333,2010-02-19,2010-10-24,3,1015.74,412,3,1015.74,1,3,3,7,Hibernating / Churned,0.6383,Medium Risk,1.0
13334,2010-02-25,2011-09-18,5,6263.75,83,5,6263.75,3,4,5,12,Needs Attention,0.4246,Medium Risk,0.0
13336,2011-09-23,2011-09-23,1,795.12,78,1,795.12,3,2,3,8,Needs Attention,,Not Scored (Recent),
13337,2010-06-11,2010-06-11,1,1575.26,547,1,1575.26,1,2,4,7,Hibernating / Churned,0.7084,High Risk,1.0
13338,2010-01-05,2011-07-05,4,2445.62,158,4,2445.62,3,4,4,11,Needs Attention,0.5759,Medium Risk,1.0
13339,2011-05-23,2011-05-23,1,860.12,201,1,860.12,2,2,3,7,At Risk (High Value),0.5246,Medium Risk,1.0
13340,2010-02-22,2011-10-25,12,22100.56,46,12,22100.56,4,5,5,14,Champions,0.15,Low Risk,0.0
13341,2011-03-24,2011-03-24,1,775.85,261,1,775.85,2,2,3,7,At Risk (High Value),0.657,Medium Risk,1.0
13343,2011-06-15,2011-06-15,1,353.43,178,1,353.43,3,1,2,6,Needs Attention,0.609,Medium Risk,1.0
13344,2011-03-07,2011-10-03,3,2543.72,68,3,2543.72,3,3,4,10,Needs Attention,0.6639,Medium Risk,0.0
13345,2011-02-25,2011-02-25,1,389.5,288,1,389.5,2,2,2,6,Hibernating / Churned,0.7545,High Risk,1.0
13346,2010-04-22,2010-09-03,6,299.4,463,6,299.4,1,4,2,7,Hibernating / Churned,0.7839,High Risk,1.0
13347,2011-09-30,2011-09-30,1,341.36,71,1,341.36,3,1,2,6,Needs Attention,,Not Scored (Recent),
13348,2011-10-06,2011-10-06,1,233.76,65,1,233.76,3,1,1,5,Needs Attention,,Not Scored (Recent),
13349,2011-11-29,2011-11-29,1,247.32,11,1,247.32,5,1,1,7,New / Promising,,Not Scored (Recent),
13350,2011-09-21,2011-11-23,2,979.12,17,2,979.12,5,3,3,11,Loyal Users,,Not Scored (Recent),
13351,2011-10-04,2011-10-04,1,373.94,67,1,373.94,3,2,2,7,Needs Attention,,Not Scored (Recent),
13352,2011-10-10,2011-10-10,1,397.98,61,1,397.98,3,2,2,7,Needs Attention,,Not Scored (Recent),
13354,2011-09-29,2011-09-29,1,743.53,72,1,743.53,3,2,3,8,Needs Attention,,Not Scored (Recent),
13355,2011-08-09,2011-08-09,1,674.7,123,1,674.7,3,2,3,8,Needs Attention,0.5252,Medium Risk,1.0
13356,2011-09-20,2011-09-20,1,768.24,81,1,768.24,3,2,3,8,Needs Attention,,Not Scored (Recent),
13357,2010-03-22,2011-03-27,5,3838.36,258,5,3838.36,2,4,5,11,At Risk (High Value),0.3711,Low Risk,1.0
13358,2011-03-16,2011-03-16,1,439.03,269,1,439.03,2,2,2,6,Hibernating / Churned,0.7408,High Risk,1.0
13359,2010-11-01,2011-10-07,2,1043.31,64,2,1043.31,3,3,3,9,Needs Attention,0.6512,Medium Risk,0.0
13360,2010-01-08,2010-10-04,4,1553.6499999999999,432,4,1553.6499999999999,1,4,4,9,Hibernating / Churned,0.6146,Medium Risk,1.0
13361,2010-04-01,2010-08-24,2,1450.5,473,2,1450.5,1,3,4,8,Hibernating / Churned,0.7435,High Risk,1.0
13362,2010-10-10,2011-11-30,7,5394.07,10,7,5394.07,5,4,5,14,Champions,0.3744,Low Risk,0.0
13363,2010-10-26,2011-11-22,3,1723.86,18,3,1723.86,5,3,4,12,Loyal Users,0.6466,Medium Risk,0.0
13364,2011-09-29,2011-09-29,1,134.96,72,1,134.96,3,1,1,5,Needs Attention,,Not Scored (Recent),
13365,2011-05-06,2011-11-06,2,2225.37,34,2,2225.37,4,3,4,11,Loyal Users,0.617,Medium Risk,0.0
13366,2011-10-20,2011-10-20,1,56.16,51,1,56.16,4,1,1,6,New / Promising,,Not Scored (Recent),
13367,2010-10-04,2010-10-04,1,510.2,432,1,510.2,1,2,2,5,Hibernating / Churned,0.7133,High Risk,1.0
13368,2010-10-12,2011-03-28,4,1121.5,257,4,1121.5,2,3,3,8,At Risk (High Value),0.5214,Medium Risk,1.0
13369,2010-12-09,2010-12-09,1,616.56,366,1,616.56,2,2,2,6,Hibernating / Churned,0.6752,Medium Risk,1.0
13370,2010-12-03,2010-12-03,1,1509.74,372,1,1509.74,2,2,4,8,At Risk (High Value),0.656,Medium Risk,1.0
13371,2010-03-17,2010-07-22,2,2297.66,506,2,2297.66,1,3,4,8,Hibernating / Churned,0.7411,High Risk,1.0
13372,2011-09-11,2011-09-11,1,378.64,90,1,378.64,3,2,2,7,Needs Attention,,Not Scored (Recent),
13373,2009-12-06,2011-10-10,6,7587.19,61,6,7587.19,3,4,5,12,Needs Attention,0.3314,Low Risk,0.0
13374,2010-09-16,2010-10-21,2,422.8,415,2,422.8,1,2,2,5,Hibernating / Churned,0.7174,High Risk,1.0
13375,2010-09-21,2011-09-12,2,1792.23,89,2,1792.23,3,3,4,10,Needs Attention,0.718,High Risk,0.0
13376,2011-04-19,2011-09-01,3,1019.76,100,3,1019.76,3,3,3,9,Needs Attention,0.3579,Low Risk,1.0
13377,2010-03-04,2010-11-08,2,1552.88,397,2,1552.88,2,3,4,9,At Risk (High Value),0.6656,Medium Risk,1.0
13379,2011-07-26,2011-11-13,3,572.56,27,3,572.56,4,3,2,9,Loyal Users,0.5865,Medium Risk,0.0
13380,2010-10-03,2010-10-03,1,62.4,433,1,62.4,1,1,1,3,Hibernating / Churned,0.8459,High Risk,1.0
13381,2009-12-01,2011-11-08,12,8224.37,32,12,8224.37,4,5,5,14,Champions,0.0888,Low Risk,0.0
13382,2009-12-08,2011-03-04,5,1387.58,281,5,1387.58,2,4,4,10,At Risk (High Value),0.4658,Medium Risk,1.0
13383,2010-06-14,2010-06-14,1,305.28,544,1,305.28,1,1,2,4,Hibernating / Churned,0.8294,High Risk,1.0
13384,2010-07-27,2011-11-09,11,6680.83,31,11,6680.83,4,5,5,14,Champions,0.228,Low Risk,0.0
13385,2011-01-14,2011-01-14,1,534.57,330,1,534.57,2,2,2,6,Hibernating / Churned,0.6847,Medium Risk,1.0
13386,2010-09-28,2010-10-21,2,835.46,415,2,835.46,1,2,3,6,Hibernating / Churned,0.6495,Medium Risk,1.0
13387,2010-10-18,2010-10-18,1,189.44,418,1,189.44,1,1,1,3,Hibernating / Churned,0.7726,High Risk,1.0
13388,2010-04-15,2011-07-31,3,1185.65,132,3,1185.65,3,3,3,9,Needs Attention,0.6469,Medium Risk,1.0
13389,2011-04-21,2011-11-28,3,797.96,12,3,797.96,5,3,3,11,Loyal Users,0.7099,High Risk,0.0
13390,2011-09-26,2011-09-26,1,544.08,75,1,544.08,3,2,2,7,Needs Attention,,Not Scored (Recent),
13391,2011-05-20,2011-05-20,1,59.8,204,1,59.8,2,1,1,4,Hibernating / Churned,0.7605,High Risk,1.0
13392,2010-01-31,2010-01-31,1,91.14,678,1,91.14,1,1,1,3,Hibernating / Churned,0.8843,High Risk,1.0
13393,2009-12-07,2010-05-05,4,1131.45,584,4,1131.45,1,3,3,7,Hibernating / Churned,0.7476,High Risk,1.0
13394,2009-12-01,2011-12-08,19,6621.7,2,19,6621.7,5,5,5,15,Champions,0.0705,Low Risk,0.0
13395,2010-10-14,2011-06-07,3,1180.23,186,3,1180.23,3,3,3,9,Needs Attention,0.4127,Medium Risk,1.0
13396,2011-01-24,2011-11-10,2,1360.99,30,2,1360.99,4,3,4,11,Loyal Users,0.7622,High Risk,0.0
13397,2010-01-20,2011-09-28,10,3191.87,73,10,3191.87,3,5,5,13,Needs Attention,0.1627,Low Risk,0.0
13398,2010-09-17,2011-05-31,2,670.34,193,2,670.34,2,2,3,7,At Risk (High Value),0.4823,Medium Risk,1.0
13399,2010-07-08,2010-09-01,3,275.4,465,3,275.4,1,3,1,5,Hibernating / Churned,0.8159,High Risk,1.0
13400,2010-05-06,2010-05-06,1,310.83,583,1,310.83,1,1,2,4,Hibernating / Churned,0.8326,High Risk,1.0
13402,2010-05-24,2011-08-04,4,1535.1299999999999,128,4,1535.1299999999999,3,4,4,11,Needs Attention,0.4553,Medium Risk,1.0
13403,2009-12-16,2011-11-22,3,229.5,18,3,229.5,5,3,1,9,Loyal Users,0.7116,High Risk,0.0
13404,2011-05-11,2011-12-08,2,252.49,2,2,252.49,5,2,1,8,New / Promising,0.7095,High Risk,0.0
13405,2009-12-15,2011-09-26,6,1213.81,75,6,1213.81,3,4,3,10,Needs Attention,0.4114,Medium Risk,0.0
13406,2010-03-18,2010-10-08,2,568.92,428,2,568.92,1,2,2,5,Hibernating / Churned,0.6875,Medium Risk,1.0
13407,2010-02-16,2010-05-10,3,2244.7,579,3,2244.7,1,3,4,8,Hibernating / Churned,0.7222,High Risk,1.0
13408,2009-12-04,2011-12-08,106,51733.46,2,106,51733.46,5,5,5,15,Champions,0.0238,Low Risk,0.0
13410,2009-12-08,2011-11-15,9,2201.96,25,9,2201.96,4,5,4,13,Champions,0.3516,Low Risk,0.0
13411,2011-08-24,2011-08-24,1,213.54999999999998,108,1,213.54999999999998,3,1,1,5,Needs Attention,0.5079,Medium Risk,1.0
13412,2010-03-29,2010-03-29,1,487.35,621,1,487.35,1,2,2,5,Hibernating / Churned,0.7574,High Risk,1.0
13413,2010-01-21,2010-03-10,6,429.44,640,6,429.44,1,4,2,7,Hibernating / Churned,0.7939,High Risk,1.0
13414,2010-04-15,2011-07-29,6,2494.14,134,6,2494.14,3,4,4,11,Needs Attention,0.3433,Low Risk,1.0
13415,2009-12-11,2010-08-24,4,800.67,473,4,800.67,1,3,3,7,Hibernating / Churned,0.7064,High Risk,1.0
13416,2009-12-03,2011-10-27,3,940.8,44,3,940.8,4,3,3,10,Loyal Users,0.8446,High Risk,0.0
13417,2010-02-08,2011-12-05,6,1669.49,5,6,1669.49,5,4,4,13,Champions,0.4317,Medium Risk,0.0
13418,2009-12-11,2011-11-28,31,12233.6,12,31,12233.6,5,5,5,15,Champions,0.03,Low Risk,0.0
13419,2011-10-07,2011-10-07,1,221.06,64,1,221.06,3,1,1,5,Needs Attention,,Not Scored (Recent),
13420,2011-06-22,2011-07-13,2,159.85,150,2,159.85,3,2,1,6,Needs Attention,0.4636,Medium Risk,1.0
13421,2010-02-14,2011-10-30,8,4103.12,41,8,4103.12,4,5,5,14,Champions,0.2813,Low Risk,0.0
13422,2011-10-06,2011-10-06,1,2626.3,65,1,2626.3,3,2,4,9,Needs Attention,,Not Scored (Recent),
13423,2010-10-07,2010-10-07,1,217.03,429,1,217.03,1,1,1,3,Hibernating / Churned,0.7465,High Risk,1.0
13424,2010-09-16,2010-09-16,1,572.77,450,1,572.77,1,2,2,5,Hibernating / Churned,0.6781,Medium Risk,1.0
13425,2010-05-09,2011-08-23,5,3403.63,109,5,3403.63,3,4,5,12,Needs Attention,0.3241,Low Risk,1.0
13426,2009-12-09,2011-12-09,22,8167.38,1,22,8167.38,5,5,5,15,Champions,0.0819,Low Risk,0.0
13427,2009-12-17,2011-11-20,6,1006.53,20,6,1006.53,4,4,3,11,Loyal Users,0.4393,Medium Risk,0.0
13428,2010-07-13,2011-11-29,3,499.98,11,3,499.98,5,3,2,10,Loyal Users,0.7816,High Risk,0.0
13429,2011-09-25,2011-11-29,4,1006.8,11,4,1006.8,5,3,3,11,Loyal Users,,Not Scored (Recent),
13430,2011-09-14,2011-11-21,2,679.45,19,2,679.45,5,2,3,10,New / Promising,,Not Scored (Recent),
13431,2010-02-18,2011-10-03,8,3316.24,68,8,3316.24,3,4,5,12,Needs Attention,0.4951,Medium Risk,0.0
13432,2010-04-06,2010-05-17,2,439.1,572,2,439.1,1,2,2,5,Hibernating / Churned,0.7851,High Risk,1.0
13433,2010-01-12,2010-07-26,4,658.32,502,4,658.32,1,3,3,7,Hibernating / Churned,0.709,High Risk,1.0
13434,2010-02-22,2011-09-26,5,1666.86,75,5,1666.86,3,4,4,11,Needs Attention,0.5154,Medium Risk,0.0
13435,2010-07-27,2011-12-04,9,4475.23,6,9,4475.23,5,5,5,15,Champions,0.3561,Low Risk,0.0
13436,2011-12-08,2011-12-08,1,196.89,2,1,196.89,5,1,1,7,New / Promising,,Not Scored (Recent),
13437,2011-06-02,2011-11-25,7,3408.06,15,7,3408.06,5,4,5,14,Champions,0.2415,Low Risk,0.0
13438,2010-06-10,2010-06-10,1,46.5,548,1,46.5,1,1,1,3,Hibernating / Churned,0.8605,High Risk,1.0
13439,2010-07-01,2011-03-29,3,986.61,256,3,986.61,2,3,3,8,At Risk (High Value),0.487,Medium Risk,1.0
13440,2010-09-14,2010-10-12,7,1295.25,424,7,1295.25,1,4,4,9,Hibernating / Churned,0.6664,Medium Risk,1.0
13441,2010-10-04,2011-09-09,2,720.9,92,2,720.9,3,2,3,8,Needs Attention,0.7102,High Risk,0.0
13442,2009-12-01,2010-02-10,3,419.87,668,3,419.87,1,3,2,6,Hibernating / Churned,0.8457,High Risk,1.0
13443,2010-01-31,2010-09-17,6,1280.16,449,6,1280.16,1,4,4,9,Hibernating / Churned,0.5543,Medium Risk,1.0
13444,2010-07-21,2010-11-30,2,631.68,375,2,631.68,2,2,3,7,At Risk (High Value),0.6034,Medium Risk,1.0
13445,2010-03-23,2010-03-23,1,241.89999999999998,627,1,241.89999999999998,1,1,1,3,Hibernating / Churned,0.8511,High Risk,1.0
13446,2010-02-14,2010-10-05,11,3881.89,431,11,3881.89,1,5,5,11,Hibernating / Churned,0.6215,Medium Risk,1.0
13447,2011-11-04,2011-11-16,3,1129.14,24,3,1129.14,4,3,3,10,Loyal Users,,Not Scored (Recent),
13448,2009-12-06,2011-11-23,13,9240.87,17,13,9240.87,5,5,5,15,Champions,0.2727,Low Risk,0.0
13449,2011-11-16,2011-11-16,1,291.88,24,1,291.88,4,1,2,7,New / Promising,,Not Scored (Recent),
13450,2010-04-15,2011-11-13,13,4120.04,27,13,4120.04,4,5,5,14,Champions,0.1559,Low Risk,0.0
13451,2010-03-21,2011-11-13,11,7190.92,27,11,7190.92,4,5,5,14,Champions,0.104,Low Risk,0.0
13452,2010-08-24,2011-03-25,3,729.8,260,3,729.8,2,3,3,8,At Risk (High Value),0.6046,Medium Risk,1.0
13453,2010-11-02,2011-06-27,3,781.69,166,3,781.69,3,3,3,9,Needs Attention,0.4149,Medium Risk,1.0
13454,2010-03-08,2010-03-08,1,219.87,642,1,219.87,1,1,1,3,Hibernating / Churned,0.863,High Risk,1.0
13455,2009-12-09,2011-11-15,6,2905.93,25,6,2905.93,4,4,4,12,Champions,0.3608,Low Risk,0.0
13456,2011-05-16,2011-11-22,6,1766.72,18,6,1766.72,5,4,4,13,Champions,0.3449,Low Risk,0.0
13457,2009-12-02,2010-01-20,2,148.22,689,2,148.22,1,2,1,4,Hibernating / Churned,0.8623,High Risk,1.0
13458,2010-11-16,2011-12-02,16,11959.27,8,16,11959.27,5,5,5,15,Champions,0.0937,Low Risk,0.0
13459,2010-01-26,2010-03-25,2,1160.41,625,2,1160.41,1,3,3,7,Hibernating / Churned,0.7535,High Risk,1.0
13460,2011-10-21,2011-11-10,2,183.44,30,2,183.44,4,2,1,7,New / Promising,,Not Scored (Recent),
13461,2010-04-21,2011-11-01,6,4160.0,39,6,4160.0,4,4,5,13,Champions,0.3819,Low Risk,0.0
13462,2009-12-14,2011-04-01,5,1153.85,253,5,1153.85,2,4,3,9,At Risk (High Value),0.5118,Medium Risk,1.0
13464,2010-03-31,2011-10-12,6,3097.64,59,6,3097.64,4,4,5,13,Champions,0.4454,Medium Risk,0.0
13465,2010-05-02,2010-09-19,2,931.12,447,2,931.12,1,3,3,7,Hibernating / Churned,0.6515,Medium Risk,1.0
13466,2010-03-21,2011-06-08,5,1013.35,185,5,1013.35,3,4,3,10,Needs Attention,0.4408,Medium Risk,1.0
13467,2011-11-03,2011-11-29,2,1083.71,11,2,1083.71,5,3,3,11,Loyal Users,,Not Scored (Recent),
13468,2009-12-03,2011-12-08,72,13390.51,2,72,13390.51,5,5,5,15,Champions,0.0201,Low Risk,0.0
13469,2010-02-24,2010-02-24,1,82.4,654,1,82.4,1,1,1,3,Hibernating / Churned,0.8905,High Risk,1.0
13470,2011-08-16,2011-09-01,2,165.0,100,2,165.0,3,2,1,6,Needs Attention,0.4351,Medium Risk,1.0
13471,2011-10-23,2011-12-08,4,2531.58,2,4,2531.58,5,4,4,13,Champions,,Not Scored (Recent),
13472,2010-06-02,2010-09-02,2,592.24,464,2,592.24,1,2,2,5,Hibernating / Churned,0.7508,High Risk,1.0
13473,2009-12-15,2011-10-10,8,2657.76,61,8,2657.76,3,4,4,11,Needs Attention,0.3085,Low Risk,0.0
13474,2010-08-01,2011-04-17,3,663.79,237,3,663.79,2,3,3,8,At Risk (High Value),0.4934,Medium Risk,1.0
13475,2011-02-14,2011-06-01,4,1431.78,192,4,1431.78,2,4,4,10,At Risk (High Value),0.2811,Low Risk,1.0
13476,2010-03-05,2011-06-14,5,2061.47,179,5,2061.47,3,4,4,11,Needs Attention,0.3799,Low Risk,1.0
13477,2010-01-25,2011-11-02,11,2834.17,38,11,2834.17,4,5,4,13,Champions,0.1967,Low Risk,0.0
13478,2010-01-31,2010-08-27,5,2215.78,470,5,2215.78,1,4,4,9,Hibernating / Churned,0.6348,Medium Risk,1.0
13479,2010-08-19,2011-05-23,4,851.37,201,4,851.37,2,3,3,8,At Risk (High Value),0.4244,Medium Risk,1.0
13480,2010-01-29,2010-10-19,2,627.8199999999999,417,2,627.8199999999999,1,2,3,6,Hibernating / Churned,0.6705,Medium Risk,1.0
13481,2009-12-04,2011-10-25,11,3830.84,46,11,3830.84,4,5,5,14,Champions,0.1016,Low Risk,0.0
13482,2010-03-22,2011-04-21,2,336.09,233,2,336.09,2,2,2,6,Hibernating / Churned,0.7365,High Risk,1.0
13483,2011-10-05,2011-10-05,1,140.34,66,1,140.34,3,1,1,5,Needs Attention,,Not Scored (Recent),
13484,2010-03-10,2011-04-12,3,790.72,242,3,790.72,2,3,3,8,At Risk (High Value),0.602,Medium Risk,1.0
13485,2009-12-03,2011-04-20,11,3019.22,234,11,3019.22,2,5,5,12,At Risk (High Value),0.282,Low Risk,1.0
13486,2011-07-07,2011-09-22,3,1122.41,79,3,1122.41,3,3,3,9,Needs Attention,0.33,Low Risk,0.0
13487,2009-12-05,2011-10-13,5,846.87,58,5,846.87,4,4,3,11,Loyal Users,0.5009,Medium Risk,0.0
13488,2010-01-25,2011-11-22,23,15587.88,18,23,15587.88,5,5,5,15,Champions,0.0782,Low Risk,0.0
13489,2011-02-18,2011-08-26,4,449.52,106,4,449.52,3,3,2,8,Needs Attention,0.3799,Low Risk,1.0
13490,2010-02-23,2010-02-23,1,154.25,655,1,154.25,1,1,1,3,Hibernating / Churned,0.8661,High Risk,1.0
13491,2009-12-07,2011-10-19,27,4566.56,52,27,4566.56,4,5,5,14,Champions,0.0668,Low Risk,0.0
13492,2011-05-09,2011-07-26,3,1269.84,137,3,1269.84,3,3,4,10,Needs Attention,0.307,Low Risk,1.0
13493,2011-02-25,2011-03-09,2,618.63,276,2,618.63,2,2,3,7,At Risk (High Value),0.6064,Medium Risk,1.0
13494,2011-02-01,2011-02-01,1,316.26,312,1,316.26,2,1,2,5,Hibernating / Churned,0.7362,High Risk,1.0
13495,2009-12-07,2011-12-02,10,5374.26,8,10,5374.26,5,5,5,15,Champions,0.2862,Low Risk,0.0
13496,2010-12-15,2011-11-29,2,653.33,11,2,653.33,5,2,3,10,New / Promising,0.6738,Medium Risk,0.0
13497,2010-02-08,2011-03-02,6,1320.33,283,6,1320.33,2,4,4,10,At Risk (High Value),0.4113,Medium Risk,1.0
13498,2009-12-09,2009-12-09,1,327.38,731,1,327.38,1,1,2,4,Hibernating / Churned,0.8555,High Risk,1.0
13499,2011-03-15,2011-11-22,5,1159.11,18,5,1159.11,5,4,3,12,Loyal Users,0.5457,Medium Risk,0.0
13500,2010-11-03,2011-11-16,4,1466.3,24,4,1466.3,4,4,4,12,Champions,0.4149,Medium Risk,0.0
13501,2010-05-18,2011-02-24,3,2885.11,289,3,2885.11,2,3,4,9,At Risk (High Value),0.5083,Medium Risk,1.0
13502,2010-06-09,2011-11-23,5,780.5,17,5,780.5,5,4,3,12,Loyal Users,0.5244,Medium Risk,0.0
13503,2010-02-16,2011-09-29,6,1905.39,72,6,1905.39,3,4,4,11,Needs Attention,0.6026,Medium Risk,0.0
13504,2011-10-06,2011-10-06,1,295.93,65,1,295.93,3,1,2,6,Needs Attention,,Not Scored (Recent),
13505,2011-04-21,2011-09-28,4,4393.63,73,4,4393.63,3,4,5,12,Needs Attention,0.2629,Low Risk,0.0
13506,2010-09-05,2011-01-27,5,1639.2,317,5,1639.2,2,4,4,10,At Risk (High Value),0.4665,Medium Risk,1.0
13507,2011-07-17,2011-12-06,4,2479.16,4,4,2479.16,5,4,4,13,Champions,0.2517,Low Risk,0.0
13508,2010-03-07,2011-04-10,2,287.05,244,2,287.05,2,2,1,5,Hibernating / Churned,0.7249,High Risk,1.0
13509,2010-07-20,2011-12-01,8,1114.72,9,8,1114.72,5,4,3,12,Loyal Users,0.3955,Low Risk,0.0
13510,2009-12-21,2011-12-08,11,4558.29,2,11,4558.29,5,5,5,15,Champions,0.1803,Low Risk,0.0
13511,2010-02-01,2010-02-01,1,282.76,677,1,282.76,1,1,1,3,Hibernating / Churned,0.861,High Risk,1.0
13512,2010-05-05,2011-03-24,4,713.39,261,4,713.39,2,3,3,8,At Risk (High Value),0.5088,Medium Risk,1.0
13513,2010-02-22,2011-08-05,3,824.59,127,3,824.59,3,3,3,9,Needs Attention,0.5126,Medium Risk,1.0
13514,2010-01-26,2011-09-27,4,815.9,74,4,815.9,3,3,3,9,Needs Attention,0.6229,Medium Risk,0.0
13515,2010-03-05,2011-09-28,6,1265.82,73,6,1265.82,3,4,4,11,Needs Attention,0.398,Low Risk,0.0
13516,2010-10-18,2011-11-18,4,1685.26,22,4,1685.26,4,4,4,12,Champions,0.5979,Medium Risk,0.0
13517,2011-06-13,2011-10-11,3,2128.42,60,3,2128.42,3,3,4,10,Needs Attention,0.287,Low Risk,0.0
13518,2011-09-15,2011-09-15,1,659.44,86,1,659.44,3,2,3,8,Needs Attention,,Not Scored (Recent),
13519,2010-09-23,2011-09-22,2,343.21,79,2,343.21,3,2,2,7,Needs Attention,0.7369,High Risk,0.0
13520,2009-12-17,2011-10-12,11,6909.4,59,11,6909.4,4,5,5,14,Champions,0.1311,Low Risk,0.0
13521,2011-11-29,2011-12-08,3,1093.65,2,3,1093.65,5,3,3,11,Loyal Users,,Not Scored (Recent),
13522,2011-11-09,2011-11-09,1,125.8,31,1,125.8,4,1,1,6,New / Promising,,Not Scored (Recent),
13523,2010-11-02,2011-11-06,6,5101.5199999999995,34,6,5101.5199999999995,4,4,5,13,Champions,0.3057,Low Risk,0.0
13524,2011-05-04,2011-10-30,5,680.18,41,5,680.18,4,4,3,11,Loyal Users,0.3712,Low Risk,0.0
13525,2011-04-05,2011-11-25,2,628.78,15,2,628.78,5,2,3,10,New / Promising,0.7695,High Risk,0.0
13526,2009-12-01,2009-12-01,2,1182.0,739,2,1182.0,1,3,3,7,Hibernating / Churned,0.778,High Risk,1.0
13527,2010-01-21,2011-11-06,12,4683.74,34,12,4683.74,4,5,5,14,Champions,0.14,Low Risk,0.0
13529,2011-05-19,2011-09-22,2,307.76,79,2,307.76,3,2,2,7,Needs Attention,0.7251,High Risk,0.0
13530,2010-03-15,2010-03-15,1,402.98,635,1,402.98,1,2,2,5,Hibernating / Churned,0.859,High Risk,1.0
13531,2009-12-03,2011-05-18,6,1738.52,206,6,1738.52,2,4,4,10,At Risk (High Value),0.3681,Low Risk,1.0
13532,2011-11-06,2011-11-06,1,210.31,34,1,210.31,4,1,1,6,New / Promising,,Not Scored (Recent),
13533,2011-03-17,2011-06-10,3,270.79,183,3,270.79,3,3,1,7,Needs Attention,0.4109,Medium Risk,1.0
13534,2010-07-07,2011-12-07,35,7720.9,3,35,7720.9,5,5,5,15,Champions,0.0634,Low Risk,0.0
13535,2010-11-02,2010-11-02,1,89.5,403,1,89.5,2,1,1,4,Hibernating / Churned,0.846,High Risk,1.0
13536,2011-09-25,2011-12-08,7,3448.29,2,7,3448.29,5,4,5,14,Champions,,Not Scored (Recent),
13537,2010-09-14,2010-10-10,2,717.85,426,2,717.85,1,2,3,6,Hibernating / Churned,0.654,Medium Risk,1.0
13538,2010-02-02,2011-10-27,12,3112.73,44,12,3112.73,4,5,5,14,Champions,0.1756,Low Risk,0.0
13539,2010-04-28,2011-09-15,7,1569.36,86,7,1569.36,3,4,4,11,Needs Attention,0.4254,Medium Risk,0.0
13540,2010-02-22,2010-08-29,3,632.39,468,3,632.39,1,3,3,7,Hibernating / Churned,0.7135,High Risk,1.0
13541,2010-05-18,2010-10-08,2,785.25,428,2,785.25,1,2,3,6,Hibernating / Churned,0.6899,Medium Risk,1.0
13542,2009-12-10,2010-11-28,17,4006.17,377,17,4006.17,2,5,5,12,At Risk (High Value),0.49,Medium Risk,1.0
13543,2010-01-21,2010-03-15,2,1439.61,635,2,1439.61,1,3,4,8,Hibernating / Churned,0.7362,High Risk,1.0
13544,2010-03-05,2011-10-31,6,829.0,40,6,829.0,4,4,3,11,Loyal Users,0.4379,Medium Risk,0.0
13545,2010-06-13,2010-11-14,2,374.64,391,2,374.64,2,2,2,6,Hibernating / Churned,0.6829,Medium Risk,1.0
13546,2010-10-11,2011-11-27,5,1092.14,13,5,1092.14,5,4,3,12,Loyal Users,0.4095,Medium Risk,0.0
13547,2010-10-27,2010-10-27,1,175.53,409,1,175.53,2,1,1,4,Hibernating / Churned,0.7932,High Risk,1.0
13548,2010-08-25,2011-09-04,3,908.99,97,3,908.99,3,3,3,9,Needs Attention,0.4538,Medium Risk,1.0
13549,2010-11-17,2011-11-14,8,1005.8,26,8,1005.8,4,4,3,11,Loyal Users,0.3312,Low Risk,0.0
13550,2010-11-21,2010-11-21,1,349.51,384,1,349.51,2,1,2,5,Hibernating / Churned,0.7598,High Risk,1.0
13551,2010-02-11,2011-01-24,2,244.20000000000002,320,2,244.20000000000002,2,2,1,5,Hibernating / Churned,0.7283,High Risk,1.0
13552,2010-02-19,2011-10-04,22,6978.92,67,22,6978.92,3,5,5,13,Needs Attention,0.0944,Low Risk,0.0
13553,2010-02-03,2010-02-03,1,517.8,675,1,517.8,1,2,2,5,Hibernating / Churned,0.7257,High Risk,1.0
13554,2010-09-19,2010-11-24,7,1638.28,381,7,1638.28,2,4,4,10,At Risk (High Value),0.5315,Medium Risk,1.0
13555,2010-01-19,2011-09-27,13,8999.19,74,13,8999.19,3,5,5,13,Needs Attention,0.1798,Low Risk,0.0
13556,2010-09-30,2010-10-06,2,200.82,430,2,200.82,1,2,1,4,Hibernating / Churned,0.7108,High Risk,1.0
13557,2009-12-08,2011-11-11,13,3032.2599999999998,29,13,3032.2599999999998,4,5,5,14,Champions,0.2961,Low Risk,0.0
13558,2011-10-02,2011-12-04,4,605.0600000000001,6,4,605.0600000000001,5,3,2,10,Loyal Users,,Not Scored (Recent),
13559,2010-06-14,2010-07-15,2,990.0,513,2,990.0,1,3,3,7,Hibernating / Churned,0.7468,High Risk,1.0
13560,2011-12-02,2011-12-02,1,174.37,8,1,174.37,5,1,1,7,New / Promising,,Not Scored (Recent),
13561,2010-02-28,2011-05-08,11,1820.72,216,11,1820.72,2,5,4,11,At Risk (High Value),0.3239,Low Risk,1.0
13562,2010-01-14,2011-09-19,8,4838.18,82,8,4838.18,3,5,5,13,Needs Attention,0.205,Low Risk,0.0
13563,2011-07-22,2011-09-16,2,777.53,85,2,777.53,3,2,3,8,Needs Attention,0.4696,Medium Risk,0.0
13564,2009-12-02,2011-07-18,37,17249.55,145,37,17249.55,3,5,5,13,Needs Attention,0.1579,Low Risk,1.0
13565,2010-10-24,2011-11-20,3,414.8,20,3,414.8,4,3,2,9,Loyal Users,0.6416,Medium Risk,0.0
13566,2010-03-10,2011-10-30,5,1708.12,41,5,1708.12,4,4,4,12,Champions,0.5071,Medium Risk,0.0
13567,2010-06-16,2010-10-07,4,1083.69,429,4,1083.69,1,3,3,7,Hibernating / Churned,0.5921,Medium Risk,1.0
13568,2011-06-19,2011-06-19,1,192.85,174,1,192.85,3,1,1,5,Needs Attention,0.6645,Medium Risk,1.0
13569,2010-10-07,2011-11-22,4,893.78,18,4,893.78,5,3,3,11,Loyal Users,0.4595,Medium Risk,0.0
13570,2011-04-10,2011-04-10,1,239.49,244,1,239.49,2,1,1,4,Hibernating / Churned,0.7267,High Risk,1.0
13571,2009-12-08,2011-11-27,26,4546.54,13,26,4546.54,5,5,5,15,Champions,0.0787,Low Risk,0.0
13572,2011-05-18,2011-05-18,1,1384.25,206,1,1384.25,2,2,4,8,At Risk (High Value),0.6054,Medium Risk,1.0
13573,2010-03-12,2011-10-20,6,916.47,51,6,916.47,4,4,3,11,Loyal Users,0.4655,Medium Risk,0.0
13574,2010-10-24,2010-10-24,1,421.25,412,1,421.25,1,2,2,5,Hibernating / Churned,0.7212,High Risk,1.0
13575,2011-06-16,2011-11-16,5,732.07,24,5,732.07,4,4,3,11,Loyal Users,0.3768,Low Risk,0.0
13576,2009-12-08,2011-11-29,28,11551.74,11,28,11551.74,5,5,5,15,Champions,0.0242,Low Risk,0.0
13577,2009-12-14,2011-11-14,11,3489.28,26,11,3489.28,4,5,5,14,Champions,0.1109,Low Risk,0.0
13578,2010-10-26,2010-10-26,1,147.66,410,1,147.66,2,1,1,4,Hibernating / Churned,0.7991,High Risk,1.0
13579,2010-02-18,2011-11-25,5,1539.04,15,5,1539.04,5,4,4,13,Champions,0.5623,Medium Risk,0.0
13580,2010-10-29,2010-10-29,1,107.75,407,1,107.75,2,1,1,4,Hibernating / Churned,0.8282,High Risk,1.0
13581,2010-10-21,2011-02-03,2,280.53000000000003,310,2,280.53000000000003,2,2,1,5,Hibernating / Churned,0.6497,Medium Risk,1.0
13582,2010-04-01,2010-11-15,2,241.68,390,2,241.68,2,2,1,5,Hibernating / Churned,0.7092,High Risk,1.0
13583,2010-01-29,2011-07-07,2,1445.03,156,2,1445.03,3,3,4,10,Needs Attention,0.6719,Medium Risk,1.0
13584,2010-02-02,2011-02-06,3,392.45,307,3,392.45,2,3,2,7,At Risk (High Value),0.6214,Medium Risk,1.0
13585,2009-12-01,2010-06-27,3,684.54,531,3,684.54,1,3,3,7,Hibernating / Churned,0.7079,High Risk,1.0
13586,2010-06-16,2010-06-16,1,131.53,542,1,131.53,1,1,1,3,Hibernating / Churned,0.8384,High Risk,1.0
13587,2010-02-14,2011-10-07,4,1673.5,64,4,1673.5,3,4,4,11,Needs Attention,0.6197,Medium Risk,0.0
13588,2011-03-29,2011-11-24,9,2478.95,16,9,2478.95,5,5,4,14,Champions,0.2547,Low Risk,0.0
13589,2009-12-06,2011-11-25,6,1120.74,15,6,1120.74,5,4,3,12,Loyal Users,0.4202,Medium Risk,0.0
13590,2009-12-01,2011-11-28,18,6349.59,12,18,6349.59,5,5,5,15,Champions,0.0911,Low Risk,0.0
13591,2009-12-14,2011-10-06,7,2093.94,65,7,2093.94,3,4,4,11,Needs Attention,0.3656,Low Risk,0.0
13592,2011-03-20,2011-11-04,4,247.96,36,4,247.96,4,3,1,8,Loyal Users,0.4397,Medium Risk,0.0
13593,2010-03-02,2011-08-23,14,5523.69,109,14,5523.69,3,5,5,13,Needs Attention,0.0989,Low Risk,1.0
13594,2010-08-11,2011-10-18,2,533.32,53,2,533.32,4,2,2,8,New / Promising,0.8412,High Risk,0.0
13595,2010-03-03,2010-07-11,3,818.22,517,3,818.22,1,3,3,7,Hibernating / Churned,0.662,Medium Risk,1.0
13596,2011-11-27,2011-12-04,2,697.04,6,2,697.04,5,2,3,10,New / Promising,,Not Scored (Recent),
13597,2010-11-02,2010-11-04,2,396.71,401,2,396.71,2,2,2,6,Hibernating / Churned,0.7438,High Risk,1.0
13598,2010-02-26,2011-10-23,5,789.59,48,5,789.59,4,4,3,11,Loyal Users,0.7179,High Risk,0.0
13599,2009-12-01,2011-12-08,33,10167.63,2,33,10167.63,5,5,5,15,Champions,0.0952,Low Risk,0.0
13600,2010-03-15,2011-01-31,2,518.42,313,2,518.42,2,2,2,6,Hibernating / Churned,0.6535,Medium Risk,1.0
13601,2010-06-11,2011-10-25,4,1185.14,46,4,1185.14,4,3,3,10,Loyal Users,0.4388,Medium Risk,0.0
13602,2010-05-28,2011-10-06,4,1025.17,65,4,1025.17,3,3,3,9,Needs Attention,0.5833,Medium Risk,0.0
13603,2011-11-13,2011-11-13,1,164.34,27,1,164.34,4,1,1,6,New / Promising,,Not Scored (Recent),
13604,2010-02-19,2010-02-19,1,717.62,659,1,717.62,1,2,3,6,Hibernating / Churned,0.778,High Risk,1.0
13605,2010-05-17,2010-11-17,2,522.67,388,2,522.67,2,2,2,6,Hibernating / Churned,0.6328,Medium Risk,1.0
13606,2011-02-01,2011-11-10,3,280.54,30,3,280.54,4,3,1,8,Loyal Users,0.5248,Medium Risk,0.0
13607,2010-11-02,2011-10-30,2,1078.31,41,2,1078.31,4,3,3,10,Loyal Users,0.7288,High Risk,0.0
13608,2010-06-17,2010-06-17,1,236.2,541,1,236.2,1,1,1,3,Hibernating / Churned,0.8181,High Risk,1.0
13609,2010-04-25,2010-04-25,1,167.35,594,1,167.35,1,1,1,3,Hibernating / Churned,0.8553,High Risk,1.0
13610,2010-01-05,2011-11-27,14,2175.88,13,14,2175.88,5,5,4,14,Champions,0.1838,Low Risk,0.0
13611,2009-12-03,2011-09-11,10,3319.53,90,10,3319.53,3,5,5,13,Needs Attention,0.1684,Low Risk,0.0
13612,2010-03-17,2010-03-17,1,818.29,633,1,818.29,1,2,3,6,Hibernating / Churned,0.7555,High Risk,1.0
13613,2010-02-17,2010-09-13,5,1039.85,453,5,1039.85,1,4,3,8,Hibernating / Churned,0.6722,Medium Risk,1.0
13614,2010-06-06,2011-11-15,6,2359.19,25,6,2359.19,4,4,4,12,Champions,0.3801,Low Risk,0.0
13615,2010-01-28,2011-01-25,8,6272.53,319,8,6272.53,2,5,5,12,At Risk (High Value),0.4053,Medium Risk,1.0
13616,2010-01-17,2010-05-20,2,288.1,569,2,288.1,1,2,1,4,Hibernating / Churned,0.8306,High Risk,1.0
13617,2010-08-01,2011-10-30,8,1278.75,41,8,1278.75,4,4,4,12,Champions,0.3145,Low Risk,0.0
13618,2011-06-19,2011-06-19,1,177.34,174,1,177.34,3,1,1,5,Needs Attention,0.6673,Medium Risk,1.0
13619,2010-02-03,2010-06-13,2,231.69,545,2,231.69,1,2,1,4,Hibernating / Churned,0.7998,High Risk,1.0
13620,2010-06-29,2010-06-29,1,112.34,529,1,112.34,1,1,1,3,Hibernating / Churned,0.8545,High Risk,1.0
13621,2011-08-15,2011-08-15,1,213.85,117,1,213.85,3,1,1,5,Needs Attention,0.5288,Medium Risk,1.0
13622,2010-01-12,2010-01-12,1,658.95,697,1,658.95,1,2,3,6,Hibernating / Churned,0.7546,High Risk,1.0
13623,2009-12-02,2011-11-09,10,2566.49,31,10,2566.49,4,5,4,13,Champions,0.1846,Low Risk,0.0
13624,2010-11-16,2010-11-16,1,462.08,389,1,462.08,2,2,2,6,Hibernating / Churned,0.7012,High Risk,1.0
13625,2010-04-22,2010-04-22,1,301.26,597,1,301.26,1,1,2,4,Hibernating / Churned,0.8337,High Risk,1.0
13626,2010-11-25,2011-04-01,2,707.04,253,2,707.04,2,2,3,7,At Risk (High Value),0.5538,Medium Risk,1.0
13627,2010-03-09,2011-10-11,7,2245.9,60,7,2245.9,3,4,4,11,Needs Attention,0.379,Low Risk,0.0
13628,2010-02-01,2010-02-01,1,310.14,677,1,310.14,1,1,2,4,Hibernating / Churned,0.8549,High Risk,1.0
13629,2010-02-11,2011-11-16,19,13370.86,24,19,13370.86,4,5,5,14,Champions,0.0866,Low Risk,0.0
13630,2011-02-27,2011-12-04,7,2031.78,6,7,2031.78,5,4,4,13,Champions,0.2349,Low Risk,0.0
13631,2011-03-17,2011-09-01,11,3070.42,100,11,3070.42,3,5,5,13,Needs Attention,0.2183,Low Risk,1.0
13632,2010-04-07,2011-11-15,8,3648.15,25,8,3648.15,4,5,5,14,Champions,0.2903,Low Risk,0.0
13634,2010-01-10,2011-11-06,16,5073.47,34,16,5073.47,4,5,5,14,Champions,0.1064,Low Risk,0.0
13635,2009-12-01,2011-10-03,4,2999.16,68,4,2999.16,3,4,5,12,Needs Attention,0.5926,Medium Risk,0.0
13636,2011-02-27,2011-11-03,5,949.12,37,5,949.12,4,4,3,11,Loyal Users,0.3276,Low Risk,0.0
13637,2011-04-27,2011-10-18,3,810.5,53,3,810.5,4,3,3,10,Loyal Users,0.3429,Low Risk,0.0
13638,2011-11-24,2011-11-24,1,122.64,16,1,122.64,5,1,1,7,New / Promising,,Not Scored (Recent),
13639,2010-09-29,2011-09-26,2,1346.27,75,2,1346.27,3,3,4,10,Needs Attention,0.7373,High Risk,0.0
13640,2010-04-07,2010-04-07,1,405.0,612,1,405.0,1,2,2,5,Hibernating / Churned,0.8411,High Risk,1.0
13641,2009-12-05,2010-03-09,5,1016.47,641,5,1016.47,1,4,3,8,Hibernating / Churned,0.7332,High Risk,1.0
13642,2010-10-03,2011-05-08,4,514.72,216,4,514.72,2,3,2,7,At Risk (High Value),0.4522,Medium Risk,1.0
13643,2009-12-08,2011-11-08,10,2156.77,32,10,2156.77,4,5,4,13,Champions,0.2931,Low Risk,0.0
13644,2011-08-26,2011-11-23,4,2624.2599999999998,17,4,2624.2599999999998,5,4,4,13,Champions,0.4425,Medium Risk,0.0
13645,2011-08-11,2011-08-11,1,252.1,121,1,252.1,3,1,1,5,Needs Attention,0.6258,Medium Risk,1.0
13646,2010-11-05,2010-11-05,2,326.25,400,2,326.25,2,2,2,6,Hibernating / Churned,0.7473,High Risk,1.0
13647,2010-04-15,2011-11-30,8,3071.68,10,8,3071.68,5,4,5,14,Champions,0.3259,Low Risk,0.0
13648,2009-12-01,2010-11-04,8,1764.02,401,8,1764.02,2,4,4,10,At Risk (High Value),0.4501,Medium Risk,1.0
13649,2010-06-30,2011-03-28,6,1678.88,257,6,1678.88,2,4,4,10,At Risk (High Value),0.3847,Low Risk,1.0
13650,2010-01-26,2011-11-23,10,3288.0,17,10,3288.0,5,5,5,15,Champions,0.3303,Low Risk,0.0
13651,2010-11-23,2011-11-04,3,226.85,36,3,226.85,4,3,1,8,Loyal Users,0.8007,High Risk,0.0
13652,2010-02-25,2011-10-25,5,2570.85,46,5,2570.85,4,4,4,12,Champions,0.4453,Medium Risk,0.0
13653,2010-08-09,2010-08-09,1,152.2,488,1,152.2,1,1,1,3,Hibernating / Churned,0.8364,High Risk,1.0
13654,2009-12-02,2011-10-27,11,6308.0,44,11,6308.0,4,5,5,14,Champions,0.1628,Low Risk,0.0
13655,2010-04-27,2011-08-17,6,2280.5099999999998,115,6,2280.5099999999998,3,4,4,11,Needs Attention,0.3391,Low Risk,1.0
13656,2010-04-23,2011-06-28,4,1078.85,165,4,1078.85,3,3,3,9,Needs Attention,0.4487,Medium Risk,1.0
13657,2011-05-22,2011-11-29,2,382.14,11,2,382.14,5,2,2,9,New / Promising,0.6609,Medium Risk,0.0
13658,2010-02-05,2011-11-30,9,6025.5,10,9,6025.5,5,5,5,15,Champions,0.3218,Low Risk,0.0
13659,2010-02-17,2011-05-18,12,4894.88,206,12,4894.88,2,5,5,12,At Risk (High Value),0.1883,Low Risk,1.0
13660,2010-11-04,2010-11-04,1,314.59,401,1,314.59,2,1,2,5,Hibernating / Churned,0.7539,High Risk,1.0
13661,2010-04-15,2010-04-15,1,325.24,604,1,325.24,1,1,2,4,Hibernating / Churned,0.8344,High Risk,1.0
13662,2010-02-19,2011-09-15,11,2250.11,86,11,2250.11,3,5,4,12,Needs Attention,0.2653,Low Risk,0.0
13663,2010-03-03,2011-06-13,5,2047.51,180,5,2047.51,3,4,4,11,Needs Attention,0.3918,Low Risk,1.0
13665,2010-07-23,2010-11-18,3,1711.66,387,3,1711.66,2,3,4,9,At Risk (High Value),0.5547,Medium Risk,1.0
13666,2009-12-04,2011-10-10,5,127.9,61,5,127.9,3,4,1,8,Needs Attention,0.5963,Medium Risk,0.0
13667,2011-07-13,2011-07-13,1,305.02,150,1,305.02,3,1,2,6,Needs Attention,0.4825,Medium Risk,1.0
13668,2009-12-11,2011-12-07,35,13089.94,3,35,13089.94,5,5,5,15,Champions,0.026,Low Risk,0.0
13669,2010-10-28,2011-10-20,3,413.55,51,3,413.55,4,3,2,9,Loyal Users,0.5576,Medium Risk,0.0
13670,2011-09-25,2011-09-25,1,349.7,76,1,349.7,3,1,2,6,Needs Attention,,Not Scored (Recent),
13671,2010-11-10,2010-11-10,1,194.95,395,1,194.95,2,1,1,4,Hibernating / Churned,0.7584,High Risk,1.0
13672,2009-12-09,2011-02-11,3,419.92,302,3,419.92,2,3,2,7,At Risk (High Value),0.7266,High Risk,1.0
13673,2011-11-07,2011-11-21,2,396.92,19,2,396.92,5,2,2,9,New / Promising,,Not Scored (Recent),
13674,2010-10-03,2010-10-03,1,240.67999999999998,433,1,240.67999999999998,1,1,1,3,Hibernating / Churned,0.7347,High Risk,1.0
13675,2011-02-28,2011-07-11,2,486.82,152,2,486.82,3,2,2,7,Needs Attention,0.4553,Medium Risk,1.0
13676,2010-03-30,2010-06-18,2,243.9,540,2,243.9,1,2,1,4,Hibernating / Churned,0.8219,High Risk,1.0
13677,2010-07-07,2010-10-31,2,556.19,405,2,556.19,2,2,2,6,Hibernating / Churned,0.5574,Medium Risk,1.0
13678,2011-07-11,2011-07-11,1,232.6,152,1,232.6,3,1,1,5,Needs Attention,0.5245,Medium Risk,1.0
13679,2009-12-04,2010-08-03,3,281.26,494,3,281.26,1,3,1,5,Hibernating / Churned,0.7892,High Risk,1.0
13680,2009-12-04,2011-12-08,12,11435.67,2,12,11435.67,5,5,5,15,Champions,0.3291,Low Risk,0.0
13681,2011-07-07,2011-11-22,4,827.83,18,4,827.83,5,3,3,11,Loyal Users,0.5893,Medium Risk,0.0
13682,2011-06-05,2011-06-05,1,59.5,188,1,59.5,3,1,1,5,Needs Attention,0.7154,High Risk,1.0
13683,2010-09-08,2010-09-08,1,258.6,458,1,258.6,1,1,1,3,Hibernating / Churned,0.7863,High Risk,1.0
13684,2010-03-28,2011-02-27,4,596.98,286,4,596.98,2,3,2,7,At Risk (High Value),0.4558,Medium Risk,1.0
13685,2011-10-10,2011-12-07,7,3119.44,3,7,3119.44,5,4,5,14,Champions,,Not Scored (Recent),
13686,2010-11-03,2011-06-10,3,409.04,183,3,409.04,3,3,2,8,Needs Attention,0.4709,Medium Risk,1.0
13687,2010-09-27,2010-09-27,1,11880.84,439,1,11880.84,1,2,5,8,Hibernating / Churned,0.7601,High Risk,1.0
13688,2010-03-14,2010-03-14,1,375.5,636,1,375.5,1,2,2,5,Hibernating / Churned,0.8732,High Risk,1.0
13689,2010-09-21,2011-10-07,2,1259.5,64,2,1259.5,3,3,4,10,Needs Attention,0.7736,High Risk,0.0
13690,2011-10-11,2011-10-11,1,172.25,60,1,172.25,3,1,1,5,Needs Attention,,Not Scored (Recent),
13691,2010-11-08,2010-11-08,1,212.78,397,1,212.78,2,1,1,4,Hibernating / Churned,0.7393,High Risk,1.0
13692,2010-10-15,2011-11-15,5,3114.4,25,5,3114.4,4,4,5,13,Champions,0.364,Low Risk,0.0
13693,2009-12-07,2010-11-30,9,2011.82,375,9,2011.82,2,5,4,11,At Risk (High Value),0.3979,Low Risk,1.0
13694,2009-12-04,2011-12-06,143,196482.81,4,143,196482.81,5,5,5,15,Champions,0.0334,Low Risk,0.0
13695,2010-05-11,2011-11-08,16,2770.73,32,16,2770.73,4,5,4,13,Champions,0.2805,Low Risk,0.0
13696,2010-02-11,2010-10-14,3,2020.3999999999999,422,3,2020.3999999999999,1,3,4,8,Hibernating / Churned,0.6503,Medium Risk,1.0
13697,2011-11-01,2011-11-01,1,151.3,39,1,151.3,4,1,1,6,New / Promising,,Not Scored (Recent),
13698,2010-01-27,2010-04-22,2,465.53000000000003,597,2,465.53000000000003,1,2,2,5,Hibernating / Churned,0.7953,High Risk,1.0
13699,2010-06-07,2011-07-07,2,764.15,156,2,764.15,3,2,3,8,Needs Attention,0.6856,Medium Risk,1.0
13700,2010-02-07,2011-11-13,13,2613.46,27,13,2613.46,4,5,4,13,Champions,0.2776,Low Risk,0.0
13701,2010-09-19,2010-09-19,1,161.0,447,1,161.0,1,1,1,3,Hibernating / Churned,0.7827,High Risk,1.0
13702,2010-09-20,2010-09-20,1,135.18,446,1,135.18,1,1,1,3,Hibernating / Churned,0.804,High Risk,1.0
13703,2010-10-20,2011-01-25,2,425.56,319,2,425.56,2,2,2,6,Hibernating / Churned,0.6614,Medium Risk,1.0
13704,2011-09-12,2011-12-04,9,2308.06,6,9,2308.06,5,5,4,14,Champions,,Not Scored (Recent),
13705,2010-03-25,2011-12-02,7,2035.33,8,7,2035.33,5,4,4,13,Champions,0.3923,Low Risk,0.0
13706,2010-03-23,2011-02-10,2,631.17,303,2,631.17,2,2,3,7,At Risk (High Value),0.649,Medium Risk,1.0
13707,2010-06-21,2011-03-17,5,3365.86,268,5,3365.86,2,4,5,11,At Risk (High Value),0.3779,Low Risk,1.0
13708,2011-03-13,2011-03-13,1,296.88,272,1,296.88,2,1,2,5,Hibernating / Churned,0.7383,High Risk,1.0
13709,2010-01-11,2011-12-06,18,7591.75,4,18,7591.75,5,5,5,15,Champions,0.1127,Low Risk,0.0
13710,2010-04-06,2011-11-08,3,509.52,32,3,509.52,4,3,2,9,Loyal Users,0.7065,High Risk,0.0
13711,2009-12-15,2011-05-05,9,1792.26,219,9,1792.26,2,5,4,11,At Risk (High Value),0.341,Low Risk,1.0
13712,2010-04-08,2011-04-07,2,766.42,247,2,766.42,2,2,3,7,At Risk (High Value),0.7106,High Risk,1.0
13713,2010-05-05,2010-10-27,3,743.26,409,3,743.26,2,3,3,8,At Risk (High Value),0.5754,Medium Risk,1.0
13714,2010-08-31,2010-08-31,1,161.35,466,1,161.35,1,1,1,3,Hibernating / Churned,0.8347,High Risk,1.0
13715,2010-03-11,2011-03-03,17,8483.289999999999,282,17,8483.289999999999,2,5,5,12,At Risk (High Value),0.4217,Medium Risk,1.0
13716,2011-03-15,2011-03-15,1,138.28,270,1,138.28,2,1,1,4,Hibernating / Churned,0.7891,High Risk,1.0
13717,2010-08-11,2011-11-07,8,1763.3,33,8,1763.3,4,4,4,12,Champions,0.3053,Low Risk,0.0
13718,2011-02-17,2011-04-07,2,306.55,247,2,306.55,2,2,2,6,Hibernating / Churned,0.6038,Medium Risk,1.0
13719,2010-05-17,2011-11-24,11,2815.25,16,11,2815.25,5,5,4,14,Champions,0.2289,Low Risk,0.0
13720,2011-03-30,2011-08-15,4,799.9,117,4,799.9,3,3,3,9,Needs Attention,0.3244,Low Risk,1.0
13721,2010-11-09,2011-11-03,2,741.54,37,2,741.54,4,2,3,9,New / Promising,0.7561,High Risk,0.0
13722,2010-03-03,2011-07-31,10,5635.41,132,10,5635.41,3,5,5,13,Needs Attention,0.1487,Low Risk,1.0
13723,2010-04-07,2011-05-06,6,1209.2,218,6,1209.2,2,4,3,9,At Risk (High Value),0.4762,Medium Risk,1.0
13724,2010-03-12,2010-03-12,1,213.01,638,1,213.01,1,1,1,3,Hibernating / Churned,0.8438,High Risk,1.0
13725,2011-02-04,2011-10-21,8,1980.56,50,8,1980.56,4,4,4,12,Champions,0.2212,Low Risk,0.0
13726,2011-08-31,2011-11-01,2,1079.66,39,2,1079.66,4,3,3,10,Loyal Users,0.4532,Medium Risk,0.0
13727,2009-12-09,2011-11-11,8,1080.05,29,8,1080.05,4,4,3,11,Loyal Users,0.6856,Medium Risk,0.0
13728,2009-12-09,2011-11-03,16,2855.17,37,16,2855.17,4,5,4,13,Champions,0.0701,Low Risk,0.0
13729,2010-01-24,2010-09-30,3,724.73,436,3,724.73,1,3,3,7,Hibernating / Churned,0.6374,Medium Risk,1.0
13730,2011-07-01,2011-07-27,2,752.6,136,2,752.6,3,2,3,8,Needs Attention,0.3508,Low Risk,1.0
13731,2011-04-07,2011-05-04,2,610.59,220,2,610.59,2,2,2,6,Hibernating / Churned,0.5238,Medium Risk,1.0
13732,2011-11-11,2011-11-11,1,491.86,29,1,491.86,4,2,2,8,New / Promising,,Not Scored (Recent),
13733,2009-12-04,2010-10-25,2,487.03,411,2,487.03,1,2,2,5,Hibernating / Churned,0.6734,Medium Risk,1.0
13734,2010-04-16,2010-07-19,4,6701.64,509,4,6701.64,1,4,5,10,Hibernating / Churned,0.7454,High Risk,1.0
13735,2009-12-13,2011-11-15,13,9813.22,25,13,9813.22,4,5,5,14,Champions,0.1255,Low Risk,0.0
13736,2009-12-06,2011-12-04,7,2766.21,6,7,2766.21,5,4,4,13,Champions,0.332,Low Risk,0.0
13737,2011-05-23,2011-05-23,1,339.6,201,1,339.6,2,1,2,5,Hibernating / Churned,0.6039,Medium Risk,1.0
13738,2010-11-08,2010-11-08,1,440.93,397,1,440.93,2,2,2,6,Hibernating / Churned,0.709,High Risk,1.0
13739,2010-06-30,2011-11-21,2,292.2,19,2,292.2,5,2,2,9,New / Promising,0.8626,High Risk,0.0
13740,2009-12-02,2011-04-13,5,1597.77,241,5,1597.77,2,4,4,10,At Risk (High Value),0.4405,Medium Risk,1.0
13741,2011-05-06,2011-09-29,3,668.43,72,3,668.43,3,3,3,9,Needs Attention,0.3954,Low Risk,0.0
13742,2011-01-23,2011-11-23,12,3131.02,17,12,3131.02,5,5,5,15,Champions,0.1491,Low Risk,0.0
13743,2011-03-25,2011-12-07,7,1341.6,3,7,1341.6,5,4,4,13,Champions,0.2946,Low Risk,0.0
13744,2011-02-20,2011-09-05,2,1156.36,96,2,1156.36,3,3,3,9,Needs Attention,0.4312,Medium Risk,1.0
13745,2010-06-11,2011-06-30,2,777.36,163,2,777.36,3,2,3,8,Needs Attention,0.6859,Medium Risk,1.0
13746,2010-10-22,2010-10-22,1,176.69,414,1,176.69,1,1,1,3,Hibernating / Churned,0.8092,High Risk,1.0
13747,2010-10-11,2010-12-01,2,249.39999999999998,374,2,249.39999999999998,2,2,1,5,Hibernating / Churned,0.7063,High Risk,1.0
13748,2009-12-01,2011-09-05,9,2268.35,96,9,2268.35,3,5,4,12,Needs Attention,0.3307,Low Risk,1.0
13750,2010-04-01,2011-10-17,11,3602.18,54,11,3602.18,4,5,5,14,Champions,0.1601,Low Risk,0.0
13751,2011-02-24,2011-02-24,1,296.25,289,1,296.25,2,1,2,5,Hibernating / Churned,0.7603,High Risk,1.0
13752,2010-06-30,2011-08-07,7,1590.73,125,7,1590.73,3,4,4,11,Needs Attention,0.3159,Low Risk,1.0
13753,2009-12-03,2011-02-25,4,2094.57,288,4,2094.57,2,4,4,10,At Risk (High Value),0.5438,Medium Risk,1.0
13754,2010-09-28,2011-07-11,3,447.05,152,3,447.05,3,3,2,8,Needs Attention,0.4803,Medium Risk,1.0
13755,2011-10-07,2011-12-06,9,2161.35,4,9,2161.35,5,5,4,14,Champions,,Not Scored (Recent),
13756,2009-12-15,2011-12-07,23,9207.5,3,23,9207.5,5,5,5,15,Champions,0.1053,Low Risk,0.0
13757,2010-02-03,2010-02-03,1,195.55,675,1,195.55,1,1,1,3,Hibernating / Churned,0.8656,High Risk,1.0
13758,2009-12-01,2011-11-28,15,9416.98,12,15,9416.98,5,5,5,15,Champions,0.1699,Low Risk,0.0
13759,2011-09-29,2011-11-06,2,659.41,34,2,659.41,4,2,3,9,New / Promising,,Not Scored (Recent),
13760,2010-04-25,2011-10-16,5,1363.6399999999999,55,5,1363.6399999999999,4,4,4,12,Champions,0.4751,Medium Risk,0.0
13761,2010-02-21,2011-10-20,6,1952.17,51,6,1952.17,4,4,4,12,Champions,0.4005,Medium Risk,0.0
13762,2010-01-10,2011-05-05,5,2472.48,219,5,2472.48,2,4,4,10,At Risk (High Value),0.4579,Medium Risk,1.0
13763,2010-09-30,2011-10-07,3,5217.44,64,3,5217.44,3,3,5,11,Needs Attention,0.6534,Medium Risk,0.0
13764,2010-03-07,2011-09-30,6,2953.26,71,6,2953.26,3,4,4,11,Needs Attention,0.3368,Low Risk,0.0
13765,2010-02-24,2010-02-24,1,352.82,654,1,352.82,1,1,2,4,Hibernating / Churned,0.8602,High Risk,1.0
13766,2010-08-01,2010-08-01,1,190.35,496,1,190.35,1,1,1,3,Hibernating / Churned,0.8537,High Risk,1.0
13767,2009-12-01,2011-12-07,73,35540.53,3,73,35540.53,5,5,5,15,Champions,0.0189,Low Risk,0.0
13768,2009-12-09,2009-12-13,2,875.97,727,2,875.97,1,3,3,7,Hibernating / Churned,0.7407,High Risk,1.0
13769,2009-12-16,2011-12-07,20,5800.42,3,20,5800.42,5,5,5,15,Champions,0.066,Low Risk,0.0
13770,2009-12-09,2010-10-13,4,785.37,423,4,785.37,1,3,3,7,Hibernating / Churned,0.5978,Medium Risk,1.0
13771,2010-02-25,2011-10-06,9,5728.82,65,9,5728.82,3,5,5,13,Needs Attention,0.2623,Low Risk,0.0
13772,2010-02-23,2011-11-06,8,3114.22,34,8,3114.22,4,4,5,13,Champions,0.2243,Low Risk,0.0
13773,2010-02-18,2010-11-08,2,301.54,397,2,301.54,2,2,2,6,Hibernating / Churned,0.7256,High Risk,1.0
13774,2011-09-19,2011-09-19,1,345.0,82,1,345.0,3,1,2,6,Needs Attention,,Not Scored (Recent),
13775,2010-04-28,2010-04-28,1,1049.66,591,1,1049.66,1,2,3,6,Hibernating / Churned,0.7212,High Risk,1.0
13776,2010-10-07,2010-10-07,2,623.98,429,2,623.98,1,2,3,6,Hibernating / Churned,0.7252,High Risk,1.0
13777,2009-12-02,2011-12-09,61,56478.42,1,61,56478.42,5,5,5,15,Champions,0.0517,Low Risk,0.0
13778,2010-05-23,2011-08-28,4,1124.49,104,4,1124.49,3,3,3,9,Needs Attention,0.6405,Medium Risk,1.0
13779,2010-07-12,2010-07-12,1,161.13,516,1,161.13,1,1,1,3,Hibernating / Churned,0.8344,High Risk,1.0
13780,2010-10-28,2011-12-02,3,735.82,8,3,735.82,5,3,3,11,Loyal Users,0.4515,Medium Risk,0.0
13781,2009-12-18,2011-04-03,3,778.83,251,3,778.83,2,3,3,8,At Risk (High Value),0.6298,Medium Risk,1.0
13782,2009-12-06,2011-11-27,13,1793.72,13,13,1793.72,5,5,4,14,Champions,0.1769,Low Risk,0.0
13783,2010-02-04,2010-08-09,4,1542.09,488,4,1542.09,1,4,4,9,Hibernating / Churned,0.7163,High Risk,1.0
13784,2010-09-15,2011-11-30,14,2910.23,10,14,2910.23,5,5,4,14,Champions,0.1429,Low Risk,0.0
13785,2010-09-05,2010-10-07,4,542.49,429,4,542.49,1,3,2,6,Hibernating / Churned,0.659,Medium Risk,1.0
13786,2009-12-03,2010-12-07,6,3358.94,368,6,3358.94,2,4,5,11,At Risk (High Value),0.3663,Low Risk,1.0
13787,2010-01-14,2011-09-25,6,1222.5,76,6,1222.5,3,4,3,10,Needs Attention,0.5248,Medium Risk,0.0
13788,2010-07-22,2010-07-22,1,3.75,506,1,3.75,1,1,1,3,Hibernating / Churned,0.8415,High Risk,1.0
13789,2010-11-16,2010-11-16,1,239.46,389,1,239.46,2,1,1,4,Hibernating / Churned,0.756,High Risk,1.0
13790,2011-12-05,2011-12-05,1,348.8,5,1,348.8,5,1,2,8,New / Promising,,Not Scored (Recent),
13791,2011-06-24,2011-08-04,2,1516.0,128,2,1516.0,3,3,4,10,Needs Attention,0.4026,Medium Risk,1.0
13792,2010-10-13,2011-10-04,3,383.95,67,3,383.95,3,3,2,8,Needs Attention,0.6303,Medium Risk,0.0
13793,2010-03-03,2010-03-03,1,96.0,647,1,96.0,1,1,1,3,Hibernating / Churned,0.8834,High Risk,1.0
13794,2010-06-11,2010-06-11,1,126.03,547,1,126.03,1,1,1,3,Hibernating / Churned,0.8613,High Risk,1.0
13795,2010-03-12,2010-11-16,4,836.3,389,4,836.3,2,3,3,8,At Risk (High Value),0.5934,Medium Risk,1.0
13796,2010-07-28,2010-07-28,1,289.7,500,1,289.7,1,1,1,3,Hibernating / Churned,0.821,High Risk,1.0
13797,2010-03-02,2010-09-29,3,1179.45,437,3,1179.45,1,3,3,7,Hibernating / Churned,0.6274,Medium Risk,1.0
13798,2009-12-08,2011-12-08,110,75836.87,2,110,75836.87,5,5,5,15,Champions,0.0285,Low Risk,0.0
13799,2010-03-05,2011-08-15,9,2803.57,117,9,2803.57,3,5,4,12,Needs Attention,0.1717,Low Risk,1.0
13800,2009-12-03,2011-02-03,3,1679.56,310,3,1679.56,2,3,4,9,At Risk (High Value),0.5944,Medium Risk,1.0
13801,2011-10-04,2011-10-04,1,324.8,67,1,324.8,3,1,2,6,Needs Attention,,Not Scored (Recent),
13802,2010-02-16,2011-07-24,19,26259.11,139,19,26259.11,3,5,5,13,Needs Attention,0.122,Low Risk,1.0
13803,2010-03-31,2011-03-29,3,1338.91,256,3,1338.91,2,3,4,9,At Risk (High Value),0.5718,Medium Risk,1.0
13804,2010-09-29,2011-11-09,9,3208.52,31,9,3208.52,4,5,5,14,Champions,0.2565,Low Risk,0.0
13805,2011-08-02,2011-10-18,2,924.6,53,2,924.6,4,3,3,10,Loyal Users,0.5986,Medium Risk,0.0
13806,2011-10-07,2011-10-07,1,256.38,64,1,256.38,3,1,1,5,Needs Attention,,Not Scored (Recent),
13807,2009-12-04,2010-12-07,3,534.8,368,3,534.8,2,3,2,7,At Risk (High Value),0.6474,Medium Risk,1.0
13808,2011-09-04,2011-12-04,5,1747.66,6,5,1747.66,5,4,4,13,Champions,0.3985,Low Risk,0.0
13809,2010-09-05,2011-02-07,3,679.6999999999999,306,3,679.6999999999999,2,3,3,8,At Risk (High Value),0.5777,Medium Risk,1.0
13810,2011-10-14,2011-11-11,3,1499.01,29,3,1499.01,4,3,4,11,Loyal Users,,Not Scored (Recent),
13811,2011-04-14,2011-06-09,3,814.5,184,3,814.5,3,3,3,9,Needs Attention,0.4393,Medium Risk,1.0
13812,2011-08-26,2011-10-28,3,539.0,43,3,539.0,4,3,2,9,Loyal Users,0.4511,Medium Risk,0.0
13813,2009-12-06,2011-10-31,8,2765.47,40,8,2765.47,4,4,4,12,Champions,0.4964,Medium Risk,0.0
13814,2010-06-30,2011-09-08,3,2257.32,93,3,2257.32,3,3,4,10,Needs Attention,0.6264,Medium Risk,0.0
13815,2010-02-12,2011-11-17,8,7475.74,23,8,7475.74,4,5,5,14,Champions,0.256,Low Risk,0.0
13816,2011-10-06,2011-11-16,2,571.67,24,2,571.67,4,2,2,8,New / Promising,,Not Scored (Recent),
13817,2010-12-23,2011-11-10,2,382.98,30,2,382.98,4,2,2,8,New / Promising,0.8171,High Risk,0.0
13818,2010-10-06,2010-10-06,1,61.28,430,1,61.28,1,1,1,3,Hibernating / Churned,0.8494,High Risk,1.0
13819,2009-12-01,2011-02-11,6,2642.35,302,6,2642.35,2,4,4,10,At Risk (High Value),0.3691,Low Risk,1.0
13820,2010-01-28,2010-10-17,3,660.65,419,3,660.65,1,3,3,7,Hibernating / Churned,0.6166,Medium Risk,1.0
13821,2010-01-04,2011-07-18,6,1410.73,145,6,1410.73,3,4,4,11,Needs Attention,0.4032,Medium Risk,1.0
13822,2011-10-30,2011-12-04,2,632.0,6,2,632.0,5,2,3,10,New / Promising,,Not Scored (Recent),
13823,2009-12-15,2011-11-21,7,3403.45,19,7,3403.45,5,4,5,14,Champions,0.3803,Low Risk,0.0
13824,2010-03-12,2011-11-07,12,3314.76,33,12,3314.76,4,5,5,14,Champions,0.1403,Low Risk,0.0
13825,2009-12-09,2010-03-28,2,255.59,622,2,255.59,1,2,1,4,Hibernating / Churned,0.7972,High Risk,1.0
13826,2011-06-16,2011-06-16,1,189.5,177,1,189.5,3,1,1,5,Needs Attention,0.6839,Medium Risk,1.0
13827,2011-07-19,2011-10-13,3,412.05,58,3,412.05,4,3,2,9,Loyal Users,0.3603,Low Risk,0.0
13828,2011-11-17,2011-11-17,1,209.49,23,1,209.49,4,1,1,6,New / Promising,,Not Scored (Recent),
13829,2010-10-14,2010-10-14,1,102.0,422,1,102.0,1,1,1,3,Hibernating / Churned,0.8419,High Risk,1.0
13830,2010-05-07,2010-05-07,1,156.85,582,1,156.85,1,1,1,3,Hibernating / Churned,0.8578,High Risk,1.0
13831,2009-12-10,2011-11-23,18,7023.58,17,18,7023.58,5,5,5,15,Champions,0.129,Low Risk,0.0
13832,2010-10-13,2011-11-20,2,613.6899999999999,20,2,613.6899999999999,4,2,2,8,New / Promising,0.6796,Medium Risk,0.0
13833,2010-10-31,2011-07-03,2,701.36,160,2,701.36,3,2,3,8,Needs Attention,0.4516,Medium Risk,1.0
13834,2010-02-08,2010-05-12,2,324.19,577,2,324.19,1,2,2,5,Hibernating / Churned,0.8327,High Risk,1.0
13835,2010-03-04,2011-11-14,7,1095.27,26,7,1095.27,4,4,3,11,Loyal Users,0.4296,Medium Risk,0.0
13836,2010-10-21,2010-11-05,2,620.37,400,2,620.37,2,2,3,7,At Risk (High Value),0.6189,Medium Risk,1.0
13837,2011-01-26,2011-05-12,2,271.24,212,2,271.24,2,2,1,5,Hibernating / Churned,0.4976,Medium Risk,1.0
13838,2010-05-09,2011-12-04,10,1966.09,6,10,1966.09,5,5,4,14,Champions,0.2793,Low Risk,0.0
13839,2010-08-10,2010-08-10,1,139.95000000000002,487,1,139.95000000000002,1,1,1,3,Hibernating / Churned,0.8403,High Risk,1.0
13840,2010-10-19,2010-10-19,1,651.4,417,1,651.4,1,2,3,6,Hibernating / Churned,0.6744,Medium Risk,1.0
13841,2011-04-01,2011-04-01,1,85.0,253,1,85.0,2,1,1,4,Hibernating / Churned,0.8306,High Risk,1.0
13842,2010-02-16,2011-10-12,18,5629.91,59,18,5629.91,4,5,5,14,Champions,0.0803,Low Risk,0.0
13843,2010-11-23,2010-11-23,1,319.75,382,1,319.75,2,1,2,5,Hibernating / Churned,0.7312,High Risk,1.0
13844,2011-11-28,2011-11-28,1,361.62,12,1,361.62,5,2,2,9,New / Promising,,Not Scored (Recent),
13845,2011-10-06,2011-10-06,1,312.98,65,1,312.98,3,1,2,6,Needs Attention,,Not Scored (Recent),
13846,2010-11-05,2011-11-15,4,1307.79,25,4,1307.79,4,4,4,12,Champions,0.5235,Medium Risk,0.0
13847,2009-12-20,2009-12-20,1,310.72,720,1,310.72,1,1,2,4,Hibernating / Churned,0.8536,High Risk,1.0
13848,2009-12-09,2011-09-08,8,3335.0,93,8,3335.0,3,4,5,12,Needs Attention,0.3389,Low Risk,0.0
13849,2010-03-25,2011-10-19,5,3469.3,52,5,3469.3,4,4,5,13,Champions,0.4447,Medium Risk,0.0
13850,2011-08-02,2011-08-02,1,1595.48,130,1,1595.48,3,2,4,9,Needs Attention,0.4214,Medium Risk,1.0
13851,2010-01-29,2011-09-05,8,4606.46,96,8,4606.46,3,5,5,13,Needs Attention,0.2435,Low Risk,1.0
13852,2010-04-08,2010-04-08,1,187.35,611,1,187.35,1,1,1,3,Hibernating / Churned,0.8332,High Risk,1.0
13853,2011-10-13,2011-10-13,1,1090.1399999999999,58,1,1090.1399999999999,4,2,3,9,New / Promising,,Not Scored (Recent),
13854,2010-01-08,2011-12-01,39,12253.96,9,39,12253.96,5,5,5,15,Champions,0.0501,Low Risk,0.0
13855,2009-12-08,2010-07-27,4,1310.34,501,4,1310.34,1,4,4,9,Hibernating / Churned,0.7107,High Risk,1.0
13856,2010-03-30,2011-06-24,11,1142.03,169,11,1142.03,3,5,3,11,Needs Attention,0.3195,Low Risk,1.0
13857,2010-05-17,2010-11-11,6,1001.01,394,6,1001.01,2,4,3,9,At Risk (High Value),0.6007,Medium Risk,1.0
13858,2011-10-13,2011-10-13,1,216.17000000000002,58,1,216.17000000000002,4,1,1,6,New / Promising,,Not Scored (Recent),
13859,2010-06-28,2011-01-17,2,515.86,327,2,515.86,2,2,2,6,Hibernating / Churned,0.6533,Medium Risk,1.0
13860,2011-09-14,2011-12-08,5,1245.9,2,5,1245.9,5,4,3,12,Loyal Users,,Not Scored (Recent),
13861,2010-06-27,2010-10-06,2,273.26,430,2,273.26,1,2,1,4,Hibernating / Churned,0.7106,High Risk,1.0
13862,2010-11-15,2011-11-21,9,2556.09,19,9,2556.09,5,5,4,14,Champions,0.1864,Low Risk,0.0
13863,2010-04-25,2011-04-06,4,1239.55,248,4,1239.55,2,3,3,8,At Risk (High Value),0.5195,Medium Risk,1.0
13864,2010-11-18,2010-11-18,1,662.4,387,1,662.4,2,2,3,7,At Risk (High Value),0.7243,High Risk,1.0
13865,2011-02-23,2011-10-12,4,501.56,59,4,501.56,4,3,2,9,Loyal Users,0.3843,Low Risk,0.0
13866,2011-09-26,2011-09-26,1,145.67,75,1,145.67,3,1,1,5,Needs Attention,,Not Scored (Recent),
13867,2011-05-05,2011-11-08,3,1015.29,32,3,1015.29,4,3,3,10,Loyal Users,0.7466,High Risk,0.0
13868,2011-11-01,2011-12-02,2,3192.54,8,2,3192.54,5,3,5,13,Loyal Users,,Not Scored (Recent),
13869,2010-01-17,2011-08-08,10,8111.57,124,10,8111.57,3,5,5,13,Needs Attention,0.114,Low Risk,1.0
13870,2010-02-08,2011-12-07,15,5712.08,3,15,5712.08,5,5,5,15,Champions,0.1238,Low Risk,0.0
13871,2009-12-20,2011-11-17,17,7885.85,23,17,7885.85,4,5,5,14,Champions,0.1096,Low Risk,0.0
13872,2009-12-14,2010-06-30,3,919.57,528,3,919.57,1,3,3,7,Hibernating / Churned,0.7111,High Risk,1.0
13873,2010-03-03,2011-08-12,8,1038.92,120,8,1038.92,3,4,3,10,Needs Attention,0.321,Low Risk,1.0
13874,2010-02-04,2010-12-16,7,2049.15,359,7,2049.15,2,4,4,10,At Risk (High Value),0.3861,Low Risk,1.0
13875,2009-12-17,2011-10-17,14,4814.37,54,14,4814.37,4,5,5,14,Champions,0.093,Low Risk,0.0
13876,2011-10-07,2011-10-07,1,122.7,64,1,122.7,3,1,1,5,Needs Attention,,Not Scored (Recent),
13877,2010-01-19,2011-09-14,3,449.68,87,3,449.68,3,3,2,8,Needs Attention,0.8139,High Risk,0.0
13878,2010-04-14,2011-10-16,4,2473.06,55,4,2473.06,4,4,4,12,Champions,0.7064,High Risk,0.0
13879,2010-03-04,2010-03-04,1,395.5,646,1,395.5,1,2,2,5,Hibernating / Churned,0.8543,High Risk,1.0
13880,2010-05-26,2011-11-18,17,4391.66,22,17,4391.66,4,5,5,14,Champions,0.1169,Low Risk,0.0
13881,2010-03-04,2011-12-06,43,45179.1,4,43,45179.1,5,5,5,15,Champions,0.0522,Low Risk,0.0
13882,2011-10-06,2011-12-07,5,1191.13,3,5,1191.13,5,4,3,12,Loyal Users,,Not Scored (Recent),
13883,2009-12-08,2011-11-29,15,6560.0199999999995,11,15,6560.0199999999995,5,5,5,15,Champions,0.2743,Low Risk,0.0
13884,2010-08-26,2011-12-02,10,1888.48,8,10,1888.48,5,5,4,14,Champions,0.4053,Medium Risk,0.0
13885,2011-05-23,2011-06-03,2,506.8,190,2,506.8,2,2,2,6,Hibernating / Churned,0.4117,Medium Risk,1.0
13886,2011-09-29,2011-09-29,1,243.56,72,1,243.56,3,1,1,5,Needs Attention,,Not Scored (Recent),
13887,2011-05-19,2011-05-19,1,349.55,205,1,349.55,2,1,2,5,Hibernating / Churned,0.6269,Medium Risk,1.0
13888,2010-05-13,2011-08-12,7,2169.05,120,7,2169.05,3,4,4,11,Needs Attention,0.2881,Low Risk,1.0
13889,2010-01-22,2011-09-08,6,1991.23,93,6,1991.23,3,4,4,11,Needs Attention,0.4341,Medium Risk,1.0
13890,2009-12-06,2011-12-08,14,2927.38,2,14,2927.38,5,5,4,14,Champions,0.3932,Low Risk,0.0
13891,2010-05-06,2010-11-26,3,863.56,379,3,863.56,2,3,3,8,At Risk (High Value),0.5709,Medium Risk,1.0
13892,2010-05-13,2011-11-13,6,1267.65,27,6,1267.65,4,4,4,12,Champions,0.5989,Medium Risk,0.0
13893,2011-02-15,2011-02-15,1,821.1,298,1,821.1,2,2,3,7,At Risk (High Value),0.7267,High Risk,1.0
13894,2011-02-02,2011-11-16,3,564.62,24,3,564.62,4,3,2,9,Loyal Users,0.8053,High Risk,0.0
13895,2009-12-03,2011-11-11,6,4008.52,29,6,4008.52,4,4,5,13,Champions,0.5268,Medium Risk,0.0
13896,2010-03-24,2010-03-24,1,388.55,626,1,388.55,1,2,2,5,Hibernating / Churned,0.8483,High Risk,1.0
13897,2010-01-31,2011-10-20,3,1160.72,51,3,1160.72,4,3,3,10,Loyal Users,0.6482,Medium Risk,0.0
13898,2010-10-24,2011-01-18,2,686.4,326,2,686.4,2,2,3,7,At Risk (High Value),0.5879,Medium Risk,1.0
13899,2011-03-10,2011-11-23,2,388.52,17,2,388.52,5,2,2,9,New / Promising,0.7478,High Risk,0.0
13900,2010-03-25,2011-06-09,6,1610.59,184,6,1610.59,3,4,4,11,Needs Attention,0.3533,Low Risk,1.0
13901,2010-01-05,2011-09-28,15,5676.34,73,15,5676.34,3,5,5,13,Needs Attention,0.0871,Low Risk,0.0
13902,2009-12-15,2010-03-17,5,34095.26,633,5,34095.26,1,4,5,10,Hibernating / Churned,0.7168,High Risk,1.0
13903,2010-11-04,2010-11-04,1,165.45,401,1,165.45,2,1,1,4,Hibernating / Churned,0.8003,High Risk,1.0
13904,2011-02-18,2011-11-02,2,332.64,38,2,332.64,4,2,2,8,New / Promising,0.776,High Risk,0.0
13905,2009-12-07,2009-12-07,1,312.65000000000003,733,1,312.65000000000003,1,1,2,4,Hibernating / Churned,0.8615,High Risk,1.0
13906,2010-10-26,2010-10-26,1,42.0,410,1,42.0,2,1,1,4,Hibernating / Churned,0.8558,High Risk,1.0
13907,2010-01-17,2010-01-17,1,136.79999999999998,692,1,136.79999999999998,1,1,1,3,Hibernating / Churned,0.8583,High Risk,1.0
13908,2011-03-08,2011-09-21,4,2369.55,80,4,2369.55,3,4,4,11,Needs Attention,0.3032,Low Risk,0.0
13909,2010-07-06,2010-10-12,2,286.6,424,2,286.6,1,2,1,4,Hibernating / Churned,0.7083,High Risk,1.0
13911,2010-03-01,2011-10-13,20,4234.99,58,20,4234.99,4,5,5,14,Champions,0.0851,Low Risk,0.0
13912,2010-10-12,2010-10-12,1,124.95,424,1,124.95,1,1,1,3,Hibernating / Churned,0.8108,High Risk,1.0
13913,2010-07-21,2010-07-21,1,42.22,507,1,42.22,1,1,1,3,Hibernating / Churned,0.8748,High Risk,1.0
13914,2011-11-03,2011-11-28,2,626.45,12,2,626.45,5,2,3,10,New / Promising,,Not Scored (Recent),
13915,2010-11-10,2010-11-10,1,70.8,395,1,70.8,2,1,1,4,Hibernating / Churned,0.8512,High Risk,1.0
13916,2010-02-02,2010-09-02,4,1275.81,464,4,1275.81,1,4,4,9,Hibernating / Churned,0.7086,High Risk,1.0
13917,2011-06-01,2011-10-21,2,272.04,50,2,272.04,4,2,1,7,New / Promising,0.6858,Medium Risk,0.0
13918,2011-03-31,2011-10-21,2,1212.84,50,2,1212.84,4,3,3,10,Loyal Users,0.7716,High Risk,0.0
13919,2010-06-17,2011-10-11,4,1360.68,60,4,1360.68,3,4,4,11,Needs Attention,0.4829,Medium Risk,0.0
13920,2010-05-26,2010-10-04,4,1774.68,432,4,1774.68,1,4,4,9,Hibernating / Churned,0.6245,Medium Risk,1.0
13921,2009-12-18,2010-11-02,4,730.7,403,4,730.7,2,3,3,8,At Risk (High Value),0.5769,Medium Risk,1.0
13922,2010-08-29,2010-12-23,3,865.2,352,3,865.2,2,3,3,8,At Risk (High Value),0.5949,Medium Risk,1.0
13923,2011-10-17,2011-10-17,1,351.13,54,1,351.13,4,1,2,7,New / Promising,,Not Scored (Recent),
13924,2011-09-28,2011-12-08,6,1838.85,2,6,1838.85,5,4,4,13,Champions,,Not Scored (Recent),
13925,2011-07-28,2011-09-08,4,678.25,93,4,678.25,3,3,3,9,Needs Attention,0.3112,Low Risk,1.0
13926,2011-11-16,2011-11-16,1,223.85,24,1,223.85,4,1,1,6,New / Promising,,Not Scored (Recent),
13927,2010-09-28,2011-09-26,2,708.26,75,2,708.26,3,2,3,8,Needs Attention,0.7289,High Risk,0.0
13928,2011-07-29,2011-11-29,4,464.57,11,4,464.57,5,3,2,10,Loyal Users,0.3645,Low Risk,0.0
13929,2010-01-14,2011-06-23,11,3494.1,170,11,3494.1,3,5,5,13,Needs Attention,0.1886,Low Risk,1.0
13930,2011-07-26,2011-10-13,2,337.34,58,2,337.34,4,2,2,8,New / Promising,0.5662,Medium Risk,0.0
13931,2009-12-03,2011-09-05,11,5257.38,96,11,5257.38,3,5,5,13,Needs Attention,0.1726,Low Risk,1.0
13932,2011-02-18,2011-02-18,1,307.4,295,1,307.4,2,1,2,5,Hibernating / Churned,0.757,High Risk,1.0
13933,2011-07-14,2011-08-22,2,608.79,110,2,608.79,3,2,2,7,Needs Attention,0.3549,Low Risk,1.0
13934,2011-03-21,2011-03-21,1,922.1,264,1,922.1,2,2,3,7,At Risk (High Value),0.7107,High Risk,1.0
13935,2010-02-25,2010-04-22,3,6116.92,597,3,6116.92,1,3,5,9,Hibernating / Churned,0.7523,High Risk,1.0
13936,2010-10-21,2011-06-13,3,939.66,180,3,939.66,3,3,3,9,Needs Attention,0.4202,Medium Risk,1.0
13937,2010-11-02,2011-06-23,2,880.13,170,2,880.13,3,3,3,9,Needs Attention,0.4614,Medium Risk,1.0
13938,2011-11-04,2011-11-04,1,71.66,36,1,71.66,4,1,1,6,New / Promising,,Not Scored (Recent),
13939,2010-04-06,2011-11-16,7,1560.96,24,7,1560.96,4,4,4,12,Champions,0.3476,Low Risk,0.0
13940,2011-07-18,2011-11-22,4,839.14,18,4,839.14,5,3,3,11,Loyal Users,0.3375,Low Risk,0.0
13941,2009-12-16,2011-11-18,15,11122.3,22,15,11122.3,4,5,5,14,Champions,0.148,Low Risk,0.0
13942,2010-06-23,2010-06-23,1,320.0,535,1,320.0,1,1,2,4,Hibernating / Churned,0.8331,High Risk,1.0
13943,2010-05-11,2010-05-11,1,246.54,578,1,246.54,1,1,1,3,Hibernating / Churned,0.8198,High Risk,1.0
13944,2010-02-24,2010-02-24,1,200.43,654,1,200.43,1,1,1,3,Hibernating / Churned,0.8444,High Risk,1.0
13945,2010-08-17,2010-11-10,2,854.15,395,2,854.15,2,3,3,8,At Risk (High Value),0.6206,Medium Risk,1.0
13946,2009-12-04,2011-09-21,6,1876.23,80,6,1876.23,3,4,4,11,Needs Attention,0.411,Medium Risk,0.0
13947,2011-10-05,2011-10-05,1,90.6,66,1,90.6,3,1,1,5,Needs Attention,,Not Scored (Recent),
13948,2009-12-04,2010-12-14,4,548.76,361,4,548.76,2,3,2,7,At Risk (High Value),0.5777,Medium Risk,1.0
13949,2011-09-06,2011-12-07,6,2427.32,3,6,2427.32,5,4,4,13,Champions,0.4291,Medium Risk,0.0
13950,2011-04-07,2011-11-28,4,745.0600000000001,12,4,745.0600000000001,5,3,3,11,Loyal Users,0.7861,High Risk,0.0
13951,2011-02-18,2011-06-16,3,674.45,177,3,674.45,3,3,3,9,Needs Attention,0.3537,Low Risk,1.0
13952,2009-12-16,2011-05-06,14,12823.52,218,14,12823.52,2,5,5,12,At Risk (High Value),0.2776,Low Risk,1.0
13953,2009-12-11,2011-12-02,12,6640.68,8,12,6640.68,5,5,5,15,Champions,0.1389,Low Risk,0.0
13954,2011-09-30,2011-12-08,2,439.92,2,2,439.92,5,2,2,9,New / Promising,,Not Scored (Recent),
13955,2010-11-29,2011-07-08,3,545.17,155,3,545.17,3,3,2,8,Needs Attention,0.3875,Low Risk,1.0
13956,2011-03-13,2011-12-04,5,1026.42,6,5,1026.42,5,4,3,12,Loyal Users,0.3136,Low Risk,0.0
13957,2010-02-19,2010-10-18,3,458.25,418,3,458.25,1,3,2,6,Hibernating / Churned,0.6603,Medium Risk,1.0
13958,2009-12-05,2010-11-25,8,4709.23,380,8,4709.23,2,5,5,12,At Risk (High Value),0.3739,Low Risk,1.0
13959,2010-07-16,2011-09-21,6,1076.18,80,6,1076.18,3,4,3,10,Needs Attention,0.4876,Medium Risk,0.0
13960,2011-09-29,2011-11-18,2,230.22,22,2,230.22,4,2,1,7,New / Promising,,Not Scored (Recent),
13961,2010-11-12,2010-11-12,1,538.4,393,1,538.4,2,2,2,6,Hibernating / Churned,0.7012,High Risk,1.0
13962,2010-09-30,2011-11-18,3,362.8,22,3,362.8,4,3,2,9,Loyal Users,0.6265,Medium Risk,0.0
13963,2010-04-21,2011-02-04,17,3011.87,309,17,3011.87,2,5,5,12,At Risk (High Value),0.4535,Medium Risk,1.0
13964,2010-10-05,2010-11-17,2,438.9,388,2,438.9,2,2,2,6,Hibernating / Churned,0.7029,High Risk,1.0
13965,2010-01-05,2010-08-20,3,996.61,477,3,996.61,1,3,3,7,Hibernating / Churned,0.728,High Risk,1.0
13966,2010-09-30,2010-09-30,1,390.85999999999996,436,1,390.85999999999996,1,2,2,5,Hibernating / Churned,0.7284,High Risk,1.0
13967,2010-11-08,2011-07-17,2,166.3,146,2,166.3,3,2,1,6,Needs Attention,0.5869,Medium Risk,1.0
13968,2010-10-12,2010-10-12,1,123.66,424,1,123.66,1,1,1,3,Hibernating / Churned,0.8256,High Risk,1.0
13969,2010-03-25,2011-12-02,35,13365.87,8,35,13365.87,5,5,5,15,Champions,0.0505,Low Risk,0.0
13970,2010-09-28,2010-11-18,2,846.55,387,2,846.55,2,2,3,7,At Risk (High Value),0.6464,Medium Risk,1.0
13971,2010-01-26,2011-11-21,14,4667.57,19,14,4667.57,5,5,5,15,Champions,0.1212,Low Risk,0.0
13972,2011-05-22,2011-09-30,2,190.25,71,2,190.25,3,2,1,6,Needs Attention,0.6626,Medium Risk,0.0
13973,2011-02-25,2011-02-25,1,264.7,288,1,264.7,2,1,1,4,Hibernating / Churned,0.7487,High Risk,1.0
13974,2010-05-06,2011-10-21,2,677.72,50,2,677.72,4,2,3,9,New / Promising,0.7948,High Risk,0.0
13975,2010-02-02,2011-11-08,12,5358.84,32,12,5358.84,4,5,5,14,Champions,0.1199,Low Risk,0.0
13976,2010-02-09,2011-05-17,4,1192.36,207,4,1192.36,2,3,3,8,At Risk (High Value),0.513,Medium Risk,1.0
13977,2010-10-24,2010-10-24,1,519.81,412,1,519.81,1,2,2,5,Hibernating / Churned,0.7251,High Risk,1.0
13978,2011-10-25,2011-11-25,2,196.79,15,2,196.79,5,2,1,8,New / Promising,,Not Scored (Recent),
13979,2009-12-03,2011-09-27,7,3416.23,74,7,3416.23,3,4,5,12,Needs Attention,0.368,Low Risk,0.0
13980,2010-02-21,2011-10-10,5,799.92,61,5,799.92,3,4,3,10,Needs Attention,0.5866,Medium Risk,0.0
13981,2010-10-20,2010-10-20,1,331.14,416,1,331.14,1,1,2,4,Hibernating / Churned,0.7624,High Risk,1.0
13982,2010-01-20,2011-10-31,9,4445.59,40,9,4445.59,4,5,5,14,Champions,0.1664,Low Risk,0.0
13983,2009-12-09,2011-11-10,21,7108.45,30,21,7108.45,4,5,5,14,Champions,0.0951,Low Risk,0.0
13984,2009-12-07,2011-11-13,12,2048.6,27,12,2048.6,4,5,4,13,Champions,0.2022,Low Risk,0.0
13985,2010-02-09,2011-12-05,22,10020.86,5,22,10020.86,5,5,5,15,Champions,0.1081,Low Risk,0.0
13986,2011-11-22,2011-11-22,1,320.46,18,1,320.46,5,1,2,8,New / Promising,,Not Scored (Recent),
13987,2010-11-04,2010-11-25,2,682.54,380,2,682.54,2,2,3,7,At Risk (High Value),0.6134,Medium Risk,1.0
13988,2010-03-24,2011-11-20,8,4757.8,20,8,4757.8,5,5,5,15,Champions,0.3411,Low Risk,0.0
13989,2010-05-25,2011-10-05,5,2026.06,66,5,2026.06,3,4,4,11,Needs Attention,0.4388,Medium Risk,0.0
13990,2011-05-10,2011-05-10,1,311.3,214,1,311.3,2,1,2,5,Hibernating / Churned,0.6879,Medium Risk,1.0
13991,2011-07-19,2011-11-27,6,855.97,13,6,855.97,5,4,3,12,Loyal Users,0.5884,Medium Risk,0.0
13992,2010-09-02,2011-11-09,3,219.5,31,3,219.5,4,3,1,8,Loyal Users,0.7033,High Risk,0.0
13993,2009-12-03,2011-10-28,19,6775.71,43,19,6775.71,4,5,5,14,Champions,0.0683,Low Risk,0.0
13994,2011-07-14,2011-12-06,6,2313.14,4,6,2313.14,5,4,4,13,Champions,0.3681,Low Risk,0.0
13995,2009-12-18,2011-11-24,14,3902.0099999999998,16,14,3902.0099999999998,5,5,5,15,Champions,0.1078,Low Risk,0.0
13996,2010-11-05,2010-11-18,2,895.76,387,2,895.76,2,3,3,8,At Risk (High Value),0.6156,Medium Risk,1.0
13997,2010-06-07,2010-07-08,3,382.31,520,3,382.31,1,3,2,6,Hibernating / Churned,0.8217,High Risk,1.0
13998,2010-05-12,2010-09-19,3,566.6999999999999,447,3,566.6999999999999,1,3,2,6,Hibernating / Churned,0.6388,Medium Risk,1.0
13999,2009-12-05,2011-11-29,29,9502.26,11,29,9502.26,5,5,5,15,Champions,0.0229,Low Risk,0.0
14000,2009-12-02,2011-05-12,5,2046.34,212,5,2046.34,2,4,4,10,At Risk (High Value),0.424,Medium Risk,1.0
14001,2010-08-03,2011-10-25,9,4530.09,46,9,4530.09,4,5,5,14,Champions,0.3379,Low Risk,0.0
14002,2011-07-06,2011-07-28,2,529.73,135,2,529.73,3,2,2,7,Needs Attention,0.3295,Low Risk,1.0
14003,2009-12-07,2009-12-07,1,209.41,733,1,209.41,1,1,1,3,Hibernating / Churned,0.8608,High Risk,1.0
14004,2010-09-30,2011-10-27,11,6258.45,44,11,6258.45,4,5,5,14,Champions,0.1478,Low Risk,0.0
14005,2011-05-08,2011-11-30,5,2874.72,10,5,2874.72,5,4,4,13,Champions,0.3369,Low Risk,0.0
14006,2010-02-25,2011-08-16,7,2196.67,116,7,2196.67,3,4,4,11,Needs Attention,0.3326,Low Risk,1.0
14007,2010-07-15,2010-07-15,1,79.48,513,1,79.48,1,1,1,3,Hibernating / Churned,0.8779,High Risk,1.0
14008,2010-10-03,2010-10-03,1,509.04,433,1,509.04,1,2,2,5,Hibernating / Churned,0.6889,Medium Risk,1.0
14009,2010-09-03,2011-05-25,3,1099.91,199,3,1099.91,2,3,3,8,At Risk (High Value),0.4434,Medium Risk,1.0
14010,2010-05-23,2010-05-23,2,445.15,566,2,445.15,1,2,2,5,Hibernating / Churned,0.7779,High Risk,1.0
14011,2010-04-11,2010-08-16,2,457.82,481,2,457.82,1,2,2,5,Hibernating / Churned,0.7929,High Risk,1.0
14012,2011-03-07,2011-03-07,1,328.8,278,1,328.8,2,1,2,5,Hibernating / Churned,0.7755,High Risk,1.0
14013,2010-03-26,2011-08-21,5,1084.57,111,5,1084.57,3,4,3,10,Needs Attention,0.4334,Medium Risk,1.0
14014,2010-05-12,2011-09-23,3,1948.21,78,3,1948.21,3,3,4,10,Needs Attention,0.6119,Medium Risk,0.0
14015,2011-10-18,2011-10-18,1,917.34,53,1,917.34,4,2,3,9,New / Promising,,Not Scored (Recent),
14016,2010-01-08,2011-07-01,11,11403.41,162,11,11403.41,3,5,5,13,Needs Attention,0.1143,Low Risk,1.0
14017,2010-05-17,2010-05-17,1,229.75,572,1,229.75,1,1,1,3,Hibernating / Churned,0.8216,High Risk,1.0
14018,2010-03-04,2010-03-04,1,367.15,646,1,367.15,1,2,2,5,Hibernating / Churned,0.8686,High Risk,1.0
14019,2011-07-24,2011-10-24,3,1421.61,47,3,1421.61,4,3,4,11,Loyal Users,0.339,Low Risk,0.0
14020,2010-06-28,2011-11-23,4,1249.01,17,4,1249.01,5,3,3,11,Loyal Users,0.7281,High Risk,0.0
14021,2010-04-26,2011-07-07,7,1716.58,156,7,1716.58,3,4,4,11,Needs Attention,0.2966,Low Risk,1.0
14022,2010-08-10,2011-04-28,2,792.15,226,2,792.15,2,2,3,7,At Risk (High Value),0.6042,Medium Risk,1.0
14023,2011-04-03,2011-12-02,2,584.0699999999999,8,2,584.0699999999999,5,2,2,9,New / Promising,0.7092,High Risk,0.0
14024,2010-11-14,2011-08-10,3,645.74,122,3,645.74,3,3,3,9,Needs Attention,0.4267,Medium Risk,1.0
14025,2010-05-05,2010-09-01,8,4057.9,465,8,4057.9,1,5,5,11,Hibernating / Churned,0.6886,Medium Risk,1.0
14026,2010-03-24,2010-08-26,2,713.11,471,2,713.11,1,2,3,6,Hibernating / Churned,0.7445,High Risk,1.0
14027,2011-10-10,2011-10-10,1,104.82,61,1,104.82,3,1,1,5,Needs Attention,,Not Scored (Recent),
14028,2010-06-07,2010-06-07,3,10396.5,551,3,10396.5,1,3,5,9,Hibernating / Churned,0.7797,High Risk,1.0
14029,2011-07-18,2011-10-07,2,467.66,64,2,467.66,3,2,2,7,Needs Attention,0.6749,Medium Risk,0.0
14030,2009-12-10,2011-11-21,20,8262.29,19,20,8262.29,5,5,5,15,Champions,0.1077,Low Risk,0.0
14031,2009-12-03,2011-12-02,44,40999.17,8,44,40999.17,5,5,5,15,Champions,0.039,Low Risk,0.0
14032,2009-12-14,2011-12-07,16,4850.27,3,16,4850.27,5,5,5,15,Champions,0.1599,Low Risk,0.0
14033,2010-06-02,2010-06-02,1,109.44,556,1,109.44,1,1,1,3,Hibernating / Churned,0.8559,High Risk,1.0
14034,2011-07-05,2011-11-17,3,651.82,23,3,651.82,4,3,3,10,Loyal Users,0.5101,Medium Risk,0.0
14035,2010-04-06,2011-11-11,9,2856.72,29,9,2856.72,4,5,4,13,Champions,0.272,Low Risk,0.0
14036,2011-02-28,2011-02-28,1,626.65,285,1,626.65,2,2,3,7,At Risk (High Value),0.6623,Medium Risk,1.0
14037,2009-12-07,2011-06-16,6,836.95,177,6,836.95,3,4,3,10,Needs Attention,0.3973,Low Risk,1.0
14038,2010-02-04,2011-09-22,5,3069.88,79,5,3069.88,3,4,5,12,Needs Attention,0.44,Medium Risk,0.0
14039,2010-05-13,2011-11-06,2,267.28,34,2,267.28,4,2,1,7,New / Promising,0.8473,High Risk,0.0
14040,2009-12-01,2011-10-30,35,12645.57,41,35,12645.57,4,5,5,14,Champions,0.0203,Low Risk,0.0
14041,2011-03-18,2011-03-18,1,141.41,267,1,141.41,2,1,1,4,Hibernating / Churned,0.7893,High Risk,1.0
14042,2009-12-14,2009-12-14,1,431.98,726,1,431.98,1,2,2,5,Hibernating / Churned,0.836,High Risk,1.0
14043,2009-12-10,2010-08-05,2,304.25,492,2,304.25,1,2,2,5,Hibernating / Churned,0.8089,High Risk,1.0
14044,2010-01-24,2011-11-13,10,3123.1,27,10,3123.1,4,5,5,14,Champions,0.1531,Low Risk,0.0
14045,2010-01-08,2011-08-22,16,11313.03,110,16,11313.03,3,5,5,13,Needs Attention,0.2102,Low Risk,1.0
14046,2011-02-28,2011-02-28,1,154.99,285,1,154.99,2,1,1,4,Hibernating / Churned,0.8083,High Risk,1.0
14047,2010-02-01,2011-12-01,14,4255.03,9,14,4255.03,5,5,5,15,Champions,0.1751,Low Risk,0.0
14048,2010-11-22,2011-02-07,3,748.69,306,3,748.69,2,3,3,8,At Risk (High Value),0.5011,Medium Risk,1.0
14049,2010-04-01,2011-11-23,13,13239.03,17,13,13239.03,5,5,5,15,Champions,0.1347,Low Risk,0.0
14050,2011-08-25,2011-11-08,2,746.36,32,2,746.36,4,2,3,9,New / Promising,0.4201,Medium Risk,0.0
14051,2009-12-03,2011-12-09,37,22434.0,1,37,22434.0,5,5,5,15,Champions,0.0436,Low Risk,0.0
14052,2010-11-14,2011-11-20,2,480.81,20,2,480.81,4,2,2,8,New / Promising,0.7257,High Risk,0.0
14053,2010-08-10,2011-08-07,4,572.3,125,4,572.3,3,3,2,8,Needs Attention,0.4716,Medium Risk,1.0
14054,2011-10-05,2011-10-05,1,92.46000000000001,66,1,92.46000000000001,3,1,1,5,Needs Attention,,Not Scored (Recent),
14055,2009-12-16,2011-08-25,3,1520.96,107,3,1520.96,3,3,4,10,Needs Attention,0.6579,Medium Risk,1.0
14056,2011-02-28,2011-12-08,23,8214.65,2,23,8214.65,5,5,5,15,Champions,0.1147,Low Risk,0.0
14057,2009-12-03,2011-11-16,22,8408.84,24,22,8408.84,4,5,5,14,Champions,0.0775,Low Risk,0.0
14058,2010-06-27,2010-09-03,2,469.19,463,2,469.19,1,2,2,5,Hibernating / Churned,0.7886,High Risk,1.0
14059,2011-03-18,2011-03-18,1,183.6,267,1,183.6,2,1,1,4,Hibernating / Churned,0.7947,High Risk,1.0
14060,2010-03-11,2011-12-05,30,9519.08,5,30,9519.08,5,5,5,15,Champions,0.047,Low Risk,0.0
14061,2009-12-01,2010-07-20,3,917.43,508,3,917.43,1,3,3,7,Hibernating / Churned,0.73,High Risk,1.0
14062,2009-12-10,2011-11-30,24,25604.2,10,24,25604.2,5,5,5,15,Champions,0.0421,Low Risk,0.0
14063,2009-12-08,2010-09-27,9,22710.2,439,9,22710.2,1,5,5,11,Hibernating / Churned,0.524,Medium Risk,1.0
14064,2010-01-21,2011-11-10,15,3332.42,30,15,3332.42,4,5,5,14,Champions,0.1194,Low Risk,0.0
14065,2010-10-04,2010-11-15,3,891.02,390,3,891.02,2,3,3,8,At Risk (High Value),0.6093,Medium Risk,1.0
14066,2011-03-18,2011-03-18,1,152.55,267,1,152.55,2,1,1,4,Hibernating / Churned,0.8001,High Risk,1.0
14067,2011-09-04,2011-10-07,2,374.7,64,2,374.7,3,2,2,7,Needs Attention,0.4842,Medium Risk,0.0
14068,2010-01-31,2011-01-23,4,1528.3700000000001,321,4,1528.3700000000001,2,4,4,10,At Risk (High Value),0.5469,Medium Risk,1.0
14069,2010-05-27,2010-07-13,2,230.06,515,2,230.06,1,2,1,4,Hibernating / Churned,0.8276,High Risk,1.0
14070,2010-01-24,2010-01-24,1,326.55,685,1,326.55,1,1,2,4,Hibernating / Churned,0.8593,High Risk,1.0
14071,2011-03-20,2011-12-06,8,1438.82,4,8,1438.82,5,4,4,13,Champions,0.623,Medium Risk,0.0
14072,2010-02-11,2010-02-11,1,390.85,667,1,390.85,1,2,2,5,Hibernating / Churned,0.8555,High Risk,1.0
14073,2011-11-07,2011-11-07,1,151.04,33,1,151.04,4,1,1,6,New / Promising,,Not Scored (Recent),
14074,2010-03-26,2010-03-26,1,219.4,624,1,219.4,1,1,1,3,Hibernating / Churned,0.8357,High Risk,1.0
14075,2010-06-16,2011-12-05,6,1734.87,5,6,1734.87,5,4,4,13,Champions,0.5007,Medium Risk,0.0
14076,2011-08-02,2011-08-02,1,122.47,130,1,122.47,3,1,1,5,Needs Attention,0.606,Medium Risk,1.0
14077,2010-11-09,2011-10-30,6,615.08,41,6,615.08,4,4,2,10,Loyal Users,0.3944,Low Risk,0.0
14078,2010-03-28,2011-08-30,9,1692.63,102,9,1692.63,3,5,4,12,Needs Attention,0.2141,Low Risk,1.0
14079,2010-01-26,2011-08-07,2,618.73,125,2,618.73,3,2,3,8,Needs Attention,0.7138,High Risk,1.0
14080,2009-12-02,2011-11-07,5,1115.68,33,5,1115.68,4,4,3,11,Loyal Users,0.5691,Medium Risk,0.0
14081,2009-12-10,2011-02-10,10,5370.1,303,10,5370.1,2,5,5,12,At Risk (High Value),0.3233,Low Risk,1.0
14082,2010-11-12,2010-12-10,2,413.36,365,2,413.36,2,2,2,6,Hibernating / Churned,0.6567,Medium Risk,1.0
14083,2009-12-18,2011-12-05,11,1407.26,5,11,1407.26,5,5,4,14,Champions,0.3361,Low Risk,0.0
14084,2010-07-15,2010-07-15,1,150.5,513,1,150.5,1,1,1,3,Hibernating / Churned,0.8452,High Risk,1.0
14085,2009-12-08,2011-12-07,33,10104.97,3,33,10104.97,5,5,5,15,Champions,0.05,Low Risk,0.0
14086,2010-09-03,2010-09-03,1,39.95,463,1,39.95,1,1,1,3,Hibernating / Churned,0.8584,High Risk,1.0
14087,2009-12-04,2011-12-07,3,846.22,3,3,846.22,5,3,3,11,Loyal Users,0.5349,Medium Risk,0.0
14088,2010-10-14,2011-11-29,16,64036.8,11,16,64036.8,5,5,5,15,Champions,0.1615,Low Risk,0.0
14089,2011-10-14,2011-10-14,1,161.0,57,1,161.0,4,1,1,6,New / Promising,,Not Scored (Recent),
14090,2011-01-19,2011-01-19,1,76.32,325,1,76.32,2,1,1,4,Hibernating / Churned,0.8525,High Risk,1.0
14091,2010-01-10,2010-02-23,2,9530.08,655,2,9530.08,1,3,5,9,Hibernating / Churned,0.7746,High Risk,1.0
14092,2009-12-16,2011-12-02,24,7229.45,8,24,7229.45,5,5,5,15,Champions,0.0364,Low Risk,0.0
14093,2011-11-27,2011-11-27,1,442.85,13,1,442.85,5,2,2,9,New / Promising,,Not Scored (Recent),
14094,2010-09-26,2010-09-26,1,335.21999999999997,440,1,335.21999999999997,1,1,2,4,Hibernating / Churned,0.7371,High Risk,1.0
14095,2009-12-17,2009-12-17,1,2.95,723,1,2.95,1,1,1,3,Hibernating / Churned,0.85,High Risk,1.0
14096,2011-08-30,2011-12-05,17,65164.79,5,17,65164.79,5,5,5,15,Champions,0.458,Medium Risk,0.0
14097,2010-03-04,2010-08-15,2,422.86,482,2,422.86,1,2,2,5,Hibernating / Churned,0.827,High Risk,1.0
14098,2011-11-03,2011-11-03,1,147.35,37,1,147.35,4,1,1,6,New / Promising,,Not Scored (Recent),
14099,2009-12-10,2011-11-23,20,5765.71,17,20,5765.71,5,5,5,15,Champions,0.0572,Low Risk,0.0
14100,2011-07-25,2011-07-25,1,194.9,138,1,194.9,3,1,1,5,Needs Attention,0.5933,Medium Risk,1.0
14101,2010-03-28,2011-09-27,13,9961.93,74,13,9961.93,3,5,5,13,Needs Attention,0.1426,Low Risk,0.0
14102,2011-10-26,2011-12-04,5,1360.28,6,5,1360.28,5,4,4,13,Champions,,Not Scored (Recent),
14104,2010-05-28,2011-07-08,5,771.58,155,5,771.58,3,4,3,10,Needs Attention,0.4328,Medium Risk,1.0
14105,2009-12-18,2011-04-14,5,5988.83,240,5,5988.83,2,4,5,11,At Risk (High Value),0.3571,Low Risk,1.0
14106,2009-12-02,2009-12-02,1,214.8,738,1,214.8,1,1,1,3,Hibernating / Churned,0.8634,High Risk,1.0
14107,2009-12-09,2011-10-19,11,4877.3,52,11,4877.3,4,5,5,14,Champions,0.1117,Low Risk,0.0
14108,2009-12-01,2011-11-09,4,1044.96,31,4,1044.96,4,3,3,10,Loyal Users,0.6326,Medium Risk,0.0
14109,2011-09-28,2011-09-28,1,144.2,73,1,144.2,3,1,1,5,Needs Attention,,Not Scored (Recent),
14110,2009-12-01,2011-12-06,33,12987.95,4,33,12987.95,5,5,5,15,Champions,0.1132,Low Risk,0.0
14111,2011-04-12,2011-11-25,4,692.85,15,4,692.85,5,3,3,11,Loyal Users,0.4733,Medium Risk,0.0
14112,2010-02-23,2011-11-17,13,5834.59,23,13,5834.59,4,5,5,14,Champions,0.148,Low Risk,0.0
14113,2009-12-08,2011-12-06,16,7092.61,4,16,7092.61,5,5,5,15,Champions,0.3576,Low Risk,0.0
14114,2010-04-12,2011-03-11,7,1364.09,274,7,1364.09,2,4,4,10,At Risk (High Value),0.3984,Low Risk,1.0
14115,2010-02-11,2010-07-26,2,622.67,502,2,622.67,1,2,3,6,Hibernating / Churned,0.7447,High Risk,1.0
14116,2011-08-10,2011-11-20,5,1382.74,20,5,1382.74,4,4,4,12,Champions,0.3539,Low Risk,0.0
14117,2011-07-19,2011-07-19,1,90.0,144,1,90.0,3,1,1,5,Needs Attention,0.6795,Medium Risk,1.0
14118,2010-10-07,2010-10-07,1,458.45,429,1,458.45,1,2,2,5,Hibernating / Churned,0.7288,High Risk,1.0
14119,2009-12-21,2010-11-29,2,183.37,376,2,183.37,2,2,1,5,Hibernating / Churned,0.741,High Risk,1.0
14121,2011-10-11,2011-12-06,4,2780.15,4,4,2780.15,5,4,4,13,Champions,,Not Scored (Recent),
14122,2009-12-02,2010-10-29,3,362.42,407,3,362.42,2,3,2,7,At Risk (High Value),0.6731,Medium Risk,1.0
14123,2009-12-06,2009-12-06,1,436.18,734,1,436.18,1,2,2,5,Hibernating / Churned,0.8149,High Risk,1.0
14124,2011-09-16,2011-09-16,1,419.58,85,1,419.58,3,2,2,7,Needs Attention,,Not Scored (Recent),
14125,2011-09-22,2011-11-29,3,2740.43,11,3,2740.43,5,3,4,12,Loyal Users,,Not Scored (Recent),
14126,2010-09-21,2011-12-02,4,1172.46,8,4,1172.46,5,3,3,11,Loyal Users,0.6687,Medium Risk,0.0
14127,2010-10-10,2011-08-09,6,1900.08,123,6,1900.08,3,4,4,11,Needs Attention,0.2694,Low Risk,1.0
14128,2010-06-06,2011-10-10,3,924.21,61,3,924.21,3,3,3,9,Needs Attention,0.5813,Medium Risk,0.0
14129,2010-05-09,2011-12-08,9,2591.34,2,9,2591.34,5,5,4,14,Champions,0.3009,Low Risk,0.0
14130,2009-12-11,2011-01-24,4,1882.67,320,4,1882.67,2,4,4,10,At Risk (High Value),0.4977,Medium Risk,1.0
14131,2010-03-01,2010-03-01,1,187.87,649,1,187.87,1,1,1,3,Hibernating / Churned,0.8421,High Risk,1.0
14132,2011-06-09,2011-12-07,11,3586.0299999999997,3,11,3586.0299999999997,5,5,5,15,Champions,0.2256,Low Risk,0.0
14133,2009-12-06,2011-08-02,4,911.14,130,4,911.14,3,3,3,9,Needs Attention,0.6392,Medium Risk,1.0
14134,2009-12-10,2010-11-22,15,11123.35,383,15,11123.35,2,5,5,12,At Risk (High Value),0.4659,Medium Risk,1.0
14135,2009-12-02,2011-12-08,24,9643.92,2,24,9643.92,5,5,5,15,Champions,0.0396,Low Risk,0.0
14136,2009-12-08,2010-11-04,5,1570.81,401,5,1570.81,2,4,4,10,At Risk (High Value),0.5112,Medium Risk,1.0
14137,2010-01-13,2010-01-13,1,332.7,696,1,332.7,1,1,2,4,Hibernating / Churned,0.8674,High Risk,1.0
14138,2011-10-07,2011-12-08,2,982.38,2,2,982.38,5,3,3,11,Loyal Users,,Not Scored (Recent),
14139,2010-06-15,2011-10-24,4,1086.8,47,4,1086.8,4,3,3,10,Loyal Users,0.6976,Medium Risk,0.0
14140,2011-11-08,2011-12-06,2,935.05,4,2,935.05,5,3,3,11,Loyal Users,,Not Scored (Recent),
14141,2011-08-26,2011-12-07,4,915.13,3,4,915.13,5,3,3,11,Loyal Users,0.4698,Medium Risk,0.0
14142,2010-03-03,2010-12-01,2,983.15,374,2,983.15,2,3,3,8,At Risk (High Value),0.6663,Medium Risk,1.0
14143,2011-07-29,2011-07-29,1,115.8,134,1,115.8,3,1,1,5,Needs Attention,0.6016,Medium Risk,1.0
14144,2010-08-10,2010-08-10,1,30.6,487,1,30.6,1,1,1,3,Hibernating / Churned,0.8579,High Risk,1.0
14145,2010-04-08,2011-10-24,7,7600.05,47,7,7600.05,4,4,5,13,Champions,0.3161,Low Risk,0.0
14146,2010-01-13,2011-12-01,12,9450.3,9,12,9450.3,5,5,5,15,Champions,0.2766,Low Risk,0.0
14147,2010-03-09,2011-09-22,9,2590.2,79,9,2590.2,3,5,4,12,Needs Attention,0.3428,Low Risk,0.0
14148,2010-10-21,2011-04-20,2,466.29,234,2,466.29,2,2,2,6,Hibernating / Churned,0.5978,Medium Risk,1.0
14149,2011-05-03,2011-05-03,1,446.62,221,1,446.62,2,2,2,6,Hibernating / Churned,0.6814,Medium Risk,1.0
14150,2010-12-15,2011-11-04,2,658.64,36,2,658.64,4,2,3,9,New / Promising,0.752,High Risk,0.0
14151,2009-12-23,2010-02-04,2,679.45,674,2,679.45,1,2,3,6,Hibernating / Churned,0.7359,High Risk,1.0
14152,2010-02-18,2011-09-25,7,1997.34,76,7,1997.34,3,4,4,11,Needs Attention,0.3754,Low Risk,0.0
14153,2010-08-13,2010-08-13,1,233.39999999999998,484,1,233.39999999999998,1,1,1,3,Hibernating / Churned,0.8298,High Risk,1.0
14154,2010-01-13,2011-04-14,8,6460.7,240,8,6460.7,2,5,5,12,At Risk (High Value),0.2859,Low Risk,1.0
14155,2011-03-18,2011-03-18,1,118.75,267,1,118.75,2,1,1,4,Hibernating / Churned,0.8159,High Risk,1.0
14156,2009-12-01,2011-11-30,156,313946.37,10,156,313946.37,5,5,5,15,Champions,0.0269,Low Risk,0.0
14157,2010-03-03,2011-11-20,5,1002.78,20,5,1002.78,4,4,3,11,Loyal Users,0.516,Medium Risk,0.0
14158,2011-10-30,2011-10-30,1,507.65999999999997,41,1,507.65999999999997,4,2,2,8,New / Promising,,Not Scored (Recent),
14159,2009-12-03,2011-11-20,20,7938.01,20,20,7938.01,5,5,5,15,Champions,0.069,Low Risk,0.0
14160,2010-01-10,2010-04-08,7,8421.47,611,7,8421.47,1,4,5,10,Hibernating / Churned,0.718,High Risk,1.0
14161,2009-12-13,2011-05-08,7,3318.88,216,7,3318.88,2,4,5,11,At Risk (High Value),0.2871,Low Risk,1.0
14162,2011-02-20,2011-06-19,2,289.36,174,2,289.36,3,2,1,6,Needs Attention,0.4431,Medium Risk,1.0
14163,2010-09-03,2011-09-13,5,2594.62,88,5,2594.62,3,4,4,11,Needs Attention,0.3874,Low Risk,0.0
14164,2011-09-20,2011-09-30,2,1631.77,71,2,1631.77,3,3,4,10,Needs Attention,,Not Scored (Recent),
14165,2011-03-09,2011-03-09,1,122.53999999999999,276,1,122.53999999999999,2,1,1,4,Hibernating / Churned,0.8059,High Risk,1.0
14166,2010-03-23,2010-07-22,2,256.85,506,2,256.85,1,2,1,4,Hibernating / Churned,0.8021,High Risk,1.0
14167,2010-01-27,2011-10-31,8,1296.49,40,8,1296.49,4,4,4,12,Champions,0.306,Low Risk,0.0
14168,2010-05-24,2010-10-15,2,370.45,421,2,370.45,1,2,2,5,Hibernating / Churned,0.7138,High Risk,1.0
14169,2010-09-21,2010-10-05,2,624.43,431,2,624.43,1,2,3,6,Hibernating / Churned,0.6339,Medium Risk,1.0
14170,2010-11-09,2010-11-29,3,597.33,376,3,597.33,2,3,2,7,At Risk (High Value),0.5084,Medium Risk,1.0
14171,2009-12-09,2011-09-02,2,498.79,99,2,498.79,3,2,2,7,Needs Attention,0.6642,Medium Risk,1.0
14172,2010-03-07,2010-04-13,3,402.71999999999997,606,3,402.71999999999997,1,3,2,6,Hibernating / Churned,0.8279,High Risk,1.0
14173,2009-12-09,2011-11-29,6,586.0,11,6,586.0,5,4,2,11,Loyal Users,0.6758,Medium Risk,0.0
14174,2011-11-06,2011-11-06,1,134.46,34,1,134.46,4,1,1,6,New / Promising,,Not Scored (Recent),
14175,2010-03-22,2011-10-11,8,7678.88,60,8,7678.88,3,5,5,13,Needs Attention,0.1944,Low Risk,0.0
14176,2010-11-23,2011-02-15,5,916.01,298,5,916.01,2,4,3,9,At Risk (High Value),0.5525,Medium Risk,1.0
14177,2010-02-26,2011-09-14,13,2229.34,87,13,2229.34,3,5,4,12,Needs Attention,0.2448,Low Risk,0.0
14178,2011-06-10,2011-12-01,7,1620.93,9,7,1620.93,5,4,4,13,Champions,0.2929,Low Risk,0.0
14179,2011-10-18,2011-10-30,2,719.78,41,2,719.78,4,2,3,9,New / Promising,,Not Scored (Recent),
14180,2010-06-09,2011-11-29,33,6319.25,11,33,6319.25,5,5,5,15,Champions,0.0655,Low Risk,0.0
14181,2010-05-26,2010-10-25,2,310.55,411,2,310.55,1,2,2,5,Hibernating / Churned,0.6868,Medium Risk,1.0
14182,2010-04-22,2010-09-22,4,678.77,444,4,678.77,1,3,3,7,Hibernating / Churned,0.6373,Medium Risk,1.0
14183,2010-08-15,2010-10-24,2,286.29,412,2,286.29,1,2,1,4,Hibernating / Churned,0.6985,Medium Risk,1.0
14184,2011-10-04,2011-10-04,1,452.89,67,1,452.89,3,2,2,7,Needs Attention,,Not Scored (Recent),
14185,2011-01-12,2011-01-12,1,197.65,332,1,197.65,2,1,1,4,Hibernating / Churned,0.7892,High Risk,1.0
14186,2010-03-05,2010-10-08,5,1550.6299999999999,428,5,1550.6299999999999,1,4,4,9,Hibernating / Churned,0.5956,Medium Risk,1.0
14187,2010-08-23,2010-08-23,1,123.5,474,1,123.5,1,1,1,3,Hibernating / Churned,0.8602,High Risk,1.0
14188,2011-02-02,2011-11-09,6,2054.36,31,6,2054.36,4,4,4,12,Champions,0.2942,Low Risk,0.0
14189,2010-11-16,2011-12-07,16,5814.39,3,16,5814.39,5,5,5,15,Champions,0.1035,Low Risk,0.0
14190,2010-02-11,2010-02-11,1,79.9,667,1,79.9,1,1,1,3,Hibernating / Churned,0.8885,High Risk,1.0
14191,2009-12-11,2011-12-08,15,4817.66,2,15,4817.66,5,5,5,15,Champions,0.2531,Low Risk,0.0
14192,2010-11-16,2010-11-16,1,293.74,389,1,293.74,2,1,2,5,Hibernating / Churned,0.7434,High Risk,1.0
14193,2010-11-08,2011-10-03,3,1210.19,68,3,1210.19,3,3,3,9,Needs Attention,0.5726,Medium Risk,0.0
14194,2010-01-06,2011-12-05,36,18670.59,5,36,18670.59,5,5,5,15,Champions,0.0325,Low Risk,0.0
14195,2010-03-15,2011-05-22,6,2615.6,202,6,2615.6,2,4,4,10,At Risk (High Value),0.3455,Low Risk,1.0
14196,2011-08-25,2011-08-25,1,335.52,107,1,335.52,3,1,2,6,Needs Attention,0.612,Medium Risk,1.0
14197,2010-10-25,2010-10-25,1,390.05,411,1,390.05,1,2,2,5,Hibernating / Churned,0.756,High Risk,1.0
14198,2010-01-05,2011-11-21,9,1569.73,19,9,1569.73,5,5,4,14,Champions,0.317,Low Risk,0.0
14199,2010-06-27,2011-05-05,4,1091.7,219,4,1091.7,2,3,3,8,At Risk (High Value),0.5622,Medium Risk,1.0
14200,2010-04-01,2010-04-01,1,379.2,618,1,379.2,1,2,2,5,Hibernating / Churned,0.8084,High Risk,1.0
14201,2010-04-30,2011-10-10,10,1193.54,61,10,1193.54,3,5,3,11,Needs Attention,0.3155,Low Risk,0.0
14202,2010-03-25,2010-11-23,3,847.76,382,3,847.76,2,3,3,8,At Risk (High Value),0.6087,Medium Risk,1.0
14203,2010-11-07,2010-11-07,1,339.34,398,1,339.34,2,1,2,5,Hibernating / Churned,0.7577,High Risk,1.0
14204,2009-12-02,2011-12-07,4,1062.96,3,4,1062.96,5,3,3,11,Loyal Users,0.5186,Medium Risk,0.0
14205,2010-03-07,2011-11-23,9,2414.2,17,9,2414.2,5,5,4,14,Champions,0.2913,Low Risk,0.0
14206,2010-11-02,2011-04-14,3,1185.01,240,3,1185.01,2,3,3,8,At Risk (High Value),0.5369,Medium Risk,1.0
14207,2010-01-21,2010-01-21,1,157.8,688,1,157.8,1,1,1,3,Hibernating / Churned,0.8737,High Risk,1.0
14208,2010-06-06,2011-09-06,2,567.05,95,2,567.05,3,2,2,7,Needs Attention,0.687,Medium Risk,1.0
14209,2010-01-22,2011-11-29,15,4993.2699999999995,11,15,4993.2699999999995,5,5,5,15,Champions,0.0772,Low Risk,0.0
14210,2010-01-06,2011-08-26,16,5861.5199999999995,106,16,5861.5199999999995,3,5,5,13,Needs Attention,0.083,Low Risk,1.0
14211,2009-12-09,2011-10-17,18,4402.29,54,18,4402.29,4,5,5,14,Champions,0.0888,Low Risk,0.0
14212,2010-09-20,2011-09-11,2,2190.14,90,2,2190.14,3,3,4,10,Needs Attention,0.7447,High Risk,0.0
14213,2010-10-31,2010-10-31,1,1192.2,405,1,1192.2,2,2,3,7,At Risk (High Value),0.7443,High Risk,1.0
14214,2011-03-07,2011-11-09,5,1004.38,31,5,1004.38,4,4,3,11,Loyal Users,0.3217,Low Risk,0.0
14215,2009-12-08,2011-11-28,9,3416.33,12,9,3416.33,5,5,5,15,Champions,0.2132,Low Risk,0.0
14216,2010-10-21,2011-12-06,5,2150.04,4,5,2150.04,5,4,4,13,Champions,0.7279,High Risk,0.0
14217,2010-06-30,2011-12-08,23,3416.89,2,23,3416.89,5,5,5,15,Champions,0.0875,Low Risk,0.0
14218,2011-10-28,2011-10-28,1,169.48,43,1,169.48,4,1,1,6,New / Promising,,Not Scored (Recent),
14219,2010-08-03,2011-12-05,3,633.83,5,3,633.83,5,3,3,11,Loyal Users,0.6252,Medium Risk,0.0
14220,2010-05-19,2011-04-06,4,1515.0,248,4,1515.0,2,4,4,10,At Risk (High Value),0.4783,Medium Risk,1.0
14221,2010-04-06,2011-10-28,17,6517.49,43,17,6517.49,4,5,5,14,Champions,0.1066,Low Risk,0.0
14222,2011-06-15,2011-06-15,1,683.17,178,1,683.17,3,2,3,8,Needs Attention,0.5169,Medium Risk,1.0
14223,2011-03-20,2011-09-08,3,991.13,93,3,991.13,3,3,3,9,Needs Attention,0.3872,Low Risk,0.0
14224,2010-06-13,2011-08-21,9,1897.9,111,9,1897.9,3,5,4,12,Needs Attention,0.1906,Low Risk,1.0
14225,2010-01-12,2010-10-01,4,2037.02,435,4,2037.02,1,4,4,9,Hibernating / Churned,0.5917,Medium Risk,1.0
14226,2010-09-24,2011-11-11,6,3002.5299999999997,29,6,3002.5299999999997,4,4,5,13,Champions,0.3858,Low Risk,0.0
14227,2010-02-08,2011-11-13,15,6368.71,27,15,6368.71,4,5,5,14,Champions,0.1748,Low Risk,0.0
14228,2010-06-11,2010-09-28,3,745.5,438,3,745.5,1,3,3,7,Hibernating / Churned,0.6373,Medium Risk,1.0
14229,2010-08-25,2011-10-19,7,2594.04,52,7,2594.04,4,4,4,12,Champions,0.4043,Medium Risk,0.0
14230,2010-06-09,2010-09-30,3,979.8,436,3,979.8,1,3,3,7,Hibernating / Churned,0.6488,Medium Risk,1.0
14231,2010-09-15,2011-06-09,4,1235.62,184,4,1235.62,3,3,3,9,Needs Attention,0.3828,Low Risk,1.0
14232,2011-03-20,2011-10-28,5,2048.07,43,5,2048.07,4,4,4,12,Champions,0.266,Low Risk,0.0
14233,2010-03-05,2011-10-21,7,2904.27,50,7,2904.27,4,4,4,12,Champions,0.3068,Low Risk,0.0
14234,2011-10-13,2011-11-17,4,775.46,23,4,775.46,4,3,3,10,Loyal Users,,Not Scored (Recent),
14235,2010-03-30,2011-09-25,9,4717.99,76,9,4717.99,3,5,5,13,Needs Attention,0.2046,Low Risk,0.0
14236,2010-07-22,2011-09-20,5,1744.64,81,5,1744.64,3,4,4,11,Needs Attention,0.529,Medium Risk,0.0
14237,2010-04-28,2010-12-01,2,632.14,374,2,632.14,2,2,3,7,At Risk (High Value),0.6513,Medium Risk,1.0
14238,2009-12-05,2011-01-17,3,434.23,327,3,434.23,2,3,2,7,At Risk (High Value),0.6837,Medium Risk,1.0
14239,2009-12-05,2011-10-27,21,4263.17,44,21,4263.17,4,5,5,14,Champions,0.0683,Low Risk,0.0
14240,2010-10-12,2011-11-09,3,1247.49,31,3,1247.49,4,3,3,10,Loyal Users,0.5748,Medium Risk,0.0
14241,2010-01-12,2011-06-09,2,333.7,184,2,333.7,3,2,2,7,Needs Attention,0.7303,High Risk,1.0
14242,2011-01-18,2011-04-19,2,280.55,235,2,280.55,2,2,1,5,Hibernating / Churned,0.5644,Medium Risk,1.0
14243,2010-08-20,2011-12-01,17,7431.05,9,17,7431.05,5,5,5,15,Champions,0.0658,Low Risk,0.0
14244,2010-02-17,2010-02-17,1,366.42,661,1,366.42,1,2,2,5,Hibernating / Churned,0.863,High Risk,1.0
14245,2011-03-21,2011-05-04,2,1693.45,220,2,1693.45,2,3,4,9,At Risk (High Value),0.4564,Medium Risk,1.0
14246,2011-04-08,2011-08-21,3,1474.06,111,3,1474.06,3,3,4,10,Needs Attention,0.3149,Low Risk,1.0
14247,2010-06-06,2011-03-06,5,772.66,279,5,772.66,2,4,3,9,At Risk (High Value),0.4537,Medium Risk,1.0
14248,2010-07-12,2011-01-25,3,1032.95,319,3,1032.95,2,3,3,8,At Risk (High Value),0.5871,Medium Risk,1.0
14249,2010-01-29,2010-10-25,12,5625.46,411,12,5625.46,2,5,5,12,At Risk (High Value),0.5975,Medium Risk,1.0
14250,2011-09-11,2011-12-02,3,1904.05,8,3,1904.05,5,3,4,12,Loyal Users,,Not Scored (Recent),
14251,2011-10-13,2011-12-08,5,2879.7,2,5,2879.7,5,4,4,13,Champions,,Not Scored (Recent),
14252,2010-11-23,2010-11-23,1,350.99,382,1,350.99,2,1,2,5,Hibernating / Churned,0.7692,High Risk,1.0
14253,2010-03-26,2010-08-03,2,363.40000000000003,494,2,363.40000000000003,1,2,2,5,Hibernating / Churned,0.8305,High Risk,1.0
14254,2010-10-03,2010-10-03,1,601.03,433,1,601.03,1,2,2,5,Hibernating / Churned,0.7027,High Risk,1.0
14255,2010-06-11,2010-06-11,1,1000.63,547,1,1000.63,1,2,3,6,Hibernating / Churned,0.7851,High Risk,1.0
14256,2010-01-14,2011-03-24,5,2473.99,261,5,2473.99,2,4,4,10,At Risk (High Value),0.3577,Low Risk,1.0
14257,2010-03-01,2011-10-06,9,5954.45,65,9,5954.45,3,5,5,13,Needs Attention,0.1552,Low Risk,0.0
14258,2009-12-04,2011-11-30,25,32051.34,10,25,32051.34,5,5,5,15,Champions,0.0668,Low Risk,0.0
14259,2011-07-21,2011-07-21,1,120.0,142,1,120.0,3,1,1,5,Needs Attention,0.6575,Medium Risk,1.0
14260,2010-06-09,2010-08-25,3,824.28,472,3,824.28,1,3,3,7,Hibernating / Churned,0.7405,High Risk,1.0
14261,2011-09-22,2011-10-20,2,1163.45,51,2,1163.45,4,3,3,10,Loyal Users,,Not Scored (Recent),
14262,2011-04-13,2011-12-01,8,2618.23,9,8,2618.23,5,4,4,13,Champions,0.3369,Low Risk,0.0
14263,2010-10-12,2010-10-12,1,322.93,424,1,322.93,1,1,2,4,Hibernating / Churned,0.7571,High Risk,1.0
14264,2010-04-07,2011-07-08,6,1517.36,155,6,1517.36,3,4,4,11,Needs Attention,0.3579,Low Risk,1.0
14265,2010-04-06,2011-08-22,4,1373.35,110,4,1373.35,3,4,4,11,Needs Attention,0.5289,Medium Risk,1.0
14266,2010-10-07,2010-10-07,1,40.56,429,1,40.56,1,1,1,3,Hibernating / Churned,0.8541,High Risk,1.0
14267,2011-03-24,2011-06-30,3,1516.24,163,3,1516.24,3,3,4,10,Needs Attention,0.3391,Low Risk,1.0
14268,2010-08-26,2010-08-26,1,354.85,471,1,354.85,1,1,2,4,Hibernating / Churned,0.8123,High Risk,1.0
14269,2010-09-26,2010-09-26,1,295.73,440,1,295.73,1,1,2,4,Hibernating / Churned,0.7376,High Risk,1.0
14270,2011-01-12,2011-01-12,1,492.65,332,1,492.65,2,2,2,6,Hibernating / Churned,0.6673,Medium Risk,1.0
14271,2010-10-26,2011-04-28,2,219.13,226,2,219.13,2,2,1,5,Hibernating / Churned,0.5938,Medium Risk,1.0
14272,2010-05-06,2011-09-27,4,920.81,74,4,920.81,3,3,3,9,Needs Attention,0.5587,Medium Risk,0.0
14273,2011-04-11,2011-10-19,4,559.97,52,4,559.97,4,3,2,9,Loyal Users,0.3455,Low Risk,0.0
14274,2010-01-22,2010-01-22,1,256.6,687,1,256.6,1,1,1,3,Hibernating / Churned,0.8289,High Risk,1.0
14275,2010-04-11,2010-11-09,6,1189.3799999999999,396,6,1189.3799999999999,2,4,3,9,At Risk (High Value),0.6311,Medium Risk,1.0
14276,2010-02-17,2011-09-02,7,2102.68,99,7,2102.68,3,4,4,11,Needs Attention,0.3449,Low Risk,1.0
14277,2009-12-13,2011-11-24,9,17225.81,16,9,17225.81,5,5,5,15,Champions,0.2908,Low Risk,0.0
14278,2010-10-26,2010-10-26,1,205.82999999999998,410,1,205.82999999999998,2,1,1,4,Hibernating / Churned,0.7624,High Risk,1.0
14279,2010-01-27,2010-07-07,2,191.86,521,2,191.86,1,2,1,4,Hibernating / Churned,0.8113,High Risk,1.0
14280,2011-05-27,2011-05-27,1,134.04,197,1,134.04,2,1,1,4,Hibernating / Churned,0.6595,Medium Risk,1.0
14281,2010-10-27,2010-10-27,1,245.14999999999998,409,1,245.14999999999998,2,1,1,4,Hibernating / Churned,0.7577,High Risk,1.0
14282,2010-02-15,2011-12-06,25,7849.66,4,25,7849.66,5,5,5,15,Champions,0.0588,Low Risk,0.0
14283,2010-05-19,2010-09-02,4,628.4399999999999,464,4,628.4399999999999,1,3,3,7,Hibernating / Churned,0.7281,High Risk,1.0
14284,2010-02-24,2011-11-09,3,1299.65,31,3,1299.65,4,3,4,11,Loyal Users,0.7501,High Risk,0.0
14285,2009-12-08,2011-11-18,8,3284.42,22,8,3284.42,4,4,5,13,Champions,0.4251,Medium Risk,0.0
14286,2009-12-04,2011-11-16,7,8479.76,24,7,8479.76,4,4,5,13,Champions,0.3841,Low Risk,0.0
14287,2011-05-25,2011-12-01,3,176.63,9,3,176.63,5,3,1,9,Loyal Users,0.6889,Medium Risk,0.0
14288,2011-05-10,2011-05-10,1,426.59999999999997,214,1,426.59999999999997,2,2,2,6,Hibernating / Churned,0.682,Medium Risk,1.0
14289,2011-02-23,2011-12-01,6,911.26,9,6,911.26,5,4,3,12,Loyal Users,0.2999,Low Risk,0.0
14290,2009-12-08,2011-11-28,8,4516.56,12,8,4516.56,5,5,5,15,Champions,0.4595,Medium Risk,0.0
14291,2009-12-09,2011-12-08,23,7904.099999999999,2,23,7904.099999999999,5,5,5,15,Champions,0.0546,Low Risk,0.0
14292,2010-03-19,2011-12-02,16,9226.25,8,16,9226.25,5,5,5,15,Champions,0.1474,Low Risk,0.0
14293,2009-12-10,2011-12-06,9,3267.93,4,9,3267.93,5,5,5,15,Champions,0.23,Low Risk,0.0
14294,2010-10-28,2010-10-28,1,375.34,408,1,375.34,2,2,2,6,Hibernating / Churned,0.7575,High Risk,1.0
14295,2009-12-08,2011-10-30,5,2362.91,41,5,2362.91,4,4,4,12,Champions,0.5514,Medium Risk,0.0
14296,2010-05-14,2010-10-14,2,456.4,422,2,456.4,1,2,2,5,Hibernating / Churned,0.6921,Medium Risk,1.0
14297,2011-03-10,2011-11-22,4,1305.33,18,4,1305.33,5,4,4,13,Champions,0.749,High Risk,0.0
14298,2009-12-11,2011-12-01,82,91194.49,9,82,91194.49,5,5,5,15,Champions,0.0188,Low Risk,0.0
14299,2009-12-02,2011-12-01,27,14499.49,9,27,14499.49,5,5,5,15,Champions,0.1419,Low Risk,0.0
14300,2011-11-21,2011-11-21,1,43.2,19,1,43.2,5,1,1,7,New / Promising,,Not Scored (Recent),
14301,2010-02-11,2011-08-14,4,1992.1799999999998,118,4,1992.1799999999998,3,4,4,11,Needs Attention,0.5451,Medium Risk,1.0
14302,2009-12-02,2010-10-05,3,742.9,431,3,742.9,1,3,3,7,Hibernating / Churned,0.6152,Medium Risk,1.0
14303,2010-10-01,2010-10-28,2,277.94,408,2,277.94,2,2,1,5,Hibernating / Churned,0.7045,High Risk,1.0
14304,2010-05-18,2011-05-01,3,1725.01,223,3,1725.01,2,3,4,9,At Risk (High Value),0.527,Medium Risk,1.0
14305,2011-07-27,2011-09-29,3,1858.96,72,3,1858.96,3,3,4,10,Needs Attention,0.3327,Low Risk,0.0
14306,2010-01-31,2011-10-19,6,3151.4,52,6,3151.4,4,4,5,13,Champions,0.5927,Medium Risk,0.0
14307,2009-12-07,2011-09-12,10,5071.03,89,10,5071.03,3,5,5,13,Needs Attention,0.1447,Low Risk,0.0
14308,2010-06-08,2010-06-08,2,1147.02,550,2,1147.02,1,3,3,7,Hibernating / Churned,0.7682,High Risk,1.0
14309,2010-06-07,2011-12-01,11,3780.81,9,11,3780.81,5,5,5,15,Champions,0.1402,Low Risk,0.0
14310,2010-10-03,2010-10-03,1,492.1,433,1,492.1,1,2,2,5,Hibernating / Churned,0.7162,High Risk,1.0
14311,2010-05-21,2011-04-11,2,516.45,243,2,516.45,2,2,2,6,Hibernating / Churned,0.6284,Medium Risk,1.0
14312,2010-07-23,2011-10-24,11,3090.29,47,11,3090.29,4,5,5,14,Champions,0.1529,Low Risk,0.0
14314,2010-10-05,2011-08-25,2,229.79999999999998,107,2,229.79999999999998,3,2,1,6,Needs Attention,0.5642,Medium Risk,1.0
14315,2010-03-15,2011-10-26,8,3197.82,45,8,3197.82,4,4,5,13,Champions,0.3083,Low Risk,0.0
14316,2010-03-19,2010-10-13,5,1370.34,423,5,1370.34,1,4,4,9,Hibernating / Churned,0.6142,Medium Risk,1.0
14317,2011-10-06,2011-10-06,1,508.58,65,1,508.58,3,2,2,7,Needs Attention,,Not Scored (Recent),
14318,2010-09-05,2010-09-05,1,158.02,461,1,158.02,1,1,1,3,Hibernating / Churned,0.8145,High Risk,1.0
14319,2010-10-11,2010-10-11,1,494.84999999999997,425,1,494.84999999999997,1,2,2,5,Hibernating / Churned,0.6967,Medium Risk,1.0
14320,2010-01-21,2011-05-17,5,1346.75,207,5,1346.75,2,4,4,10,At Risk (High Value),0.3884,Low Risk,1.0
14321,2010-08-23,2011-11-29,7,2218.06,11,7,2218.06,5,4,4,13,Champions,0.3187,Low Risk,0.0
14322,2010-02-18,2010-10-06,4,474.09999999999997,430,4,474.09999999999997,1,3,2,6,Hibernating / Churned,0.6665,Medium Risk,1.0
14323,2011-04-15,2011-08-17,2,605.06,115,2,605.06,3,2,2,7,Needs Attention,0.3971,Low Risk,1.0
14324,2010-01-15,2010-10-26,2,701.61,410,2,701.61,2,2,3,7,At Risk (High Value),0.6406,Medium Risk,1.0
14325,2010-05-19,2010-05-19,1,245.48,570,1,245.48,1,1,1,3,Hibernating / Churned,0.8317,High Risk,1.0
14326,2010-06-25,2011-04-11,3,940.98,243,3,940.98,2,3,3,8,At Risk (High Value),0.5846,Medium Risk,1.0
14327,2010-01-08,2011-06-29,6,1894.93,164,6,1894.93,3,4,4,11,Needs Attention,0.411,Medium Risk,1.0
14328,2010-09-27,2010-09-27,1,445.05,439,1,445.05,1,2,2,5,Hibernating / Churned,0.7604,High Risk,1.0
14329,2009-12-16,2011-11-22,15,9927.22,18,15,9927.22,5,5,5,15,Champions,0.0861,Low Risk,0.0
14330,2010-03-26,2010-03-26,1,200.63,624,1,200.63,1,1,1,3,Hibernating / Churned,0.8525,High Risk,1.0
14331,2011-07-27,2011-08-07,2,462.65999999999997,125,2,462.65999999999997,3,2,2,7,Needs Attention,0.3537,Low Risk,1.0
14332,2010-10-19,2011-11-17,5,1943.51,23,5,1943.51,4,4,4,12,Champions,0.4436,Medium Risk,0.0
14333,2011-10-03,2011-10-03,1,415.2,68,1,415.2,3,2,2,7,Needs Attention,,Not Scored (Recent),
14334,2010-05-20,2011-11-23,12,4318.48,17,12,4318.48,5,5,5,15,Champions,0.1138,Low Risk,0.0
14335,2011-09-04,2011-11-23,2,468.26,17,2,468.26,5,2,2,9,New / Promising,0.4541,Medium Risk,0.0
14336,2011-03-08,2011-11-23,4,1614.91,17,4,1614.91,5,4,4,13,Champions,0.3465,Low Risk,0.0
14338,2010-06-21,2011-07-01,3,928.1,162,3,928.1,3,3,3,9,Needs Attention,0.5562,Medium Risk,1.0
14339,2010-10-07,2011-04-11,2,620.27,243,2,620.27,2,2,3,7,At Risk (High Value),0.5799,Medium Risk,1.0
14340,2011-05-05,2011-05-05,1,134.7,219,1,134.7,2,1,1,4,Hibernating / Churned,0.791,High Risk,1.0
14341,2009-12-01,2011-10-25,18,4467.32,46,18,4467.32,4,5,5,14,Champions,0.086,Low Risk,0.0
14342,2010-08-24,2011-11-18,6,918.4399999999999,22,6,918.4399999999999,4,4,3,11,Loyal Users,0.4125,Medium Risk,0.0
14343,2010-01-18,2010-10-14,4,1088.91,422,4,1088.91,1,3,3,7,Hibernating / Churned,0.5361,Medium Risk,1.0
14344,2010-03-23,2011-08-04,20,3333.7,128,20,3333.7,3,5,5,13,Needs Attention,0.0904,Low Risk,1.0
14345,2011-11-01,2011-11-01,1,108.98,39,1,108.98,4,1,1,6,New / Promising,,Not Scored (Recent),
14346,2010-07-30,2011-08-11,5,2315.75,121,5,2315.75,3,4,4,11,Needs Attention,0.3353,Low Risk,1.0
14347,2009-12-03,2009-12-03,1,82.6,737,1,82.6,1,1,1,3,Hibernating / Churned,0.8863,High Risk,1.0
14348,2011-03-24,2011-03-24,1,409.57,261,1,409.57,2,2,2,6,Hibernating / Churned,0.7511,High Risk,1.0
14349,2011-11-29,2011-11-29,1,133.5,11,1,133.5,5,1,1,7,New / Promising,,Not Scored (Recent),
14350,2010-10-05,2011-03-10,3,972.03,275,3,972.03,2,3,3,8,At Risk (High Value),0.5564,Medium Risk,1.0
14351,2011-06-28,2011-06-28,1,51.0,165,1,51.0,3,1,1,5,Needs Attention,0.7495,High Risk,1.0
14352,2011-03-11,2011-07-05,4,1078.96,158,4,1078.96,3,3,3,9,Needs Attention,0.3424,Low Risk,1.0
14353,2010-10-04,2011-05-08,3,376.5,216,3,376.5,2,3,2,7,At Risk (High Value),0.5316,Medium Risk,1.0
14354,2011-11-09,2011-12-04,2,163.62,6,2,163.62,5,2,1,8,New / Promising,,Not Scored (Recent),
14355,2010-03-22,2010-12-09,3,1014.45,366,3,1014.45,2,3,3,8,At Risk (High Value),0.6135,Medium Risk,1.0
14356,2011-09-19,2011-09-21,2,701.23,80,2,701.23,3,2,3,8,Needs Attention,,Not Scored (Recent),
14357,2011-10-27,2011-10-27,1,225.77,44,1,225.77,4,1,1,6,New / Promising,,Not Scored (Recent),
14358,2010-10-07,2010-11-15,2,400.06,390,2,400.06,2,2,2,6,Hibernating / Churned,0.7217,High Risk,1.0
14359,2011-09-13,2011-11-20,3,912.18,20,3,912.18,4,3,3,10,Loyal Users,,Not Scored (Recent),
14360,2011-09-06,2011-11-08,4,2128.23,32,4,2128.23,4,4,4,12,Champions,0.4243,Medium Risk,0.0
14361,2010-05-10,2010-05-10,1,214.71,579,1,214.71,1,1,1,3,Hibernating / Churned,0.839,High Risk,1.0
14362,2011-11-17,2011-11-17,1,161.2,23,1,161.2,4,1,1,6,New / Promising,,Not Scored (Recent),
14363,2010-09-14,2010-11-02,2,227.47,403,2,227.47,2,2,1,5,Hibernating / Churned,0.7251,High Risk,1.0
14364,2011-05-12,2011-08-23,8,3717.35,109,8,3717.35,3,5,5,13,Needs Attention,0.2243,Low Risk,1.0
14365,2010-01-27,2010-11-10,2,634.68,395,2,634.68,2,2,3,7,At Risk (High Value),0.6259,Medium Risk,1.0
14366,2010-07-02,2010-07-02,1,136.0,526,1,136.0,1,1,1,3,Hibernating / Churned,0.8453,High Risk,1.0
14367,2011-03-08,2011-12-01,16,9261.52,9,16,9261.52,5,5,5,15,Champions,0.1504,Low Risk,0.0
14368,2011-01-24,2011-01-24,1,155.0,320,1,155.0,2,1,1,4,Hibernating / Churned,0.8031,High Risk,1.0
14369,2010-02-16,2010-03-07,2,469.13,643,2,469.13,1,2,2,5,Hibernating / Churned,0.7743,High Risk,1.0
14370,2010-02-01,2010-09-15,6,1175.78,451,6,1175.78,1,4,3,8,Hibernating / Churned,0.6581,Medium Risk,1.0
14371,2011-02-17,2011-02-17,1,100.5,296,1,100.5,2,1,1,4,Hibernating / Churned,0.8274,High Risk,1.0
14372,2010-04-19,2010-09-22,2,860.0799999999999,444,2,860.0799999999999,1,3,3,7,Hibernating / Churned,0.6619,Medium Risk,1.0
14373,2010-12-16,2010-12-16,1,76.55,359,1,76.55,2,1,1,4,Hibernating / Churned,0.8432,High Risk,1.0
14374,2010-06-16,2010-06-16,1,108.0,542,1,108.0,1,1,1,3,Hibernating / Churned,0.8629,High Risk,1.0
14375,2010-06-16,2011-06-07,3,1132.99,186,3,1132.99,3,3,3,9,Needs Attention,0.4732,Medium Risk,1.0
14376,2010-01-25,2010-01-25,1,215.46,684,1,215.46,1,1,1,3,Hibernating / Churned,0.864,High Risk,1.0
14377,2011-03-22,2011-06-01,2,617.05,192,2,617.05,2,2,2,6,Hibernating / Churned,0.4699,Medium Risk,1.0
14378,2010-03-28,2010-03-28,1,131.25,622,1,131.25,1,1,1,3,Hibernating / Churned,0.8616,High Risk,1.0
14379,2010-08-16,2011-10-26,4,1268.91,45,4,1268.91,4,4,4,12,Champions,0.5245,Medium Risk,0.0
14380,2010-01-26,2010-01-26,1,48.96,683,1,48.96,1,1,1,3,Hibernating / Churned,0.8801,High Risk,1.0
14381,2010-09-14,2011-10-18,2,631.34,53,2,631.34,4,2,3,9,New / Promising,0.7202,High Risk,0.0
14382,2010-11-14,2011-11-13,2,1246.8,27,2,1246.8,4,3,3,10,Loyal Users,0.6173,Medium Risk,0.0
14383,2011-06-29,2011-11-01,3,1247.69,39,3,1247.69,4,3,3,10,Loyal Users,0.5526,Medium Risk,0.0
14384,2010-07-27,2010-07-27,1,58.5,501,1,58.5,1,1,1,3,Hibernating / Churned,0.8626,High Risk,1.0
14385,2011-11-16,2011-11-30,3,202.11,10,3,202.11,5,3,1,9,Loyal Users,,Not Scored (Recent),
14386,2011-02-16,2011-02-16,1,142.4,297,1,142.4,2,1,1,4,Hibernating / Churned,0.7966,High Risk,1.0
14387,2011-08-22,2011-11-07,3,1770.56,33,3,1770.56,4,3,4,11,Loyal Users,0.4326,Medium Risk,0.0
14388,2010-01-20,2011-11-29,16,6701.0,11,16,6701.0,5,5,5,15,Champions,0.0982,Low Risk,0.0
14389,2010-04-28,2011-10-05,5,1898.01,66,5,1898.01,3,4,4,11,Needs Attention,0.42,Medium Risk,0.0
14390,2010-10-10,2011-11-29,13,6399.83,11,13,6399.83,5,5,5,15,Champions,0.1482,Low Risk,0.0
14391,2010-05-12,2010-05-12,1,135.6,577,1,135.6,1,1,1,3,Hibernating / Churned,0.8548,High Risk,1.0
14392,2010-10-03,2010-10-03,1,266.4,433,1,266.4,1,1,1,3,Hibernating / Churned,0.7477,High Risk,1.0
14393,2011-05-05,2011-05-05,1,67.95,219,1,67.95,2,1,1,4,Hibernating / Churned,0.8073,High Risk,1.0
14394,2010-05-24,2010-05-24,1,93.8,565,1,93.8,1,1,1,3,Hibernating / Churned,0.8694,High Risk,1.0
14395,2010-04-18,2011-12-07,20,8208.01,3,20,8208.01,5,5,5,15,Champions,0.0956,Low Risk,0.0
14396,2009-12-02,2011-10-05,7,2121.93,66,7,2121.93,3,4,4,11,Needs Attention,0.3652,Low Risk,0.0
14397,2011-05-10,2011-12-07,19,2612.96,3,19,2612.96,5,5,4,14,Champions,0.2405,Low Risk,0.0
14398,2010-06-30,2010-11-03,2,707.79,402,2,707.79,2,2,3,7,At Risk (High Value),0.621,Medium Risk,1.0
14399,2010-02-03,2010-11-10,8,2113.16,395,8,2113.16,2,4,4,10,At Risk (High Value),0.4761,Medium Risk,1.0
14400,2010-03-18,2011-07-13,3,1732.47,150,3,1732.47,3,3,4,10,Needs Attention,0.5434,Medium Risk,1.0
14401,2009-12-14,2011-12-05,22,6795.9,5,22,6795.9,5,5,5,15,Champions,0.077,Low Risk,0.0
14402,2010-02-25,2010-02-25,1,285.6,653,1,285.6,1,1,1,3,Hibernating / Churned,0.8539,High Risk,1.0
14403,2010-03-10,2011-08-01,6,1880.51,131,6,1880.51,3,4,4,11,Needs Attention,0.48,Medium Risk,1.0
14404,2009-12-20,2011-11-06,13,2899.11,34,13,2899.11,4,5,4,13,Champions,0.1057,Low Risk,0.0
14405,2010-11-18,2010-11-18,1,195.0,387,1,195.0,2,1,1,4,Hibernating / Churned,0.7887,High Risk,1.0
14406,2011-08-12,2011-08-12,1,156.75,120,1,156.75,3,1,1,5,Needs Attention,0.6317,Medium Risk,1.0
14407,2011-03-08,2011-08-24,6,2157.73,108,6,2157.73,3,4,4,11,Needs Attention,0.2253,Low Risk,1.0
14408,2009-12-07,2011-11-29,11,4109.77,11,11,4109.77,5,5,5,15,Champions,0.2019,Low Risk,0.0
14409,2010-05-21,2011-09-29,9,3756.09,72,9,3756.09,3,5,5,13,Needs Attention,0.1983,Low Risk,0.0
14410,2010-09-28,2011-09-08,11,2651.14,93,11,2651.14,3,5,4,12,Needs Attention,0.1048,Low Risk,0.0
14411,2011-02-02,2011-02-02,1,1063.0,311,1,1063.0,2,2,3,7,At Risk (High Value),0.7431,High Risk,1.0
14412,2010-10-11,2011-10-28,3,1426.19,43,3,1426.19,4,3,4,11,Loyal Users,0.679,Medium Risk,0.0
14413,2010-01-19,2010-12-12,4,770.37,363,4,770.37,2,3,3,8,At Risk (High Value),0.537,Medium Risk,1.0
14414,2010-11-30,2011-09-09,8,2399.33,92,8,2399.33,3,4,4,11,Needs Attention,0.2421,Low Risk,0.0
14415,2009-12-16,2011-12-08,23,12091.6,2,23,12091.6,5,5,5,15,Champions,0.0277,Low Risk,0.0
14416,2011-10-28,2011-11-17,2,490.22,23,2,490.22,4,2,2,8,New / Promising,,Not Scored (Recent),
14417,2010-11-17,2010-11-17,1,604.2,388,1,604.2,2,2,2,6,Hibernating / Churned,0.6206,Medium Risk,1.0
14418,2011-08-23,2011-12-06,3,1937.25,4,3,1937.25,5,3,4,12,Loyal Users,0.5835,Medium Risk,0.0
14419,2010-11-22,2011-11-29,7,1260.91,11,7,1260.91,5,4,4,13,Champions,0.452,Medium Risk,0.0
14420,2010-01-17,2011-09-01,4,1639.17,100,4,1639.17,3,4,4,11,Needs Attention,0.5114,Medium Risk,1.0
14421,2010-01-17,2011-10-13,6,2469.37,58,6,2469.37,4,4,4,12,Champions,0.3876,Low Risk,0.0
14422,2009-12-17,2011-12-09,19,10271.52,1,19,10271.52,5,5,5,15,Champions,0.0908,Low Risk,0.0
14423,2010-01-14,2011-05-05,3,916.61,219,3,916.61,2,3,3,8,At Risk (High Value),0.6212,Medium Risk,1.0
14424,2011-11-22,2011-11-22,1,322.08,18,1,322.08,5,1,2,8,New / Promising,,Not Scored (Recent),
14425,2009-12-02,2010-10-01,3,661.39,435,3,661.39,1,3,3,7,Hibernating / Churned,0.6118,Medium Risk,1.0
14426,2010-03-04,2011-11-16,17,11727.94,24,17,11727.94,4,5,5,14,Champions,0.1002,Low Risk,0.0
14427,2010-03-18,2011-10-20,4,1263.52,51,4,1263.52,4,4,4,12,Champions,0.7394,High Risk,0.0
14428,2011-01-18,2011-12-02,5,1244.83,8,5,1244.83,5,4,3,12,Loyal Users,0.5685,Medium Risk,0.0
14429,2010-11-01,2010-11-01,1,516.28,404,1,516.28,2,2,2,6,Hibernating / Churned,0.6966,Medium Risk,1.0
14430,2010-04-11,2010-07-16,3,1220.9,512,3,1220.9,1,3,3,7,Hibernating / Churned,0.7335,High Risk,1.0
14431,2010-01-21,2011-02-10,4,2614.2,303,4,2614.2,2,4,4,10,At Risk (High Value),0.465,Medium Risk,1.0
14432,2011-09-11,2011-11-30,6,2255.5099999999998,10,6,2255.5099999999998,5,4,4,13,Champions,,Not Scored (Recent),
14433,2010-08-31,2010-08-31,1,289.6,466,1,289.6,1,1,1,3,Hibernating / Churned,0.783,High Risk,1.0
14434,2011-09-28,2011-11-18,6,1372.8,22,6,1372.8,4,4,4,12,Champions,,Not Scored (Recent),
14435,2010-07-26,2010-07-26,1,90.42,502,1,90.42,1,1,1,3,Hibernating / Churned,0.8588,High Risk,1.0
14436,2010-06-04,2011-09-02,2,271.7,99,2,271.7,3,2,1,6,Needs Attention,0.7289,High Risk,1.0
14437,2010-05-05,2010-12-09,5,958.84,366,5,958.84,2,4,3,9,At Risk (High Value),0.5997,Medium Risk,1.0
14438,2011-02-06,2011-02-06,1,131.9,307,1,131.9,2,1,1,4,Hibernating / Churned,0.8191,High Risk,1.0
14439,2010-01-21,2011-01-24,5,9443.04,320,5,9443.04,2,4,5,11,At Risk (High Value),0.3933,Low Risk,1.0
14440,2009-12-02,2011-12-01,13,6638.73,9,13,6638.73,5,5,5,15,Champions,0.3198,Low Risk,0.0
14441,2010-01-18,2011-12-09,11,4611.69,1,11,4611.69,5,5,5,15,Champions,0.1753,Low Risk,0.0
14442,2010-01-18,2011-05-19,7,5367.0199999999995,205,7,5367.0199999999995,2,4,5,11,At Risk (High Value),0.2392,Low Risk,1.0
14443,2010-11-25,2011-10-17,5,2386.47,54,5,2386.47,4,4,4,12,Champions,0.3235,Low Risk,0.0
14444,2010-09-09,2010-09-09,1,132.04,457,1,132.04,1,1,1,3,Hibernating / Churned,0.8442,High Risk,1.0
14445,2010-09-10,2010-09-10,1,221.65,456,1,221.65,1,1,1,3,Hibernating / Churned,0.7831,High Risk,1.0
14446,2010-11-18,2011-12-09,5,1241.31,1,5,1241.31,5,4,3,12,Loyal Users,0.4878,Medium Risk,0.0
14447,2010-11-04,2011-11-21,6,1711.73,19,6,1711.73,5,4,4,13,Champions,0.3761,Low Risk,0.0
14448,2010-12-10,2011-11-30,2,375.34999999999997,10,2,375.34999999999997,5,2,2,9,New / Promising,0.8081,High Risk,0.0
14449,2010-09-29,2011-11-21,8,2482.8,19,8,2482.8,5,4,4,13,Champions,0.3267,Low Risk,0.0
14450,2010-04-08,2011-06-12,7,1128.44,181,7,1128.44,3,4,3,10,Needs Attention,0.3385,Low Risk,1.0
14451,2010-01-17,2011-10-10,12,3308.77,61,12,3308.77,3,5,5,13,Needs Attention,0.2023,Low Risk,0.0
14452,2010-07-06,2011-11-29,4,665.59,11,4,665.59,5,3,3,11,Loyal Users,0.4649,Medium Risk,0.0
14453,2011-06-02,2011-06-02,1,119.93,191,1,119.93,2,1,1,4,Hibernating / Churned,0.6701,Medium Risk,1.0
14454,2009-12-06,2010-11-28,5,977.3,377,5,977.3,2,4,3,9,At Risk (High Value),0.5095,Medium Risk,1.0
14455,2010-08-01,2010-10-03,4,628.21,433,4,628.21,1,3,3,7,Hibernating / Churned,0.6194,Medium Risk,1.0
14456,2011-07-20,2011-12-04,9,3062.4,6,9,3062.4,5,5,5,15,Champions,0.323,Low Risk,0.0
14457,2011-02-02,2011-02-02,1,113.64,311,1,113.64,2,1,1,4,Hibernating / Churned,0.8273,High Risk,1.0
14458,2010-11-24,2010-11-24,1,237.42,381,1,237.42,2,1,1,4,Hibernating / Churned,0.7459,High Risk,1.0
14459,2010-02-26,2011-07-07,2,5375.74,156,2,5375.74,3,3,5,11,Needs Attention,0.6594,Medium Risk,1.0
14460,2009-12-15,2011-08-21,9,1093.5,111,9,1093.5,3,5,3,11,Needs Attention,0.3234,Low Risk,1.0
14461,2010-01-18,2011-07-14,13,6713.5,149,13,6713.5,3,5,5,13,Needs Attention,0.1228,Low Risk,1.0
14462,2010-10-03,2011-10-04,12,2270.01,67,12,2270.01,3,5,4,12,Needs Attention,0.1581,Low Risk,0.0
14463,2010-07-28,2011-09-02,4,786.5699999999999,99,4,786.5699999999999,3,3,3,9,Needs Attention,0.5012,Medium Risk,1.0
14464,2010-03-22,2010-05-20,2,111.0,569,2,111.0,1,2,1,4,Hibernating / Churned,0.846,High Risk,1.0
14465,2010-01-07,2011-04-07,11,3946.0299999999997,247,11,3946.0299999999997,2,5,5,12,At Risk (High Value),0.3023,Low Risk,1.0
14466,2009-12-13,2011-11-10,13,4646.9,30,13,4646.9,4,5,5,14,Champions,0.1102,Low Risk,0.0
14467,2009-12-02,2011-11-22,12,2220.99,18,12,2220.99,5,5,4,14,Champions,0.2893,Low Risk,0.0
14468,2009-12-06,2009-12-06,1,204.24,734,1,204.24,1,1,1,3,Hibernating / Churned,0.841,High Risk,1.0
14469,2010-01-29,2010-10-19,4,2112.21,417,4,2112.21,1,4,4,9,Hibernating / Churned,0.5855,Medium Risk,1.0
14470,2010-10-05,2011-11-28,3,712.04,12,3,712.04,5,3,3,11,Loyal Users,0.5871,Medium Risk,0.0
14471,2009-12-07,2010-04-27,2,400.95,592,2,400.95,1,2,2,5,Hibernating / Churned,0.8333,High Risk,1.0
14472,2010-01-19,2011-08-28,9,2228.22,104,9,2228.22,3,5,4,12,Needs Attention,0.321,Low Risk,1.0
14473,2011-03-02,2011-09-26,2,234.34,75,2,234.34,3,2,1,6,Needs Attention,0.8354,High Risk,0.0
14474,2010-05-09,2011-10-24,2,1278.08,47,2,1278.08,4,3,4,11,Loyal Users,0.6771,Medium Risk,0.0
14475,2010-10-27,2011-09-29,4,1151.15,72,4,1151.15,3,3,3,9,Needs Attention,0.4019,Medium Risk,0.0
14476,2011-03-27,2011-03-27,1,215.7,258,1,215.7,2,1,1,4,Hibernating / Churned,0.7563,High Risk,1.0
14477,2010-01-04,2011-11-20,7,1969.6,20,7,1969.6,5,4,4,13,Champions,0.4442,Medium Risk,0.0
14478,2009-12-01,2010-11-22,4,1276.66,383,4,1276.66,2,4,4,10,At Risk (High Value),0.5739,Medium Risk,1.0
14479,2009-12-06,2011-03-31,4,1299.11,254,4,1299.11,2,4,4,10,At Risk (High Value),0.5487,Medium Risk,1.0
14480,2009-12-21,2011-11-28,4,1299.52,12,4,1299.52,5,4,4,13,Champions,0.606,Medium Risk,0.0
14481,2010-01-31,2011-06-28,5,2311.49,165,5,2311.49,3,4,4,11,Needs Attention,0.3671,Low Risk,1.0
14482,2010-08-26,2011-11-21,12,4357.91,19,12,4357.91,5,5,5,15,Champions,0.1533,Low Risk,0.0
14483,2009-12-03,2011-03-03,2,257.1,282,2,257.1,2,2,1,5,Hibernating / Churned,0.7321,High Risk,1.0
14484,2009-12-17,2011-10-20,4,1070.98,51,4,1070.98,4,3,3,10,Loyal Users,0.5904,Medium Risk,0.0
14485,2011-11-01,2011-11-01,1,165.75,39,1,165.75,4,1,1,6,New / Promising,,Not Scored (Recent),
14486,2010-06-04,2010-07-16,2,175.5,512,2,175.5,1,2,1,4,Hibernating / Churned,0.8494,High Risk,1.0
14487,2010-11-25,2011-11-13,7,1453.61,27,7,1453.61,4,4,4,12,Champions,0.6326,Medium Risk,0.0
14488,2011-10-03,2011-10-03,1,1064.28,68,1,1064.28,3,2,3,8,Needs Attention,,Not Scored (Recent),
14489,2010-04-06,2011-05-16,4,1574.93,208,4,1574.93,2,4,4,10,At Risk (High Value),0.4165,Medium Risk,1.0
14490,2010-10-07,2010-10-29,2,1273.47,407,2,1273.47,2,3,4,9,At Risk (High Value),0.6347,Medium Risk,1.0
14491,2010-12-02,2011-06-17,2,468.13,176,2,468.13,3,2,2,7,Needs Attention,0.4789,Medium Risk,1.0
14492,2010-03-30,2010-10-05,7,1921.91,431,7,1921.91,1,4,4,9,Hibernating / Churned,0.6268,Medium Risk,1.0
14493,2010-03-08,2011-12-02,10,5130.15,8,10,5130.15,5,5,5,15,Champions,0.2826,Low Risk,0.0
14494,2009-12-08,2011-11-14,3,401.46,26,3,401.46,4,3,2,9,Loyal Users,0.6834,Medium Risk,0.0
14495,2010-02-18,2011-10-20,3,174.8,51,3,174.8,4,3,1,8,Loyal Users,0.7224,High Risk,0.0
14496,2010-03-16,2011-02-01,7,2668.23,312,7,2668.23,2,4,4,10,At Risk (High Value),0.3551,Low Risk,1.0
14497,2010-02-04,2011-02-03,2,697.06,310,2,697.06,2,2,3,7,At Risk (High Value),0.7314,High Risk,1.0
14498,2010-06-07,2011-10-28,10,3911.27,43,10,3911.27,4,5,5,14,Champions,0.1555,Low Risk,0.0
14499,2010-08-27,2011-11-13,7,2138.97,27,7,2138.97,4,4,4,12,Champions,0.266,Low Risk,0.0
14500,2011-06-03,2011-09-12,3,356.85,89,3,356.85,3,3,2,8,Needs Attention,0.4529,Medium Risk,0.0
14501,2011-01-24,2011-06-09,2,251.21,184,2,251.21,3,2,1,6,Needs Attention,0.532,Medium Risk,1.0
14502,2011-01-30,2011-11-20,11,2470.67,20,11,2470.67,5,5,4,14,Champions,0.2254,Low Risk,0.0
14503,2011-06-14,2011-12-06,6,3543.26,4,6,3543.26,5,4,5,14,Champions,0.5099,Medium Risk,0.0
14504,2011-03-06,2011-10-23,4,673.26,48,4,673.26,4,3,3,10,Loyal Users,0.4471,Medium Risk,0.0
14505,2009-12-09,2011-11-22,19,12001.84,18,19,12001.84,5,5,5,15,Champions,0.0482,Low Risk,0.0
14506,2010-04-19,2011-11-22,7,3290.67,18,7,3290.67,5,4,5,14,Champions,0.3426,Low Risk,0.0
14507,2009-12-10,2011-11-16,11,3284.43,24,11,3284.43,4,5,5,14,Champions,0.1931,Low Risk,0.0
14508,2010-06-17,2011-11-17,5,874.94,23,5,874.94,4,4,3,11,Loyal Users,0.47,Medium Risk,0.0
14509,2010-06-23,2010-06-23,1,110.95,535,1,110.95,1,1,1,3,Hibernating / Churned,0.8406,High Risk,1.0
14510,2010-09-29,2010-11-29,3,1007.28,376,3,1007.28,2,3,3,8,At Risk (High Value),0.5896,Medium Risk,1.0
14511,2011-07-29,2011-11-28,5,1314.81,12,5,1314.81,5,4,4,13,Champions,0.4934,Medium Risk,0.0
14512,2009-12-07,2011-06-05,7,1223.47,188,7,1223.47,3,4,3,10,Needs Attention,0.3044,Low Risk,1.0
14513,2010-05-20,2011-08-31,6,788.01,101,6,788.01,3,4,3,10,Needs Attention,0.4249,Medium Risk,1.0
14514,2009-12-13,2011-10-09,9,4598.98,62,9,4598.98,3,5,5,13,Needs Attention,0.1823,Low Risk,0.0
14515,2010-06-07,2011-11-22,12,3749.26,18,12,3749.26,5,5,5,15,Champions,0.1896,Low Risk,0.0
14516,2010-07-11,2010-07-11,1,163.92,517,1,163.92,1,1,1,3,Hibernating / Churned,0.8358,High Risk,1.0
14517,2011-07-21,2011-11-06,2,330.45,34,2,330.45,4,2,2,8,New / Promising,0.4912,Medium Risk,0.0
14518,2011-10-06,2011-10-06,1,174.37,65,1,174.37,3,1,1,5,Needs Attention,,Not Scored (Recent),
14519,2009-12-11,2010-01-25,2,206.09,684,2,206.09,1,2,1,4,Hibernating / Churned,0.8375,High Risk,1.0
14520,2011-02-22,2011-12-08,2,270.6,2,2,270.6,5,2,1,8,New / Promising,0.8083,High Risk,0.0
14521,2010-08-05,2010-08-05,1,199.45,492,1,199.45,1,1,1,3,Hibernating / Churned,0.8431,High Risk,1.0
14522,2010-01-24,2011-11-15,8,1758.62,25,8,1758.62,4,4,4,12,Champions,0.4965,Medium Risk,0.0
14523,2011-08-23,2011-08-23,1,241.09,109,1,241.09,3,1,1,5,Needs Attention,0.5186,Medium Risk,1.0
14524,2010-10-19,2011-11-08,13,2933.71,32,13,2933.71,4,5,4,13,Champions,0.1626,Low Risk,0.0
14525,2009-12-13,2011-11-20,17,8240.64,20,17,8240.64,5,5,5,15,Champions,0.0589,Low Risk,0.0
14526,2010-11-15,2010-11-15,1,262.4,390,1,262.4,2,1,1,4,Hibernating / Churned,0.735,High Risk,1.0
14527,2009-12-02,2011-12-07,122,27792.3,3,122,27792.3,5,5,5,15,Champions,0.0293,Low Risk,0.0
14528,2011-11-02,2011-11-02,1,364.21999999999997,38,1,364.21999999999997,4,2,2,8,New / Promising,,Not Scored (Recent),
14529,2011-08-21,2011-10-10,3,620.04,61,3,620.04,3,3,3,9,Needs Attention,0.5714,Medium Risk,0.0
14530,2010-01-21,2011-11-14,16,6197.4,26,16,6197.4,4,5,5,14,Champions,0.0841,Low Risk,0.0
14531,2010-08-17,2010-08-17,1,376.34,480,1,376.34,1,2,2,5,Hibernating / Churned,0.8254,High Risk,1.0
14532,2010-01-10,2011-04-17,11,3859.18,237,11,3859.18,2,5,5,12,At Risk (High Value),0.2974,Low Risk,1.0
14533,2010-04-08,2011-11-15,11,3466.37,25,11,3466.37,4,5,5,14,Champions,0.3926,Low Risk,0.0
14534,2010-03-15,2011-12-07,26,6271.11,3,26,6271.11,5,5,5,15,Champions,0.0629,Low Risk,0.0
14535,2010-02-24,2011-10-10,9,6030.73,61,9,6030.73,3,5,5,13,Needs Attention,0.1618,Low Risk,0.0
14536,2011-03-25,2011-03-25,1,171.8,260,1,171.8,2,1,1,4,Hibernating / Churned,0.8027,High Risk,1.0
14537,2010-03-26,2011-10-13,2,641.4,58,2,641.4,4,2,3,9,New / Promising,0.8269,High Risk,0.0
14538,2010-01-25,2011-10-06,5,1370.84,65,5,1370.84,3,4,4,11,Needs Attention,0.541,Medium Risk,0.0
14539,2011-10-26,2011-11-24,2,537.48,16,2,537.48,5,2,2,9,New / Promising,,Not Scored (Recent),
14540,2009-12-07,2011-11-30,11,3795.34,10,11,3795.34,5,5,5,15,Champions,0.2849,Low Risk,0.0
14541,2010-01-07,2011-10-12,14,2499.68,59,14,2499.68,4,5,4,13,Champions,0.1384,Low Risk,0.0
14542,2011-06-07,2011-06-07,1,103.25,186,1,103.25,3,1,1,5,Needs Attention,0.6995,Medium Risk,1.0
14543,2009-12-01,2011-11-11,39,14906.77,29,39,14906.77,4,5,5,14,Champions,0.0275,Low Risk,0.0
14544,2010-08-26,2011-11-15,3,2982.43,25,3,2982.43,4,3,5,12,Loyal Users,0.5289,Medium Risk,0.0
14545,2010-02-03,2010-02-03,1,349.25,675,1,349.25,1,1,2,4,Hibernating / Churned,0.8637,High Risk,1.0
14546,2009-12-06,2011-12-04,11,5197.9,6,11,5197.9,5,5,5,15,Champions,0.184,Low Risk,0.0
14547,2011-10-16,2011-12-06,8,4007.54,4,8,4007.54,5,5,5,15,Champions,,Not Scored (Recent),
14548,2009-12-06,2011-07-12,9,2627.49,151,9,2627.49,3,5,4,12,Needs Attention,0.1894,Low Risk,1.0
14549,2009-12-02,2011-02-01,4,916.55,312,4,916.55,2,3,3,8,At Risk (High Value),0.4816,Medium Risk,1.0
14550,2010-08-13,2011-11-29,4,1353.31,11,4,1353.31,5,4,4,13,Champions,0.5935,Medium Risk,0.0
14551,2010-01-27,2011-11-21,7,880.04,19,7,880.04,5,4,3,12,Loyal Users,0.4032,Medium Risk,0.0
14552,2010-04-26,2011-07-11,3,511.28,152,3,511.28,3,3,2,8,Needs Attention,0.4834,Medium Risk,1.0
14553,2010-07-18,2011-11-20,9,1841.54,20,9,1841.54,5,5,4,14,Champions,0.3455,Low Risk,0.0
14554,2011-10-18,2011-11-29,4,2381.04,11,4,2381.04,5,4,4,13,Champions,,Not Scored (Recent),
14555,2009-12-18,2011-10-13,6,2315.63,58,6,2315.63,4,4,4,12,Champions,0.3617,Low Risk,0.0
14556,2010-01-20,2010-04-22,3,835.34,597,3,835.34,1,3,3,7,Hibernating / Churned,0.6449,Medium Risk,1.0
14557,2011-09-15,2011-09-15,1,788.38,86,1,788.38,3,2,3,8,Needs Attention,,Not Scored (Recent),
14558,2009-12-08,2010-02-23,3,655.5,655,3,655.5,1,3,3,7,Hibernating / Churned,0.7271,High Risk,1.0
14559,2010-11-14,2010-11-14,1,75.6,391,1,75.6,2,1,1,4,Hibernating / Churned,0.8538,High Risk,1.0
14560,2009-12-02,2011-12-02,44,6114.03,8,44,6114.03,5,5,5,15,Champions,0.037,Low Risk,0.0
14561,2011-06-08,2011-09-25,3,1080.76,76,3,1080.76,3,3,3,9,Needs Attention,0.3551,Low Risk,0.0
14562,2010-02-07,2011-12-06,26,6729.4,4,26,6729.4,5,5,5,15,Champions,0.1006,Low Risk,0.0
14563,2010-04-26,2010-07-18,2,679.44,510,2,679.44,1,2,3,6,Hibernating / Churned,0.6711,Medium Risk,1.0
14564,2009-12-04,2010-10-01,2,2605.62,435,2,2605.62,1,3,4,8,Hibernating / Churned,0.6282,Medium Risk,1.0
14565,2010-08-23,2011-09-05,5,3859.22,96,5,3859.22,3,4,5,12,Needs Attention,0.3008,Low Risk,1.0
14566,2010-06-24,2011-08-21,4,4092.0,111,4,4092.0,3,4,5,12,Needs Attention,0.4727,Medium Risk,1.0
14567,2011-08-01,2011-10-14,2,1530.36,57,2,1530.36,4,3,4,11,Loyal Users,0.5954,Medium Risk,0.0
14568,2010-09-30,2010-09-30,1,919.6999999999999,436,1,919.6999999999999,1,2,3,6,Hibernating / Churned,0.697,Medium Risk,1.0
14569,2010-04-15,2011-12-08,4,598.98,2,4,598.98,5,3,2,10,Loyal Users,0.7221,High Risk,0.0
14570,2010-09-22,2011-03-04,3,613.75,281,3,613.75,2,3,2,7,At Risk (High Value),0.5335,Medium Risk,1.0
14571,2010-10-10,2010-10-10,1,161.65,426,1,161.65,1,1,1,3,Hibernating / Churned,0.8014,High Risk,1.0
14572,2010-03-28,2011-12-06,11,5615.18,4,11,5615.18,5,5,5,15,Champions,0.132,Low Risk,0.0
14573,2010-01-08,2011-06-13,13,2621.42,180,13,2621.42,3,5,4,12,Needs Attention,0.1823,Low Risk,1.0
14574,2009-12-07,2009-12-07,1,143.7,733,1,143.7,1,1,1,3,Hibernating / Churned,0.8651,High Risk,1.0
14575,2010-08-08,2010-08-08,1,460.71,489,1,460.71,1,2,2,5,Hibernating / Churned,0.7204,High Risk,1.0
14576,2010-12-02,2010-12-02,1,70.8,373,1,70.8,2,1,1,4,Hibernating / Churned,0.8479,High Risk,1.0
14577,2009-12-11,2011-11-27,7,1374.25,13,7,1374.25,5,4,4,13,Champions,0.4015,Medium Risk,0.0
14578,2011-12-06,2011-12-06,1,168.63,4,1,168.63,5,1,1,7,New / Promising,,Not Scored (Recent),
14579,2010-10-03,2010-10-03,1,105.56,433,1,105.56,1,1,1,3,Hibernating / Churned,0.8209,High Risk,1.0
14580,2010-07-09,2010-07-09,1,14.85,519,1,14.85,1,1,1,3,Hibernating / Churned,0.8703,High Risk,1.0
14581,2010-06-13,2011-11-23,2,433.8,17,2,433.8,5,2,2,9,New / Promising,0.8029,High Risk,0.0
14582,2011-10-30,2011-10-30,1,114.11,41,1,114.11,4,1,1,6,New / Promising,,Not Scored (Recent),
14583,2010-03-28,2011-12-04,8,1781.03,6,8,1781.03,5,4,4,13,Champions,0.3117,Low Risk,0.0
14584,2010-02-17,2011-06-23,8,1747.91,170,8,1747.91,3,4,4,11,Needs Attention,0.3366,Low Risk,1.0
14585,2010-10-19,2011-10-20,5,1143.27,51,5,1143.27,4,4,3,11,Loyal Users,0.5883,Medium Risk,0.0
14586,2011-03-08,2011-03-08,1,237.35999999999999,277,1,237.35999999999999,2,1,1,4,Hibernating / Churned,0.761,High Risk,1.0
14587,2011-01-12,2011-11-21,9,1601.14,19,9,1601.14,5,5,4,14,Champions,0.1872,Low Risk,0.0
14588,2010-05-10,2010-05-10,1,135.39,579,1,135.39,1,1,1,3,Hibernating / Churned,0.8548,High Risk,1.0
14589,2010-12-03,2010-12-03,1,79.5,372,1,79.5,2,1,1,4,Hibernating / Churned,0.8511,High Risk,1.0
14590,2009-12-07,2010-10-11,20,3006.62,425,20,3006.62,1,5,5,11,Hibernating / Churned,0.5838,Medium Risk,1.0
14591,2011-05-10,2011-11-24,4,1447.14,16,4,1447.14,5,4,4,13,Champions,0.6657,Medium Risk,0.0
14592,2011-10-06,2011-11-04,3,570.46,36,3,570.46,4,3,2,9,Loyal Users,,Not Scored (Recent),
14593,2009-12-09,2011-11-18,12,3712.0099999999998,22,12,3712.0099999999998,4,5,5,14,Champions,0.1892,Low Risk,0.0
14594,2010-12-01,2011-12-02,2,634.83,8,2,634.83,5,2,3,10,New / Promising,0.6754,Medium Risk,0.0
14595,2010-01-20,2011-11-20,8,2164.45,20,8,2164.45,5,4,4,13,Champions,0.6185,Medium Risk,0.0
14596,2010-03-23,2010-03-23,1,229.47,627,1,229.47,1,1,1,3,Hibernating / Churned,0.8241,High Risk,1.0
14597,2010-09-28,2011-11-28,6,2201.54,12,6,2201.54,5,4,4,13,Champions,0.3162,Low Risk,0.0
14598,2010-05-19,2011-10-26,2,384.04,45,2,384.04,4,2,2,8,New / Promising,0.8211,High Risk,0.0
14599,2010-07-18,2010-11-14,2,474.54,391,2,474.54,2,2,2,6,Hibernating / Churned,0.6071,Medium Risk,1.0
14600,2010-11-11,2011-02-07,2,865.17,306,2,865.17,2,3,3,8,At Risk (High Value),0.6036,Medium Risk,1.0
14601,2011-11-29,2011-11-29,1,213.96,11,1,213.96,5,1,1,7,New / Promising,,Not Scored (Recent),
14602,2010-02-21,2010-02-21,1,205.36,657,1,205.36,1,1,1,3,Hibernating / Churned,0.8484,High Risk,1.0
14603,2011-03-10,2011-03-10,1,660.0,275,1,660.0,2,2,3,7,At Risk (High Value),0.7274,High Risk,1.0
14604,2010-03-16,2010-03-16,1,143.85999999999999,634,1,143.85999999999999,1,1,1,3,Hibernating / Churned,0.8478,High Risk,1.0
14605,2009-12-08,2010-11-30,4,937.16,375,4,937.16,2,3,3,8,At Risk (High Value),0.5503,Medium Risk,1.0
14606,2009-12-03,2011-12-08,192,30861.06,2,192,30861.06,5,5,5,15,Champions,0.0321,Low Risk,0.0
14607,2009-12-15,2011-11-24,22,24137.63,16,22,24137.63,5,5,5,15,Champions,0.306,Low Risk,0.0
14608,2009-12-06,2011-12-05,11,3352.94,5,11,3352.94,5,5,5,15,Champions,0.351,Low Risk,0.0
14609,2010-02-09,2011-09-28,10,1486.2,73,10,1486.2,3,5,4,12,Needs Attention,0.2469,Low Risk,0.0
14610,2010-07-13,2010-11-09,2,24.35,396,2,24.35,2,2,1,5,Hibernating / Churned,0.6949,Medium Risk,1.0
14611,2010-04-20,2010-09-22,2,604.33,444,2,604.33,1,2,2,5,Hibernating / Churned,0.6573,Medium Risk,1.0
14612,2010-10-20,2010-10-20,1,877.7,416,1,877.7,1,2,3,6,Hibernating / Churned,0.7398,High Risk,1.0
14613,2010-01-28,2010-01-28,1,76.32,681,1,76.32,1,1,1,3,Hibernating / Churned,0.8883,High Risk,1.0
14614,2010-11-18,2010-11-18,1,295.13,387,1,295.13,2,1,2,5,Hibernating / Churned,0.7509,High Risk,1.0
14615,2010-06-09,2010-11-10,5,951.76,395,5,951.76,2,4,3,9,At Risk (High Value),0.648,Medium Risk,1.0
14616,2010-06-09,2011-04-11,5,527.78,243,5,527.78,2,4,2,8,At Risk (High Value),0.5508,Medium Risk,1.0
14617,2010-10-20,2010-11-02,2,190.47,403,2,190.47,2,2,1,5,Hibernating / Churned,0.7131,High Risk,1.0
14618,2010-06-11,2011-11-30,7,1342.32,10,7,1342.32,5,4,4,13,Champions,0.5879,Medium Risk,0.0
14619,2010-06-16,2011-04-08,2,1291.24,246,2,1291.24,2,3,4,9,At Risk (High Value),0.6056,Medium Risk,1.0
14620,2011-03-01,2011-05-18,2,412.78000000000003,206,2,412.78000000000003,2,2,2,6,Hibernating / Churned,0.4505,Medium Risk,1.0
14621,2010-01-25,2011-12-08,9,3000.57,2,9,3000.57,5,5,5,15,Champions,0.2828,Low Risk,0.0
14622,2011-06-08,2011-06-08,1,320.58,185,1,320.58,3,1,2,6,Needs Attention,0.5923,Medium Risk,1.0
14623,2010-04-16,2011-11-07,10,2059.58,33,10,2059.58,4,5,4,13,Champions,0.2538,Low Risk,0.0
14624,2010-04-14,2011-10-13,6,814.07,58,6,814.07,4,4,3,11,Loyal Users,0.6085,Medium Risk,0.0
14625,2009-12-16,2011-05-27,11,4497.88,197,11,4497.88,2,5,5,12,At Risk (High Value),0.1724,Low Risk,1.0
14626,2009-12-10,2011-11-16,11,5410.92,24,11,5410.92,4,5,5,14,Champions,0.1432,Low Risk,0.0
14627,2010-11-25,2010-11-25,1,462.75,380,1,462.75,2,2,2,6,Hibernating / Churned,0.6935,Medium Risk,1.0
14628,2010-01-25,2011-09-09,5,1998.0,92,5,1998.0,3,4,4,11,Needs Attention,0.4845,Medium Risk,0.0
14629,2011-10-23,2011-12-05,2,959.01,5,2,959.01,5,3,3,11,Loyal Users,,Not Scored (Recent),
14630,2010-08-12,2010-08-12,1,338.65,485,1,338.65,1,1,2,4,Hibernating / Churned,0.8233,High Risk,1.0
14631,2010-08-09,2011-10-20,6,2025.69,51,6,2025.69,4,4,4,12,Champions,0.3608,Low Risk,0.0
14632,2011-03-22,2011-03-22,1,114.56,263,1,114.56,2,1,1,4,Hibernating / Churned,0.8238,High Risk,1.0
14633,2011-03-18,2011-03-18,1,344.9,267,1,344.9,2,1,2,5,Hibernating / Churned,0.7394,High Risk,1.0
14634,2010-06-16,2010-09-28,4,2124.46,438,4,2124.46,1,4,4,9,Hibernating / Churned,0.6196,Medium Risk,1.0
14635,2010-09-12,2010-09-12,1,215.22,454,1,215.22,1,1,1,3,Hibernating / Churned,0.7832,High Risk,1.0
14636,2011-03-16,2011-11-03,2,609.85,37,2,609.85,4,2,2,8,New / Promising,0.7474,High Risk,0.0
14637,2010-01-31,2010-01-31,1,106.68,678,1,106.68,1,1,1,3,Hibernating / Churned,0.8813,High Risk,1.0
14638,2011-10-20,2011-10-20,1,443.6,51,1,443.6,4,2,2,8,New / Promising,,Not Scored (Recent),
14639,2010-02-16,2011-10-18,9,4978.96,53,9,4978.96,4,5,5,14,Champions,0.188,Low Risk,0.0
14640,2010-01-22,2011-11-15,10,3667.06,25,10,3667.06,4,5,5,14,Champions,0.1769,Low Risk,0.0
14641,2011-11-18,2011-11-18,1,110.46,22,1,110.46,4,1,1,6,New / Promising,,Not Scored (Recent),
14642,2011-10-12,2011-10-12,1,96.11999999999999,59,1,96.11999999999999,3,1,1,5,Needs Attention,,Not Scored (Recent),
14643,2009-12-11,2011-06-22,5,1679.8899999999999,171,5,1679.8899999999999,3,4,4,11,Needs Attention,0.4239,Medium Risk,1.0
14644,2009-12-03,2011-10-03,7,2247.72,68,7,2247.72,3,4,4,11,Needs Attention,0.393,Low Risk,0.0
14645,2010-03-15,2011-07-06,3,876.89,157,3,876.89,3,3,3,9,Needs Attention,0.664,Medium Risk,1.0
14646,2009-12-02,2011-12-08,151,528602.52,2,151,528602.52,5,5,5,15,Champions,0.0306,Low Risk,0.0
14647,2010-07-04,2011-05-22,2,519.97,202,2,519.97,2,2,2,6,Hibernating / Churned,0.5054,Medium Risk,1.0
14648,2009-12-10,2010-10-19,15,4546.86,417,15,4546.86,1,5,5,11,Hibernating / Churned,0.5577,Medium Risk,1.0
14649,2010-01-20,2011-12-05,9,3775.31,5,9,3775.31,5,5,5,15,Champions,0.2876,Low Risk,0.0
14650,2010-04-29,2010-04-29,1,62.5,590,1,62.5,1,1,1,3,Hibernating / Churned,0.877,High Risk,1.0
14651,2010-03-18,2011-10-03,9,2034.12,68,9,2034.12,3,5,4,12,Needs Attention,0.3049,Low Risk,0.0
14652,2011-09-23,2011-09-23,1,114.17999999999999,78,1,114.17999999999999,3,1,1,5,Needs Attention,,Not Scored (Recent),
14653,2009-12-02,2011-12-08,12,3614.54,2,12,3614.54,5,5,5,15,Champions,0.3688,Low Risk,0.0
14654,2009-12-01,2009-12-01,1,246.86,739,1,246.86,1,1,1,3,Hibernating / Churned,0.8545,High Risk,1.0
14655,2010-04-22,2011-12-01,7,3878.5099999999998,9,7,3878.5099999999998,5,4,5,14,Champions,0.4013,Medium Risk,0.0
14656,2010-04-15,2011-06-23,5,814.65,170,5,814.65,3,4,3,10,Needs Attention,0.3874,Low Risk,1.0
14657,2010-09-30,2011-11-22,6,1460.87,18,6,1460.87,5,4,4,13,Champions,0.2994,Low Risk,0.0
14658,2011-08-14,2011-12-04,2,247.15,6,2,247.15,5,2,1,8,New / Promising,0.6003,Medium Risk,0.0
14659,2011-01-28,2011-12-01,9,2529.93,9,9,2529.93,5,5,4,14,Champions,0.2183,Low Risk,0.0
14660,2011-08-31,2011-09-14,2,285.74,87,2,285.74,3,2,1,6,Needs Attention,0.5756,Medium Risk,0.0
14661,2011-11-13,2011-11-13,1,107.95,27,1,107.95,4,1,1,6,New / Promising,,Not Scored (Recent),
14662,2009-12-03,2011-11-11,7,1416.33,29,7,1416.33,4,4,4,12,Champions,0.429,Medium Risk,0.0
14663,2010-10-05,2010-10-05,2,490.6,431,2,490.6,1,2,2,5,Hibernating / Churned,0.6877,Medium Risk,1.0
14664,2011-11-06,2011-11-20,2,637.89,20,2,637.89,4,2,3,9,New / Promising,,Not Scored (Recent),
14665,2010-04-26,2011-10-10,7,2749.65,61,7,2749.65,3,4,4,11,Needs Attention,0.4289,Medium Risk,0.0
14666,2011-11-15,2011-11-15,1,195.25,25,1,195.25,4,1,1,6,New / Promising,,Not Scored (Recent),
14667,2009-12-02,2011-11-29,54,21927.14,11,54,21927.14,5,5,5,15,Champions,0.0201,Low Risk,0.0
14668,2010-09-20,2010-09-20,1,111.63,446,1,111.63,1,1,1,3,Hibernating / Churned,0.8137,High Risk,1.0
14669,2009-12-02,2011-04-12,7,3243.93,242,7,3243.93,2,4,5,11,At Risk (High Value),0.334,Low Risk,1.0
14670,2009-12-07,2011-03-04,3,602.0,281,3,602.0,2,3,2,7,At Risk (High Value),0.6057,Medium Risk,1.0
14671,2010-05-20,2010-06-08,2,1127.45,550,2,1127.45,1,3,3,7,Hibernating / Churned,0.7177,High Risk,1.0
14672,2010-01-28,2011-04-19,4,1113.14,235,4,1113.14,2,3,3,8,At Risk (High Value),0.5317,Medium Risk,1.0
14673,2010-10-26,2011-12-06,7,3410.81,4,7,3410.81,5,4,5,14,Champions,0.4992,Medium Risk,0.0
14674,2010-07-18,2010-07-18,1,173.66,510,1,173.66,1,1,1,3,Hibernating / Churned,0.8598,High Risk,1.0
14675,2010-11-16,2011-11-23,2,1066.9,17,2,1066.9,5,3,3,11,Loyal Users,0.6441,Medium Risk,0.0
14676,2010-03-10,2011-11-08,12,8356.789999999999,32,12,8356.789999999999,4,5,5,14,Champions,0.1542,Low Risk,0.0
14677,2010-04-26,2010-04-26,1,184.91,593,1,184.91,1,1,1,3,Hibernating / Churned,0.8618,High Risk,1.0
14678,2010-05-09,2010-05-09,1,403.39,580,1,403.39,1,2,2,5,Hibernating / Churned,0.79,High Risk,1.0
14679,2009-12-08,2010-11-23,3,1289.44,382,3,1289.44,2,3,4,9,At Risk (High Value),0.614,Medium Risk,1.0
14680,2009-12-04,2011-11-14,58,57412.77,26,58,57412.77,4,5,5,14,Champions,0.0185,Low Risk,0.0
14681,2010-02-24,2011-09-29,6,875.15,72,6,875.15,3,4,3,10,Needs Attention,0.5026,Medium Risk,0.0
14682,2010-02-05,2011-06-05,6,1514.81,188,6,1514.81,3,4,4,11,Needs Attention,0.3838,Low Risk,1.0
14683,2010-04-30,2010-04-30,1,146.56,589,1,146.56,1,1,1,3,Hibernating / Churned,0.8416,High Risk,1.0
14684,2010-11-14,2011-11-14,6,1468.55,26,6,1468.55,4,4,4,12,Champions,0.3819,Low Risk,0.0
14685,2009-12-13,2010-05-12,8,4619.79,577,8,4619.79,1,5,5,11,Hibernating / Churned,0.6988,Medium Risk,1.0
14686,2010-02-18,2010-10-21,5,885.83,415,5,885.83,1,4,3,8,Hibernating / Churned,0.5502,Medium Risk,1.0
14687,2010-06-06,2011-08-25,3,1402.06,107,3,1402.06,3,3,4,10,Needs Attention,0.5357,Medium Risk,1.0
14688,2010-09-09,2011-12-02,28,7713.57,8,28,7713.57,5,5,5,15,Champions,0.0594,Low Risk,0.0
14689,2011-05-15,2011-05-15,1,112.8,209,1,112.8,2,1,1,4,Hibernating / Churned,0.7172,High Risk,1.0
14690,2010-10-25,2011-10-26,4,794.33,45,4,794.33,4,3,3,10,Loyal Users,0.4266,Medium Risk,0.0
14691,2011-05-11,2011-11-09,5,2114.33,31,5,2114.33,4,4,4,12,Champions,0.3721,Low Risk,0.0
14692,2010-04-01,2011-07-25,12,1745.09,138,12,1745.09,3,5,4,12,Needs Attention,0.2007,Low Risk,1.0
14693,2010-07-02,2011-03-20,7,1165.36,265,7,1165.36,2,4,3,9,At Risk (High Value),0.5265,Medium Risk,1.0
14694,2010-04-01,2010-04-01,1,244.31,618,1,244.31,1,1,1,3,Hibernating / Churned,0.8308,High Risk,1.0
14695,2009-12-07,2010-07-08,3,1620.07,520,3,1620.07,1,3,4,8,Hibernating / Churned,0.7108,High Risk,1.0
14696,2010-10-14,2011-12-05,8,2767.9,5,8,2767.9,5,4,4,13,Champions,0.2194,Low Risk,0.0
14697,2011-05-05,2011-05-05,2,188.61,219,2,188.61,2,2,1,5,Hibernating / Churned,0.758,High Risk,1.0
14698,2011-10-19,2011-12-08,5,1250.76,2,5,1250.76,5,4,4,13,Champions,,Not Scored (Recent),
14699,2010-07-02,2011-05-09,4,702.6,215,4,702.6,2,3,3,8,At Risk (High Value),0.4619,Medium Risk,1.0
14700,2010-08-11,2011-11-07,5,3116.26,33,5,3116.26,4,4,5,13,Champions,0.3089,Low Risk,0.0
14701,2010-01-24,2011-11-29,15,4562.09,11,15,4562.09,5,5,5,15,Champions,0.1587,Low Risk,0.0
14702,2009-12-10,2011-12-08,29,6754.22,2,29,6754.22,5,5,5,15,Champions,0.0862,Low Risk,0.0
14703,2011-11-25,2011-11-25,1,318.17,15,1,318.17,5,1,2,8,New / Promising,,Not Scored (Recent),
14704,2010-03-25,2011-11-28,11,1813.57,12,11,1813.57,5,5,4,14,Champions,0.4573,Medium Risk,0.0
14705,2011-05-25,2011-05-25,1,179.0,199,1,179.0,2,1,1,4,Hibernating / Churned,0.742,High Risk,1.0
14706,2010-03-31,2010-03-31,1,390.69,619,1,390.69,1,2,2,5,Hibernating / Churned,0.827,High Risk,1.0
14707,2010-05-12,2010-09-30,2,139.2,436,2,139.2,1,2,1,4,Hibernating / Churned,0.7342,High Risk,1.0
14708,2010-09-10,2011-12-07,5,2212.28,3,5,2212.28,5,4,4,13,Champions,0.4089,Medium Risk,0.0
14709,2009-12-05,2011-11-24,25,8886.33,16,25,8886.33,5,5,5,15,Champions,0.0285,Low Risk,0.0
14710,2009-12-03,2011-11-25,13,1922.59,15,13,1922.59,5,5,4,14,Champions,0.3817,Low Risk,0.0
14711,2011-03-22,2011-11-29,11,2868.8,11,11,2868.8,5,5,4,14,Champions,0.1752,Low Risk,0.0
14712,2010-10-17,2011-11-10,4,1328.07,30,4,1328.07,4,4,4,12,Champions,0.4879,Medium Risk,0.0
14713,2009-12-03,2011-11-30,21,5418.87,10,21,5418.87,5,5,5,15,Champions,0.0373,Low Risk,0.0
14714,2010-01-21,2011-11-15,4,906.24,25,4,906.24,4,3,3,10,Loyal Users,0.5605,Medium Risk,0.0
14715,2010-01-19,2011-11-15,8,1840.45,25,8,1840.45,4,4,4,12,Champions,0.3183,Low Risk,0.0
14716,2010-09-21,2011-10-27,3,565.45,44,3,565.45,4,3,2,9,Loyal Users,0.4813,Medium Risk,0.0
14717,2009-12-06,2009-12-06,1,81.3,734,1,81.3,1,1,1,3,Hibernating / Churned,0.8743,High Risk,1.0
14718,2010-10-25,2010-10-25,1,226.42,411,1,226.42,1,1,1,3,Hibernating / Churned,0.747,High Risk,1.0
14719,2011-04-04,2011-12-08,5,1602.13,2,5,1602.13,5,4,4,13,Champions,0.3438,Low Risk,0.0
14720,2011-08-05,2011-12-04,3,663.81,6,3,663.81,5,3,3,11,Loyal Users,0.6017,Medium Risk,0.0
14721,2010-11-25,2010-11-25,1,115.77,380,1,115.77,2,1,1,4,Hibernating / Churned,0.8155,High Risk,1.0
14722,2010-08-10,2011-07-15,3,513.37,148,3,513.37,3,3,2,8,Needs Attention,0.5169,Medium Risk,1.0
14723,2009-12-04,2011-11-29,11,2093.06,11,11,2093.06,5,5,4,14,Champions,0.3181,Low Risk,0.0
14724,2010-04-28,2010-04-28,1,345.25,591,1,345.25,1,1,2,4,Hibernating / Churned,0.8383,High Risk,1.0
14725,2010-06-23,2011-11-15,4,1315.24,25,4,1315.24,4,4,4,12,Champions,0.5792,Medium Risk,0.0
14726,2010-02-23,2010-02-23,1,124.75,655,1,124.75,1,1,1,3,Hibernating / Churned,0.8566,High Risk,1.0
14727,2010-06-11,2011-03-10,3,467.93,275,3,467.93,2,3,2,7,At Risk (High Value),0.5966,Medium Risk,1.0
14728,2010-10-22,2010-10-22,1,190.57999999999998,414,1,190.57999999999998,1,1,1,3,Hibernating / Churned,0.7895,High Risk,1.0
14729,2010-03-24,2010-12-01,3,907.38,374,3,907.38,2,3,3,8,At Risk (High Value),0.5244,Medium Risk,1.0
14730,2011-03-08,2011-12-08,8,2005.06,2,8,2005.06,5,4,4,13,Champions,0.2754,Low Risk,0.0
14731,2011-05-11,2011-10-23,3,380.02,48,3,380.02,4,3,2,9,Loyal Users,0.4343,Medium Risk,0.0
14732,2009-12-09,2011-12-01,19,5517.07,9,19,5517.07,5,5,5,15,Champions,0.0863,Low Risk,0.0
14733,2010-11-02,2011-11-23,15,16184.97,17,15,16184.97,5,5,5,15,Champions,0.0799,Low Risk,0.0
14734,2010-06-06,2010-10-10,4,1056.42,426,4,1056.42,1,3,3,7,Hibernating / Churned,0.6616,Medium Risk,1.0
14735,2009-12-04,2011-12-06,56,12240.16,4,56,12240.16,5,5,5,15,Champions,0.0203,Low Risk,0.0
14736,2010-08-11,2010-08-11,2,401.08,486,2,401.08,1,2,2,5,Hibernating / Churned,0.7814,High Risk,1.0
14737,2010-11-04,2011-12-06,4,3554.17,4,4,3554.17,5,4,5,14,Champions,0.4388,Medium Risk,0.0
14738,2009-12-07,2011-10-28,9,1821.9,43,9,1821.9,4,5,4,13,Champions,0.3385,Low Risk,0.0
14739,2009-12-02,2011-12-05,25,12287.5,5,25,12287.5,5,5,5,15,Champions,0.067,Low Risk,0.0
14740,2010-02-25,2011-05-26,11,4161.06,198,11,4161.06,2,5,5,12,At Risk (High Value),0.1925,Low Risk,1.0
14741,2010-10-18,2011-11-28,7,1897.59,12,7,1897.59,5,4,4,13,Champions,0.312,Low Risk,0.0
14742,2010-09-30,2010-09-30,1,579.85,436,1,579.85,1,2,2,5,Hibernating / Churned,0.6553,Medium Risk,1.0
14743,2010-04-26,2010-04-26,1,50.480000000000004,593,1,50.480000000000004,1,1,1,3,Hibernating / Churned,0.8554,High Risk,1.0
14744,2010-05-18,2011-11-23,14,3885.08,17,14,3885.08,5,5,5,15,Champions,0.3886,Low Risk,0.0
14745,2010-03-12,2011-08-19,12,2571.81,113,12,2571.81,3,5,4,12,Needs Attention,0.2065,Low Risk,1.0
14746,2010-10-12,2010-10-29,4,593.5,407,4,593.5,2,3,2,7,At Risk (High Value),0.6437,Medium Risk,1.0
14747,2011-04-04,2011-04-04,1,328.2,250,1,328.2,2,1,2,5,Hibernating / Churned,0.735,High Risk,1.0
14748,2010-03-04,2011-11-10,10,3152.32,30,10,3152.32,4,5,5,14,Champions,0.1368,Low Risk,0.0
14749,2010-08-17,2010-08-17,1,310.15,480,1,310.15,1,1,2,4,Hibernating / Churned,0.7916,High Risk,1.0
14750,2009-12-03,2009-12-03,1,112.03,737,1,112.03,1,1,1,3,Hibernating / Churned,0.8427,High Risk,1.0
14751,2009-12-13,2010-01-24,2,126.44999999999999,685,2,126.44999999999999,1,2,1,4,Hibernating / Churned,0.8622,High Risk,1.0
14752,2011-10-27,2011-10-27,1,389.64,44,1,389.64,4,2,2,8,New / Promising,,Not Scored (Recent),
14753,2010-09-05,2011-09-13,2,869.51,88,2,869.51,3,3,3,9,Needs Attention,0.7595,High Risk,0.0
14754,2010-01-18,2011-10-26,6,1550.48,45,6,1550.48,4,4,4,12,Champions,0.425,Medium Risk,0.0
14755,2009-12-03,2011-11-30,25,9972.55,10,25,9972.55,5,5,5,15,Champions,0.0317,Low Risk,0.0
14756,2010-10-11,2011-11-24,3,2653.76,16,3,2653.76,5,3,4,12,Loyal Users,0.5617,Medium Risk,0.0
14757,2011-09-25,2011-09-25,1,420.5,76,1,420.5,3,2,2,7,Needs Attention,,Not Scored (Recent),
14758,2010-04-08,2011-07-18,7,2864.97,145,7,2864.97,3,4,4,11,Needs Attention,0.2046,Low Risk,1.0
14759,2011-04-21,2011-12-05,3,1625.97,5,3,1625.97,5,3,4,12,Loyal Users,0.3748,Low Risk,0.0
14760,2011-02-15,2011-02-15,1,89.2,298,1,89.2,2,1,1,4,Hibernating / Churned,0.8196,High Risk,1.0
14761,2010-09-21,2011-10-12,3,447.92,59,3,447.92,4,3,2,9,Loyal Users,0.6504,Medium Risk,0.0
14762,2010-03-23,2011-03-21,2,417.57,264,2,417.57,2,2,2,6,Hibernating / Churned,0.7472,High Risk,1.0
14764,2011-10-24,2011-10-24,1,278.3,47,1,278.3,4,1,1,6,New / Promising,,Not Scored (Recent),
14765,2011-06-16,2011-11-10,3,254.11,30,3,254.11,4,3,1,8,Loyal Users,0.4174,Medium Risk,0.0
14766,2010-06-06,2011-12-01,11,6556.13,9,11,6556.13,5,5,5,15,Champions,0.1291,Low Risk,0.0
14767,2010-08-22,2010-08-22,1,382.81,475,1,382.81,1,2,2,5,Hibernating / Churned,0.8121,High Risk,1.0
14768,2011-08-04,2011-11-22,2,192.6,18,2,192.6,5,2,1,8,New / Promising,0.6646,Medium Risk,0.0
14769,2009-12-16,2011-12-07,17,15771.88,3,17,15771.88,5,5,5,15,Champions,0.0635,Low Risk,0.0
14770,2010-02-25,2011-04-21,8,3637.64,233,8,3637.64,2,5,5,12,At Risk (High Value),0.2975,Low Risk,1.0
14771,2009-12-03,2010-03-28,2,594.62,622,2,594.62,1,2,2,5,Hibernating / Churned,0.7411,High Risk,1.0
14772,2011-08-19,2011-08-19,1,139.26,113,1,139.26,3,1,1,5,Needs Attention,0.5778,Medium Risk,1.0
14773,2010-04-26,2010-04-26,1,140.55,593,1,140.55,1,1,1,3,Hibernating / Churned,0.8554,High Risk,1.0
14774,2010-06-29,2010-06-29,1,241.45,529,1,241.45,1,1,1,3,Hibernating / Churned,0.8163,High Risk,1.0
14775,2010-12-02,2011-10-12,3,1418.46,59,3,1418.46,4,3,4,11,Loyal Users,0.4401,Medium Risk,0.0
14776,2010-09-19,2011-10-19,15,3708.2999999999997,52,15,3708.2999999999997,4,5,5,14,Champions,0.1081,Low Risk,0.0
14777,2010-11-01,2010-11-01,1,307.56,404,1,307.56,2,1,2,5,Hibernating / Churned,0.7511,High Risk,1.0
14778,2011-02-04,2011-08-04,2,730.86,128,2,730.86,3,2,3,8,Needs Attention,0.4374,Medium Risk,1.0
14779,2011-01-20,2011-03-04,3,386.15,281,3,386.15,2,3,2,7,At Risk (High Value),0.648,Medium Risk,1.0
14780,2011-09-21,2011-10-16,2,447.68,55,2,447.68,4,2,2,8,New / Promising,,Not Scored (Recent),
14782,2011-01-24,2011-01-24,1,200.1,320,1,200.1,2,1,1,4,Hibernating / Churned,0.7747,High Risk,1.0
14783,2010-02-18,2010-02-18,1,307.3,660,1,307.3,1,1,2,4,Hibernating / Churned,0.8402,High Risk,1.0
14784,2010-11-15,2011-11-13,3,449.93,27,3,449.93,4,3,2,9,Loyal Users,0.6438,Medium Risk,0.0
14785,2011-11-24,2011-11-29,2,77.4,11,2,77.4,5,2,1,8,New / Promising,,Not Scored (Recent),
14786,2010-06-07,2010-06-07,1,90.96,551,1,90.96,1,1,1,3,Hibernating / Churned,0.8706,High Risk,1.0
14787,2010-08-25,2010-08-25,1,110.64999999999999,472,1,110.64999999999999,1,1,1,3,Hibernating / Churned,0.8553,High Risk,1.0
14788,2010-04-22,2011-12-02,3,1156.32,8,3,1156.32,5,3,3,11,Loyal Users,0.7145,High Risk,0.0
14789,2011-11-11,2011-11-11,1,197.64,29,1,197.64,4,1,1,6,New / Promising,,Not Scored (Recent),
14790,2009-12-11,2011-11-23,10,2526.62,17,10,2526.62,5,5,4,14,Champions,0.2264,Low Risk,0.0
14791,2010-04-12,2010-04-12,1,303.63,607,1,303.63,1,1,2,4,Hibernating / Churned,0.829,High Risk,1.0
14792,2011-10-07,2011-10-07,1,6.2,64,1,6.2,3,1,1,5,Needs Attention,,Not Scored (Recent),
14793,2010-06-22,2011-11-18,2,625.9,22,2,625.9,4,2,3,9,New / Promising,0.8195,High Risk,0.0
14794,2010-08-09,2011-12-07,10,1953.9,3,10,1953.9,5,5,4,14,Champions,0.2581,Low Risk,0.0
14795,2011-06-26,2011-06-26,1,131.45000000000002,167,1,131.45000000000002,3,1,1,5,Needs Attention,0.7048,High Risk,1.0
14796,2009-12-14,2011-12-08,27,10889.64,2,27,10889.64,5,5,5,15,Champions,0.0872,Low Risk,0.0
14797,2010-07-20,2010-07-20,1,300.31,508,1,300.31,1,1,2,4,Hibernating / Churned,0.8116,High Risk,1.0
14798,2010-03-01,2011-10-18,8,724.31,53,8,724.31,4,4,3,11,Loyal Users,0.351,Low Risk,0.0
14799,2009-12-02,2011-10-19,2,338.15,52,2,338.15,4,2,2,8,New / Promising,0.8472,High Risk,0.0
14800,2010-09-30,2011-10-23,17,7774.32,48,17,7774.32,4,5,5,14,Champions,0.0706,Low Risk,0.0
14801,2011-10-09,2011-10-09,1,193.14,62,1,193.14,3,1,1,5,Needs Attention,,Not Scored (Recent),
14802,2010-09-27,2010-09-27,2,1502.98,439,2,1502.98,1,3,4,8,Hibernating / Churned,0.736,High Risk,1.0
14803,2011-02-20,2011-06-30,3,845.55,163,3,845.55,3,3,3,9,Needs Attention,0.3727,Low Risk,1.0
14804,2011-12-01,2011-12-01,1,353.27,9,1,353.27,5,1,2,8,New / Promising,,Not Scored (Recent),
14805,2010-03-28,2011-11-24,7,1104.64,16,7,1104.64,5,4,3,12,Loyal Users,0.452,Medium Risk,0.0
14806,2010-09-26,2011-09-25,2,303.43,76,2,303.43,3,2,2,7,Needs Attention,0.8157,High Risk,0.0
14807,2010-02-28,2010-11-14,2,519.29,391,2,519.29,2,2,2,6,Hibernating / Churned,0.6765,Medium Risk,1.0
14808,2011-06-20,2011-10-31,8,2741.17,40,8,2741.17,4,4,4,12,Champions,0.2476,Low Risk,0.0
14809,2010-03-28,2010-03-28,2,686.76,622,2,686.76,1,2,3,6,Hibernating / Churned,0.754,High Risk,1.0
14810,2010-10-06,2011-10-30,13,2537.02,41,13,2537.02,4,5,4,13,Champions,0.1191,Low Risk,0.0
14811,2010-11-17,2010-11-17,1,170.5,388,1,170.5,2,1,1,4,Hibernating / Churned,0.7992,High Risk,1.0
14812,2010-04-20,2010-04-20,1,185.8,599,1,185.8,1,1,1,3,Hibernating / Churned,0.8448,High Risk,1.0
14813,2010-04-08,2010-12-05,4,1090.87,370,4,1090.87,2,3,3,8,At Risk (High Value),0.5317,Medium Risk,1.0
14814,2010-05-07,2010-05-07,1,160.46,582,1,160.46,1,1,1,3,Hibernating / Churned,0.8403,High Risk,1.0
14815,2011-10-03,2011-11-03,2,778.5,37,2,778.5,4,2,3,9,New / Promising,,Not Scored (Recent),
14816,2011-05-26,2011-05-26,1,271.85,198,1,271.85,2,1,1,4,Hibernating / Churned,0.7037,High Risk,1.0
14817,2010-03-22,2011-05-23,7,3959.86,201,7,3959.86,2,4,5,11,At Risk (High Value),0.2333,Low Risk,1.0
14818,2010-03-02,2011-09-27,6,1170.41,74,6,1170.41,3,4,3,10,Needs Attention,0.395,Low Risk,0.0
14819,2009-12-21,2011-10-06,4,470.16,65,4,470.16,3,3,2,8,Needs Attention,0.5363,Medium Risk,0.0
14820,2010-01-31,2011-11-18,9,1274.76,22,9,1274.76,4,5,4,13,Champions,0.3929,Low Risk,0.0
14821,2010-02-01,2010-12-08,7,1286.45,367,7,1286.45,2,4,4,10,At Risk (High Value),0.5022,Medium Risk,1.0
14822,2010-08-11,2010-08-11,1,157.7,486,1,157.7,1,1,1,3,Hibernating / Churned,0.8337,High Risk,1.0
14823,2011-05-29,2011-06-12,3,321.43,181,3,321.43,3,3,2,8,Needs Attention,0.4151,Medium Risk,1.0
14824,2010-03-12,2011-11-29,10,4022.91,11,10,4022.91,5,5,5,15,Champions,0.4262,Medium Risk,0.0
14825,2010-04-06,2011-12-06,24,4925.08,4,24,4925.08,5,5,5,15,Champions,0.0764,Low Risk,0.0
14826,2010-01-13,2010-05-07,2,385.2,582,2,385.2,1,2,2,5,Hibernating / Churned,0.8142,High Risk,1.0
14828,2009-12-07,2011-05-27,13,9839.46,197,13,9839.46,2,5,5,12,At Risk (High Value),0.181,Low Risk,1.0
14829,2010-09-29,2011-11-10,7,1692.84,30,7,1692.84,4,4,4,12,Champions,0.2908,Low Risk,0.0
14830,2011-10-17,2011-10-17,1,197.13,54,1,197.13,4,1,1,6,New / Promising,,Not Scored (Recent),
14831,2009-12-02,2010-01-28,3,1676.57,681,3,1676.57,1,3,4,8,Hibernating / Churned,0.7002,High Risk,1.0
14832,2010-03-19,2010-03-19,1,322.69,631,1,322.69,1,1,2,4,Hibernating / Churned,0.8731,High Risk,1.0
14833,2010-07-29,2010-07-29,1,94.8,499,1,94.8,1,1,1,3,Hibernating / Churned,0.8719,High Risk,1.0
14834,2010-10-28,2011-11-22,7,2206.16,18,7,2206.16,5,4,4,13,Champions,0.4161,Medium Risk,0.0
14835,2010-04-01,2010-06-29,2,297.0,529,2,297.0,1,2,2,5,Hibernating / Churned,0.825,High Risk,1.0
14836,2011-11-09,2011-11-29,3,102.45,11,3,102.45,5,3,1,9,Loyal Users,,Not Scored (Recent),
14837,2010-01-24,2011-09-11,9,3460.32,90,9,3460.32,3,5,5,13,Needs Attention,0.2081,Low Risk,0.0
14838,2009-12-03,2010-10-12,2,773.67,424,2,773.67,1,2,3,6,Hibernating / Churned,0.639,Medium Risk,1.0
14839,2010-01-04,2010-10-17,3,915.28,419,3,915.28,1,3,3,7,Hibernating / Churned,0.5895,Medium Risk,1.0
14840,2010-06-18,2011-03-17,2,362.71,268,2,362.71,2,2,2,6,Hibernating / Churned,0.6872,Medium Risk,1.0
14841,2009-12-02,2011-10-17,14,7163.0,54,14,7163.0,4,5,5,14,Champions,0.1081,Low Risk,0.0
14842,2011-02-04,2011-10-27,4,2824.69,44,4,2824.69,4,4,4,12,Champions,0.3346,Low Risk,0.0
14843,2010-09-29,2010-09-29,1,211.8,437,1,211.8,1,1,1,3,Hibernating / Churned,0.7556,High Risk,1.0
14844,2010-04-12,2011-10-07,10,6702.43,64,10,6702.43,3,5,5,13,Needs Attention,0.1608,Low Risk,0.0
14845,2010-04-19,2010-04-19,1,150.0,600,1,150.0,1,1,1,3,Hibernating / Churned,0.8506,High Risk,1.0
14846,2010-10-08,2010-10-08,1,437.40000000000003,428,1,437.40000000000003,1,2,2,5,Hibernating / Churned,0.7632,High Risk,1.0
14847,2010-05-24,2011-07-14,3,1348.95,149,3,1348.95,3,3,4,10,Needs Attention,0.5279,Medium Risk,1.0
14848,2010-10-31,2010-10-31,1,310.56,405,1,310.56,2,1,2,5,Hibernating / Churned,0.7672,High Risk,1.0
14849,2010-01-10,2011-11-18,43,15763.45,22,43,15763.45,4,5,5,14,Champions,0.024,Low Risk,0.0
14850,2010-05-20,2011-02-01,7,1794.01,312,7,1794.01,2,4,4,10,At Risk (High Value),0.41,Medium Risk,1.0
14851,2010-03-19,2011-11-16,3,829.41,24,3,829.41,4,3,3,10,Loyal Users,0.7169,High Risk,0.0
14852,2010-03-05,2011-10-12,18,6147.18,59,18,6147.18,4,5,5,14,Champions,0.1226,Low Risk,0.0
14853,2010-04-13,2011-11-15,5,1376.87,25,5,1376.87,4,4,4,12,Champions,0.458,Medium Risk,0.0
14854,2010-01-22,2011-09-22,11,4322.86,79,11,4322.86,3,5,5,13,Needs Attention,0.1167,Low Risk,0.0
14855,2010-04-08,2011-08-12,7,6520.3,120,7,6520.3,3,4,5,12,Needs Attention,0.2882,Low Risk,1.0
14856,2011-10-14,2011-11-03,3,1311.38,37,3,1311.38,4,3,4,11,Loyal Users,,Not Scored (Recent),
14857,2010-03-15,2011-10-11,7,3651.85,60,7,3651.85,3,4,5,12,Needs Attention,0.3094,Low Risk,0.0
14858,2010-07-22,2010-07-22,1,180.75,506,1,180.75,1,1,1,3,Hibernating / Churned,0.8485,High Risk,1.0
14859,2010-06-03,2011-11-27,5,1705.64,13,5,1705.64,5,4,4,13,Champions,0.5725,Medium Risk,0.0
14860,2011-11-20,2011-11-20,1,170.32,20,1,170.32,4,1,1,6,New / Promising,,Not Scored (Recent),
14861,2009-12-08,2011-10-18,10,1380.73,53,10,1380.73,4,5,4,13,Champions,0.4823,Medium Risk,0.0
14862,2011-07-14,2011-11-14,2,841.2,26,2,841.2,4,2,3,9,New / Promising,0.4771,Medium Risk,0.0
14863,2011-11-10,2011-11-10,1,266.76,30,1,266.76,4,1,1,6,New / Promising,,Not Scored (Recent),
14865,2009-12-01,2011-12-02,4,129.72,8,4,129.72,5,3,1,9,Loyal Users,0.7429,High Risk,0.0
14866,2010-08-26,2011-11-29,19,20850.22,11,19,20850.22,5,5,5,15,Champions,0.2132,Low Risk,0.0
14867,2009-12-05,2011-06-07,16,2952.06,186,16,2952.06,3,5,4,12,Needs Attention,0.1484,Low Risk,1.0
14868,2010-10-15,2011-12-06,12,4184.01,4,12,4184.01,5,5,5,15,Champions,0.1531,Low Risk,0.0
14869,2009-12-16,2011-12-01,6,2804.24,9,6,2804.24,5,4,4,13,Champions,0.4,Low Risk,0.0
14870,2010-01-25,2011-03-23,6,1838.95,262,6,1838.95,2,4,4,10,At Risk (High Value),0.3445,Low Risk,1.0
14871,2009-12-01,2011-12-06,9,1258.97,4,9,1258.97,5,5,4,14,Champions,0.3054,Low Risk,0.0
14872,2010-03-16,2010-08-13,3,816.6,484,3,816.6,1,3,3,7,Hibernating / Churned,0.7357,High Risk,1.0
14873,2010-03-16,2011-05-13,2,854.13,211,2,854.13,2,3,3,8,At Risk (High Value),0.684,Medium Risk,1.0
14874,2010-06-22,2010-06-22,1,116.17999999999999,536,1,116.17999999999999,1,1,1,3,Hibernating / Churned,0.8531,High Risk,1.0
14875,2010-09-24,2011-08-24,3,2862.4,108,3,2862.4,3,3,4,10,Needs Attention,0.4425,Medium Risk,1.0
14876,2010-05-27,2010-07-06,2,256.7,522,2,256.7,1,2,1,4,Hibernating / Churned,0.8369,High Risk,1.0
14877,2010-03-07,2010-10-17,2,437.0,419,2,437.0,1,2,2,5,Hibernating / Churned,0.6765,Medium Risk,1.0
14878,2010-02-21,2011-11-27,25,4105.24,13,25,4105.24,5,5,5,15,Champions,0.0971,Low Risk,0.0
14879,2010-01-24,2010-01-24,1,185.06,685,1,185.06,1,1,1,3,Hibernating / Churned,0.8602,High Risk,1.0
14880,2011-02-24,2011-09-23,3,706.1899999999999,78,3,706.1899999999999,3,3,3,9,Needs Attention,0.4212,Medium Risk,0.0
14881,2011-11-20,2011-11-20,1,255.4,20,1,255.4,4,1,1,6,New / Promising,,Not Scored (Recent),
14882,2010-03-30,2011-11-13,14,3628.15,27,14,3628.15,4,5,5,14,Champions,0.4758,Medium Risk,0.0
14883,2011-05-12,2011-11-21,6,761.59,19,6,761.59,5,4,3,12,Loyal Users,0.3813,Low Risk,0.0
14884,2010-02-08,2010-02-08,1,120.6,670,1,120.6,1,1,1,3,Hibernating / Churned,0.8783,High Risk,1.0
14885,2010-08-31,2011-07-31,3,1598.12,132,3,1598.12,3,3,4,10,Needs Attention,0.5484,Medium Risk,1.0
14886,2011-04-01,2011-04-01,1,364.8,253,1,364.8,2,2,2,6,Hibernating / Churned,0.7538,High Risk,1.0
14887,2011-09-21,2011-09-21,1,1862.0,80,1,1862.0,3,2,4,9,Needs Attention,,Not Scored (Recent),
14888,2011-05-16,2011-05-16,1,369.2,208,1,369.2,2,2,2,6,Hibernating / Churned,0.6439,Medium Risk,1.0
14889,2011-01-07,2011-01-07,1,135.9,337,1,135.9,2,1,1,4,Hibernating / Churned,0.8119,High Risk,1.0
14890,2010-02-18,2011-03-31,3,817.25,254,3,817.25,2,3,3,8,At Risk (High Value),0.6844,Medium Risk,1.0
14891,2010-09-29,2011-07-14,4,1106.73,149,4,1106.73,3,3,3,9,Needs Attention,0.4089,Medium Risk,1.0
14892,2010-01-18,2010-01-18,1,202.35,691,1,202.35,1,1,1,3,Hibernating / Churned,0.8658,High Risk,1.0
14893,2010-04-01,2011-11-30,3,1809.61,10,3,1809.61,5,3,4,12,Loyal Users,0.6927,Medium Risk,0.0
14894,2009-12-02,2011-09-15,3,1492.81,86,3,1492.81,3,3,4,10,Needs Attention,0.6207,Medium Risk,0.0
14895,2009-12-10,2011-12-02,38,25119.54,8,38,25119.54,5,5,5,15,Champions,0.0288,Low Risk,0.0
14896,2009-12-06,2011-05-19,8,2092.42,205,8,2092.42,2,4,4,10,At Risk (High Value),0.3017,Low Risk,1.0
14897,2009-12-15,2011-12-02,8,3140.54,8,8,3140.54,5,4,5,14,Champions,0.3785,Low Risk,0.0
14898,2009-12-03,2011-11-16,14,3507.81,24,14,3507.81,4,5,5,14,Champions,0.0942,Low Risk,0.0
14899,2010-11-09,2010-11-09,1,1384.88,396,1,1384.88,2,2,4,8,At Risk (High Value),0.672,Medium Risk,1.0
14900,2010-07-05,2010-07-05,1,13.92,523,1,13.92,1,1,1,3,Hibernating / Churned,0.8699,High Risk,1.0
14901,2010-07-29,2011-11-28,12,2289.65,12,12,2289.65,5,5,4,14,Champions,0.2581,Low Risk,0.0
14902,2010-06-04,2011-11-14,3,1035.62,26,3,1035.62,4,3,3,10,Loyal Users,0.6417,Medium Risk,0.0
14903,2011-03-06,2011-11-18,5,2810.63,22,5,2810.63,4,4,4,12,Champions,0.2255,Low Risk,0.0
14904,2010-10-08,2011-12-07,4,1640.6399999999999,3,4,1640.6399999999999,5,4,4,13,Champions,0.6049,Medium Risk,0.0
14905,2009-12-03,2011-07-05,8,1971.3899999999999,158,8,1971.3899999999999,3,4,4,11,Needs Attention,0.2907,Low Risk,1.0
14906,2010-09-20,2010-09-20,1,68.44,446,1,68.44,1,1,1,3,Hibernating / Churned,0.8384,High Risk,1.0
14907,2010-04-16,2011-12-06,16,6165.79,4,16,6165.79,5,5,5,15,Champions,0.1605,Low Risk,0.0
14908,2010-09-02,2011-09-26,2,381.9,75,2,381.9,3,2,2,7,Needs Attention,0.8539,High Risk,0.0
14909,2010-02-14,2010-09-28,3,1404.68,438,3,1404.68,1,3,4,8,Hibernating / Churned,0.6305,Medium Risk,1.0
14910,2011-10-16,2011-12-07,4,434.35,3,4,434.35,5,3,2,10,Loyal Users,,Not Scored (Recent),
14911,2009-12-01,2011-12-08,398,295972.63,2,398,295972.63,5,5,5,15,Champions,0.0477,Low Risk,0.0
14912,2010-01-26,2011-11-23,6,1889.25,17,6,1889.25,5,4,4,13,Champions,0.4174,Medium Risk,0.0
14913,2010-08-11,2011-11-04,8,4073.13,36,8,4073.13,4,5,5,14,Champions,0.1641,Low Risk,0.0
14915,2009-12-03,2011-09-09,11,1811.25,92,11,1811.25,3,5,4,12,Needs Attention,0.3278,Low Risk,0.0
14916,2010-04-01,2011-09-30,8,3042.95,71,8,3042.95,3,4,5,12,Needs Attention,0.2221,Low Risk,0.0
14917,2010-04-22,2010-04-22,2,1123.75,597,2,1123.75,1,3,3,7,Hibernating / Churned,0.7704,High Risk,1.0
14918,2010-04-08,2011-08-16,9,5955.81,116,9,5955.81,3,5,5,13,Needs Attention,0.2108,Low Risk,1.0
14919,2010-06-18,2010-06-18,1,359.35,540,1,359.35,1,2,2,5,Hibernating / Churned,0.8283,High Risk,1.0
14920,2010-05-23,2011-05-11,3,1607.17,213,3,1607.17,2,3,4,9,At Risk (High Value),0.6073,Medium Risk,1.0
14921,2011-05-22,2011-11-09,2,1316.07,31,2,1316.07,4,3,4,11,Loyal Users,0.5106,Medium Risk,0.0
14922,2010-07-20,2010-11-11,2,843.74,394,2,843.74,2,2,3,7,At Risk (High Value),0.6314,Medium Risk,1.0
14923,2011-10-20,2011-10-20,1,749.1,51,1,749.1,4,2,3,9,New / Promising,,Not Scored (Recent),
14924,2010-03-10,2011-04-08,3,931.01,246,3,931.01,2,3,3,8,At Risk (High Value),0.6958,Medium Risk,1.0
14926,2010-04-20,2010-11-23,2,359.4,382,2,359.4,2,2,2,6,Hibernating / Churned,0.7227,High Risk,1.0
14927,2010-11-08,2010-11-08,1,308.2,397,1,308.2,2,1,2,5,Hibernating / Churned,0.7556,High Risk,1.0
14928,2010-03-22,2010-03-22,1,223.91,628,1,223.91,1,1,1,3,Hibernating / Churned,0.8576,High Risk,1.0
14929,2010-10-14,2011-11-07,2,836.6899999999999,33,2,836.6899999999999,4,2,3,9,New / Promising,0.7005,High Risk,0.0
14930,2010-04-12,2011-08-23,6,5246.63,109,6,5246.63,3,4,5,12,Needs Attention,0.2719,Low Risk,1.0
14931,2011-04-13,2011-12-05,5,1257.68,5,5,1257.68,5,4,4,13,Champions,0.4425,Medium Risk,0.0
14932,2010-11-19,2010-12-09,2,1029.66,366,2,1029.66,2,3,3,8,At Risk (High Value),0.615,Medium Risk,1.0
14933,2010-09-21,2010-09-22,4,1770.0,444,4,1770.0,1,4,4,9,Hibernating / Churned,0.7285,High Risk,1.0
14934,2010-09-24,2011-09-19,5,3503.5,82,5,3503.5,3,4,5,12,Needs Attention,0.4444,Medium Risk,0.0
14935,2010-03-30,2011-02-15,2,2849.83,298,2,2849.83,2,3,4,9,At Risk (High Value),0.6238,Medium Risk,1.0
14936,2010-05-05,2011-11-06,12,12410.81,34,12,12410.81,4,5,5,14,Champions,0.1883,Low Risk,0.0
14937,2011-08-01,2011-10-14,3,1621.88,57,3,1621.88,4,3,4,11,Loyal Users,0.593,Medium Risk,0.0
14938,2010-05-26,2010-05-26,2,2322.43,563,2,2322.43,1,3,4,8,Hibernating / Churned,0.7395,High Risk,1.0
14940,2009-12-06,2010-10-18,2,531.49,418,2,531.49,1,2,2,5,Hibernating / Churned,0.6711,Medium Risk,1.0
14941,2010-05-10,2010-05-10,1,182.1,579,1,182.1,1,1,1,3,Hibernating / Churned,0.8438,High Risk,1.0
14942,2009-12-10,2010-11-03,4,746.56,402,4,746.56,2,3,3,8,At Risk (High Value),0.5532,Medium Risk,1.0
14943,2010-02-14,2010-02-14,1,107.62,664,1,107.62,1,1,1,3,Hibernating / Churned,0.8746,High Risk,1.0
14944,2010-02-17,2011-11-10,19,9784.67,30,19,9784.67,4,5,5,14,Champions,0.1064,Low Risk,0.0
14945,2010-10-22,2010-10-22,1,179.39999999999998,414,1,179.39999999999998,1,1,1,3,Hibernating / Churned,0.8009,High Risk,1.0
14946,2011-11-25,2011-11-25,1,100.9,15,1,100.9,5,1,1,7,New / Promising,,Not Scored (Recent),
14947,2010-03-25,2011-09-28,6,1049.79,73,6,1049.79,3,4,3,10,Needs Attention,0.42,Medium Risk,0.0
14948,2011-05-04,2011-11-16,6,1101.97,24,6,1101.97,4,4,3,11,Loyal Users,0.3009,Low Risk,0.0
14949,2009-12-18,2010-08-27,4,515.0,470,4,515.0,1,3,2,6,Hibernating / Churned,0.7561,High Risk,1.0
14950,2011-11-20,2011-11-20,1,371.2,20,1,371.2,4,2,2,8,New / Promising,,Not Scored (Recent),
14951,2011-09-21,2011-09-21,1,311.69,80,1,311.69,3,1,2,6,Needs Attention,,Not Scored (Recent),
14952,2009-12-03,2011-10-11,32,17629.35,60,32,17629.35,3,5,5,13,Needs Attention,0.1324,Low Risk,0.0
14953,2010-09-30,2011-11-14,4,1013.77,26,4,1013.77,4,3,3,10,Loyal Users,0.5351,Medium Risk,0.0
14954,2010-01-05,2011-11-27,2,503.44,13,2,503.44,5,2,2,9,New / Promising,0.8369,High Risk,0.0
14955,2009-12-07,2009-12-07,1,163.77,733,1,163.77,1,1,1,3,Hibernating / Churned,0.8487,High Risk,1.0
14956,2010-10-14,2010-10-14,1,1325.0,422,1,1325.0,1,2,4,7,Hibernating / Churned,0.751,High Risk,1.0
14957,2010-03-05,2011-03-31,2,333.28999999999996,254,2,333.28999999999996,2,2,2,6,Hibernating / Churned,0.7308,High Risk,1.0
14958,2009-12-03,2011-07-15,6,957.9399999999999,148,6,957.9399999999999,3,4,3,10,Needs Attention,0.4756,Medium Risk,1.0
14959,2011-02-16,2011-10-06,4,695.42,65,4,695.42,3,3,3,9,Needs Attention,0.3401,Low Risk,0.0
14960,2011-06-21,2011-12-01,2,221.27,9,2,221.27,5,2,1,8,New / Promising,0.7399,High Risk,0.0
14961,2009-12-04,2011-11-29,22,16410.15,11,22,16410.15,5,5,5,15,Champions,0.092,Low Risk,0.0
14962,2010-05-04,2011-03-14,4,366.91,271,4,366.91,2,3,2,7,At Risk (High Value),0.6251,Medium Risk,1.0
14963,2010-07-02,2011-11-30,12,3164.48,10,12,3164.48,5,5,5,15,Champions,0.2397,Low Risk,0.0
14964,2011-04-06,2011-04-06,1,206.21,248,1,206.21,2,1,1,4,Hibernating / Churned,0.7572,High Risk,1.0
14965,2011-09-04,2011-09-04,2,599.0,97,2,599.0,3,2,2,7,Needs Attention,0.4539,Medium Risk,1.0
14966,2009-12-15,2011-11-25,6,1115.84,15,6,1115.84,5,4,3,12,Loyal Users,0.5366,Medium Risk,0.0
14967,2009-12-03,2011-10-21,6,1982.61,50,6,1982.61,4,4,4,12,Champions,0.5772,Medium Risk,0.0
14968,2010-09-07,2011-11-09,2,504.99,31,2,504.99,4,2,2,8,New / Promising,0.7839,High Risk,0.0
14969,2010-01-05,2010-01-05,1,906.23,704,1,906.23,1,2,3,6,Hibernating / Churned,0.8208,High Risk,1.0
14970,2010-02-14,2011-10-02,12,4919.35,69,12,4919.35,3,5,5,13,Needs Attention,0.1525,Low Risk,0.0
14971,2011-10-27,2011-11-04,3,1116.57,36,3,1116.57,4,3,3,10,Loyal Users,,Not Scored (Recent),
14972,2010-11-23,2011-08-03,2,145.07,129,2,145.07,3,2,1,6,Needs Attention,0.5468,Medium Risk,1.0
14973,2011-04-28,2011-08-24,3,1314.45,108,3,1314.45,3,3,4,10,Needs Attention,0.3342,Low Risk,1.0
14974,2011-11-02,2011-11-02,1,114.39,38,1,114.39,4,1,1,6,New / Promising,,Not Scored (Recent),
14975,2010-10-14,2011-10-13,2,472.39,58,2,472.39,4,2,2,8,New / Promising,0.7761,High Risk,0.0
14976,2011-01-17,2011-10-13,7,790.86,58,7,790.86,4,4,3,11,Loyal Users,0.3361,Low Risk,0.0
14977,2009-12-14,2009-12-14,1,31.93,726,1,31.93,1,1,1,3,Hibernating / Churned,0.8775,High Risk,1.0
14978,2010-04-28,2011-09-28,10,3142.14,73,10,3142.14,3,5,5,13,Needs Attention,0.2525,Low Risk,0.0
14979,2009-12-04,2009-12-04,1,439.46,736,1,439.46,1,2,2,5,Hibernating / Churned,0.8287,High Risk,1.0
14980,2009-12-02,2009-12-02,1,150.68,738,1,150.68,1,1,1,3,Hibernating / Churned,0.8492,High Risk,1.0
14981,2010-10-12,2011-04-07,2,372.92,247,2,372.92,2,2,2,6,Hibernating / Churned,0.6293,Medium Risk,1.0
14982,2010-05-16,2010-05-16,1,237.78,573,1,237.78,1,1,1,3,Hibernating / Churned,0.8155,High Risk,1.0
14983,2010-01-19,2010-01-19,1,183.2,690,1,183.2,1,1,1,3,Hibernating / Churned,0.8534,High Risk,1.0
14984,2010-01-11,2011-11-20,6,1271.41,20,6,1271.41,5,4,4,13,Champions,0.4081,Medium Risk,0.0
14985,2010-12-16,2011-05-25,2,296.75,199,2,296.75,2,2,2,6,Hibernating / Churned,0.5292,Medium Risk,1.0
14986,2010-01-24,2010-11-28,2,566.9,377,2,566.9,2,2,2,6,Hibernating / Churned,0.564,Medium Risk,1.0
14987,2009-12-02,2011-11-24,8,1713.85,16,8,1713.85,5,4,4,13,Champions,0.4046,Medium Risk,0.0
14988,2010-04-16,2011-05-12,7,2066.6,212,7,2066.6,2,4,4,10,At Risk (High Value),0.321,Low Risk,1.0
14989,2010-02-16,2010-02-16,1,342.4,662,1,342.4,1,1,2,4,Hibernating / Churned,0.8561,High Risk,1.0
14990,2009-12-09,2010-04-06,2,305.42,613,2,305.42,1,2,2,5,Hibernating / Churned,0.814,High Risk,1.0
14991,2010-10-05,2010-10-05,1,314.67,431,1,314.67,1,1,2,4,Hibernating / Churned,0.757,High Risk,1.0
14992,2010-09-23,2010-09-23,1,210.5,443,1,210.5,1,1,1,3,Hibernating / Churned,0.7508,High Risk,1.0
14993,2010-05-25,2010-05-25,1,36.13,564,1,36.13,1,1,1,3,Hibernating / Churned,0.8393,High Risk,1.0
14994,2010-03-26,2010-11-22,5,960.63,383,5,960.63,2,4,3,9,At Risk (High Value),0.5037,Medium Risk,1.0
14995,2011-03-04,2011-11-01,2,233.23,39,2,233.23,4,2,1,7,New / Promising,0.7992,High Risk,0.0
14996,2010-08-15,2010-08-15,2,442.29,482,2,442.29,1,2,2,5,Hibernating / Churned,0.7844,High Risk,1.0
14997,2010-02-22,2011-10-24,4,776.6,47,4,776.6,4,3,3,10,Loyal Users,0.6906,Medium Risk,0.0
14998,2010-04-13,2011-06-22,4,770.73,171,4,770.73,3,3,3,9,Needs Attention,0.4408,Medium Risk,1.0
14999,2010-04-26,2010-04-26,1,129.48,593,1,129.48,1,1,1,3,Hibernating / Churned,0.8636,High Risk,1.0
15000,2011-10-23,2011-10-23,1,490.52,48,1,490.52,4,2,2,8,New / Promising,,Not Scored (Recent),
15001,2010-11-10,2010-11-10,2,230.85999999999999,395,2,230.85999999999999,2,2,1,5,Hibernating / Churned,0.741,High Risk,1.0
15002,2010-01-12,2011-08-16,9,4817.28,116,9,4817.28,3,5,5,13,Needs Attention,0.1707,Low Risk,1.0
15003,2010-01-26,2010-08-23,6,1060.7,474,6,1060.7,1,4,3,8,Hibernating / Churned,0.6427,Medium Risk,1.0
15004,2011-07-15,2011-07-15,1,1246.32,148,1,1246.32,3,2,3,8,Needs Attention,0.4437,Medium Risk,1.0
15005,2009-12-01,2011-11-24,56,14106.2,16,56,14106.2,5,5,5,15,Champions,0.0214,Low Risk,0.0
15006,2010-09-12,2011-10-19,2,825.14,52,2,825.14,4,2,3,9,New / Promising,0.735,High Risk,0.0
15007,2011-07-03,2011-07-03,1,156.91,160,1,156.91,3,1,1,5,Needs Attention,0.6477,Medium Risk,1.0
15008,2010-03-12,2010-08-16,2,360.0,481,2,360.0,1,2,2,5,Hibernating / Churned,0.8226,High Risk,1.0
15009,2011-11-14,2011-11-27,3,1261.78,13,3,1261.78,5,3,4,12,Loyal Users,,Not Scored (Recent),
15010,2011-11-04,2011-11-04,1,308.94,36,1,308.94,4,1,2,7,New / Promising,,Not Scored (Recent),
15011,2010-10-19,2010-11-09,2,416.59999999999997,396,2,416.59999999999997,2,2,2,6,Hibernating / Churned,0.7091,High Risk,1.0
15012,2010-05-12,2011-10-17,3,860.62,54,3,860.62,4,3,3,10,Loyal Users,0.526,Medium Risk,0.0
15013,2010-01-31,2010-08-09,10,1641.3,488,10,1641.3,1,5,4,10,Hibernating / Churned,0.6193,Medium Risk,1.0
15014,2011-06-16,2011-10-27,2,260.17,44,2,260.17,4,2,1,7,New / Promising,0.7262,High Risk,0.0
15015,2009-12-14,2010-07-26,13,2365.02,502,13,2365.02,1,5,4,10,Hibernating / Churned,0.6376,Medium Risk,1.0
15016,2010-06-14,2011-06-20,5,630.3,173,5,630.3,3,4,3,10,Needs Attention,0.4395,Medium Risk,1.0
15017,2011-11-06,2011-11-06,1,125.58,34,1,125.58,4,1,1,6,New / Promising,,Not Scored (Recent),
15018,2010-12-07,2011-11-01,3,607.46,39,3,607.46,4,3,2,9,Loyal Users,0.5941,Medium Risk,0.0
15019,2011-03-18,2011-03-18,1,266.0,267,1,266.0,2,1,1,4,Hibernating / Churned,0.7276,High Risk,1.0
15020,2010-11-25,2010-11-25,1,203.42,380,1,203.42,2,1,1,4,Hibernating / Churned,0.7656,High Risk,1.0
15021,2010-07-29,2011-12-01,12,2783.83,9,12,2783.83,5,5,4,14,Champions,0.1971,Low Risk,0.0
15022,2010-01-31,2011-11-28,5,1186.09,12,5,1186.09,5,4,3,12,Loyal Users,0.8514,High Risk,0.0
15023,2010-02-03,2011-12-06,20,12170.68,4,20,12170.68,5,5,5,15,Champions,0.0519,Low Risk,0.0
15024,2010-10-11,2011-11-30,16,4075.51,10,16,4075.51,5,5,5,15,Champions,0.1459,Low Risk,0.0
15025,2010-05-20,2011-11-06,2,1013.09,34,2,1013.09,4,3,3,10,Loyal Users,0.6859,Medium Risk,0.0
15026,2010-09-17,2011-09-20,5,1061.61,81,5,1061.61,3,4,3,10,Needs Attention,0.4734,Medium Risk,0.0
15027,2010-03-25,2011-11-09,10,3195.6,31,10,3195.6,4,5,5,14,Champions,0.1757,Low Risk,0.0
15028,2010-11-10,2011-12-01,6,1157.71,9,6,1157.71,5,4,3,12,Loyal Users,0.5818,Medium Risk,0.0
15029,2010-03-30,2010-03-30,1,365.1,620,1,365.1,1,2,2,5,Hibernating / Churned,0.8413,High Risk,1.0
15030,2010-03-04,2011-09-29,8,1979.91,72,8,1979.91,3,4,4,11,Needs Attention,0.3571,Low Risk,0.0
15031,2009-12-08,2011-12-05,14,3156.58,5,14,3156.58,5,5,5,15,Champions,0.1381,Low Risk,0.0
15032,2009-12-10,2011-03-28,8,13780.65,257,8,13780.65,2,5,5,12,At Risk (High Value),0.3109,Low Risk,1.0
15033,2011-01-14,2011-12-05,10,2586.67,5,10,2586.67,5,5,4,14,Champions,0.2202,Low Risk,0.0
15034,2010-05-11,2011-11-24,14,8313.4,16,14,8313.4,5,5,5,15,Champions,0.2938,Low Risk,0.0
15035,2011-09-11,2011-09-11,1,252.73,90,1,252.73,3,1,1,5,Needs Attention,,Not Scored (Recent),
15036,2011-06-13,2011-09-28,3,465.55,73,3,465.55,3,3,2,8,Needs Attention,0.5062,Medium Risk,0.0
15037,2010-11-28,2010-11-28,2,402.51,377,2,402.51,2,2,2,6,Hibernating / Churned,0.757,High Risk,1.0
15038,2010-10-10,2011-10-12,9,1309.86,59,9,1309.86,4,5,4,13,Champions,0.2895,Low Risk,0.0
15039,2009-12-10,2011-11-30,93,40031.43,10,93,40031.43,5,5,5,15,Champions,0.0205,Low Risk,0.0
15040,2010-06-16,2010-06-16,1,7.49,542,1,7.49,1,1,1,3,Hibernating / Churned,0.8647,High Risk,1.0
15041,2010-09-21,2011-06-22,2,294.02,171,2,294.02,3,2,2,7,Needs Attention,0.5415,Medium Risk,1.0
15042,2010-04-23,2011-05-24,2,315.45,200,2,315.45,2,2,2,6,Hibernating / Churned,0.7362,High Risk,1.0
15043,2010-06-24,2011-11-08,6,2873.8,32,6,2873.8,4,4,4,12,Champions,0.6662,Medium Risk,0.0
15044,2009-12-16,2011-11-20,35,16204.33,20,35,16204.33,5,5,5,15,Champions,0.0442,Low Risk,0.0
15045,2011-03-27,2011-07-11,2,735.66,152,2,735.66,3,2,3,8,Needs Attention,0.4726,Medium Risk,1.0
15046,2010-01-14,2011-11-30,25,7812.389999999999,10,25,7812.389999999999,5,5,5,15,Champions,0.0433,Low Risk,0.0
15047,2011-03-15,2011-03-15,1,343.62,270,1,343.62,2,1,2,5,Hibernating / Churned,0.7663,High Risk,1.0
15048,2010-12-06,2011-10-05,4,482.75,66,4,482.75,3,3,2,8,Needs Attention,0.3948,Low Risk,0.0
15049,2011-03-11,2011-03-11,1,121.17,274,1,121.17,2,1,1,4,Hibernating / Churned,0.8231,High Risk,1.0
15050,2010-08-16,2011-11-14,5,4193.79,26,5,4193.79,4,4,5,13,Champions,0.609,Medium Risk,0.0
15051,2009-12-01,2011-11-16,9,3935.16,24,9,3935.16,4,5,5,14,Champions,0.2382,Low Risk,0.0
15052,2011-01-24,2011-01-24,1,215.78,320,1,215.78,2,1,1,4,Hibernating / Churned,0.7584,High Risk,1.0
15053,2011-03-03,2011-12-05,3,697.79,5,3,697.79,5,3,3,11,Loyal Users,0.3985,Low Risk,0.0
15054,2011-10-30,2011-11-27,2,302.1,13,2,302.1,5,2,2,9,New / Promising,,Not Scored (Recent),
15055,2009-12-16,2010-08-22,3,560.07,475,3,560.07,1,3,2,6,Hibernating / Churned,0.6879,Medium Risk,1.0
15056,2010-07-07,2010-07-07,1,133.45,521,1,133.45,1,1,1,3,Hibernating / Churned,0.846,High Risk,1.0
15057,2009-12-05,2011-03-09,5,3255.96,276,5,3255.96,2,4,5,11,At Risk (High Value),0.396,Low Risk,1.0
15058,2010-02-24,2011-11-14,16,3410.0299999999997,26,16,3410.0299999999997,4,5,5,14,Champions,0.1395,Low Risk,0.0
15059,2009-12-06,2011-10-30,19,3523.57,41,19,3523.57,4,5,5,14,Champions,0.0594,Low Risk,0.0
15060,2011-11-30,2011-12-01,4,303.09000000000003,9,4,303.09000000000003,5,3,2,10,Loyal Users,,Not Scored (Recent),
15061,2009-12-01,2011-12-06,127,137818.52,4,127,137818.52,5,5,5,15,Champions,0.0527,Low Risk,0.0
15062,2010-04-08,2011-09-29,8,2585.62,72,8,2585.62,3,4,4,11,Needs Attention,0.2659,Low Risk,0.0
15063,2011-05-10,2011-05-10,1,370.8,214,1,370.8,2,2,2,6,Hibernating / Churned,0.7483,High Risk,1.0
15064,2009-12-22,2010-10-25,4,1254.41,411,4,1254.41,2,3,4,9,At Risk (High Value),0.5826,Medium Risk,1.0
15065,2010-10-25,2011-11-02,5,3326.86,38,5,3326.86,4,4,5,13,Champions,0.2869,Low Risk,0.0
15066,2011-10-17,2011-10-17,1,893.59,54,1,893.59,4,2,3,9,New / Promising,,Not Scored (Recent),
15067,2010-04-11,2011-09-22,5,3877.88,79,5,3877.88,3,4,5,12,Needs Attention,0.506,Medium Risk,0.0
15068,2010-03-28,2011-10-24,4,1176.85,47,4,1176.85,4,3,3,10,Loyal Users,0.5025,Medium Risk,0.0
15069,2011-06-13,2011-06-13,1,1109.53,180,1,1109.53,3,2,3,8,Needs Attention,0.518,Medium Risk,1.0
15070,2009-12-15,2010-12-02,3,843.25,373,3,843.25,2,3,3,8,At Risk (High Value),0.6124,Medium Risk,1.0
15071,2010-05-18,2011-09-07,4,1455.56,94,4,1455.56,3,4,4,11,Needs Attention,0.491,Medium Risk,1.0
15072,2010-08-17,2010-08-17,1,187.51999999999998,480,1,187.51999999999998,1,1,1,3,Hibernating / Churned,0.8533,High Risk,1.0
15073,2010-01-27,2011-11-30,8,2788.02,10,8,2788.02,5,4,4,13,Champions,0.2462,Low Risk,0.0
15074,2010-08-29,2011-08-26,3,1566.33,106,3,1566.33,3,3,4,10,Needs Attention,0.5209,Medium Risk,1.0
15075,2011-09-23,2011-09-23,1,773.03,78,1,773.03,3,2,3,8,Needs Attention,,Not Scored (Recent),
15076,2010-07-05,2011-06-20,3,1447.74,173,3,1447.74,3,3,4,10,Needs Attention,0.5228,Medium Risk,1.0
15077,2009-12-09,2010-08-02,2,2428.08,495,2,2428.08,1,3,4,8,Hibernating / Churned,0.7375,High Risk,1.0
15078,2009-12-04,2011-12-02,53,17761.88,8,53,17761.88,5,5,5,15,Champions,0.0212,Low Risk,0.0
15079,2009-12-08,2011-05-11,11,3767.35,213,11,3767.35,2,5,5,12,At Risk (High Value),0.2233,Low Risk,1.0
15080,2010-07-26,2010-10-08,2,546.25,428,2,546.25,1,2,2,5,Hibernating / Churned,0.6614,Medium Risk,1.0
15081,2010-06-22,2011-11-17,12,1965.72,23,12,1965.72,4,5,4,13,Champions,0.2573,Low Risk,0.0
15082,2010-02-09,2010-02-09,1,93.35,669,1,93.35,1,1,1,3,Hibernating / Churned,0.8842,High Risk,1.0
15083,2011-03-28,2011-03-28,1,88.2,257,1,88.2,2,1,1,4,Hibernating / Churned,0.8093,High Risk,1.0
15084,2010-03-04,2010-11-25,2,965.1999999999999,380,2,965.1999999999999,2,3,3,8,At Risk (High Value),0.6676,Medium Risk,1.0
15085,2009-12-10,2009-12-10,1,347.54,730,1,347.54,1,1,2,4,Hibernating / Churned,0.8661,High Risk,1.0
15086,2010-03-24,2010-05-24,2,218.53,565,2,218.53,1,2,1,4,Hibernating / Churned,0.8391,High Risk,1.0
15087,2011-03-03,2011-03-03,1,306.94,282,1,306.94,2,1,2,5,Hibernating / Churned,0.7566,High Risk,1.0
15088,2011-10-03,2011-11-18,2,1160.07,22,2,1160.07,4,3,3,10,Loyal Users,,Not Scored (Recent),
15089,2011-08-03,2011-11-29,6,2420.84,11,6,2420.84,5,4,4,13,Champions,0.2617,Low Risk,0.0
15090,2011-02-04,2011-02-04,1,381.32,309,1,381.32,2,2,2,6,Hibernating / Churned,0.7506,High Risk,1.0
15091,2010-02-03,2011-10-03,3,1046.61,68,3,1046.61,3,3,3,9,Needs Attention,0.745,High Risk,0.0
15092,2010-09-03,2011-05-08,3,776.46,216,3,776.46,2,3,3,8,At Risk (High Value),0.4712,Medium Risk,1.0
15093,2009-12-08,2011-11-21,23,14326.11,19,23,14326.11,5,5,5,15,Champions,0.0395,Low Risk,0.0
15094,2010-03-05,2010-09-02,2,83.0,464,2,83.0,1,2,1,4,Hibernating / Churned,0.82,High Risk,1.0
15095,2010-01-21,2011-08-28,10,3141.64,104,10,3141.64,3,5,5,13,Needs Attention,0.2023,Low Risk,1.0
15096,2011-10-28,2011-10-28,1,219.39,43,1,219.39,4,1,1,6,New / Promising,,Not Scored (Recent),
15097,2010-05-05,2011-12-05,3,908.35,5,3,908.35,5,3,3,11,Loyal Users,0.6894,Medium Risk,0.0
15098,2011-06-10,2011-06-10,3,39916.5,183,3,39916.5,3,3,5,11,Needs Attention,0.562,Medium Risk,1.0
15099,2011-09-16,2011-09-16,1,410.48,85,1,410.48,3,2,2,7,Needs Attention,,Not Scored (Recent),
15100,2010-01-07,2011-01-10,7,2894.7,334,7,2894.7,2,4,4,10,At Risk (High Value),0.3582,Low Risk,1.0
15101,2010-04-28,2011-12-01,6,1477.94,9,6,1477.94,5,4,4,13,Champions,0.551,Medium Risk,0.0
15102,2010-06-11,2010-06-27,2,554.67,531,2,554.67,1,2,2,5,Hibernating / Churned,0.7191,High Risk,1.0
15103,2011-09-14,2011-11-08,2,703.36,32,2,703.36,4,2,3,9,New / Promising,,Not Scored (Recent),
15104,2011-03-02,2011-05-27,2,1027.44,197,2,1027.44,2,3,3,8,At Risk (High Value),0.3655,Low Risk,1.0
15105,2010-03-23,2011-11-21,9,3094.91,19,9,3094.91,5,5,5,15,Champions,0.4836,Medium Risk,0.0
15106,2011-03-15,2011-11-22,5,1422.52,18,5,1422.52,5,4,4,13,Champions,0.3015,Low Risk,0.0
15107,2010-09-14,2011-02-01,9,940.35,312,9,940.35,2,5,3,10,At Risk (High Value),0.565,Medium Risk,1.0
15108,2011-04-26,2011-07-21,4,1300.25,142,4,1300.25,3,4,4,11,Needs Attention,0.2859,Low Risk,1.0
15109,2009-12-04,2011-04-08,3,983.1,246,3,983.1,2,3,3,8,At Risk (High Value),0.6163,Medium Risk,1.0
15110,2010-08-11,2011-11-16,6,1505.85,24,6,1505.85,4,4,4,12,Champions,0.3815,Low Risk,0.0
15111,2010-04-26,2011-11-10,5,2730.87,30,5,2730.87,4,4,4,12,Champions,0.5766,Medium Risk,0.0
15112,2010-04-07,2010-04-07,1,209.4,612,1,209.4,1,1,1,3,Hibernating / Churned,0.839,High Risk,1.0
15113,2011-10-16,2011-11-30,3,3609.33,10,3,3609.33,5,3,5,13,Loyal Users,,Not Scored (Recent),
15114,2010-10-14,2011-11-09,12,3400.12,31,12,3400.12,4,5,5,14,Champions,0.1334,Low Risk,0.0
15115,2009-12-07,2011-11-21,2,531.85,19,2,531.85,5,2,2,9,New / Promising,0.865,High Risk,0.0
15116,2011-05-19,2011-11-22,4,1352.75,18,4,1352.75,5,4,4,13,Champions,0.3721,Low Risk,0.0
15117,2010-03-15,2011-11-25,8,2485.97,15,8,2485.97,5,4,4,13,Champions,0.3883,Low Risk,0.0
15118,2011-07-28,2011-07-28,1,244.8,135,1,244.8,3,1,1,5,Needs Attention,0.6361,Medium Risk,1.0
15119,2011-04-08,2011-04-08,1,266.4,246,1,266.4,2,1,1,4,Hibernating / Churned,0.7214,High Risk,1.0
15120,2011-07-29,2011-07-29,1,358.82,134,1,358.82,3,2,2,7,Needs Attention,0.4899,Medium Risk,1.0
15121,2011-02-24,2011-10-20,2,457.71999999999997,51,2,457.71999999999997,4,2,2,8,New / Promising,0.7422,High Risk,0.0
15122,2010-03-30,2011-08-17,11,4497.47,115,11,4497.47,3,5,5,13,Needs Attention,0.1345,Low Risk,1.0
15123,2010-03-16,2011-12-02,5,4656.17,8,5,4656.17,5,4,5,14,Champions,0.3851,Low Risk,0.0
15124,2010-02-26,2011-11-17,4,450.82,23,4,450.82,4,3,2,9,Loyal Users,0.5232,Medium Risk,0.0
15125,2010-03-31,2011-11-14,24,17024.87,26,24,17024.87,4,5,5,14,Champions,0.1585,Low Risk,0.0
15126,2010-01-21,2010-06-21,2,449.49,537,2,449.49,1,2,2,5,Hibernating / Churned,0.8058,High Risk,1.0
15127,2010-07-08,2011-10-05,2,711.5,66,2,711.5,3,2,3,8,Needs Attention,0.8133,High Risk,0.0
15128,2010-10-05,2011-10-10,5,1783.68,61,5,1783.68,3,4,4,11,Needs Attention,0.3459,Low Risk,0.0
15129,2010-04-08,2011-10-20,23,6860.18,51,23,6860.18,4,5,5,14,Champions,0.0666,Low Risk,0.0
15130,2011-06-23,2011-06-23,1,330.11,170,1,330.11,3,1,2,6,Needs Attention,0.5564,Medium Risk,1.0
15131,2010-11-10,2010-11-10,1,80.28,395,1,80.28,2,1,1,4,Hibernating / Churned,0.8497,High Risk,1.0
15132,2011-03-22,2011-11-21,5,977.93,19,5,977.93,5,4,3,12,Loyal Users,0.3485,Low Risk,0.0
15133,2010-07-07,2011-08-04,5,1806.9,128,5,1806.9,3,4,4,11,Needs Attention,0.3666,Low Risk,1.0
15134,2010-10-13,2011-11-25,10,1596.29,15,10,1596.29,5,5,4,14,Champions,0.3179,Low Risk,0.0
15135,2010-06-01,2011-04-14,2,305.68,240,2,305.68,2,2,2,6,Hibernating / Churned,0.6424,Medium Risk,1.0
15136,2011-09-04,2011-12-07,4,1286.7,3,4,1286.7,5,4,4,13,Champions,0.4775,Medium Risk,0.0
15137,2010-01-28,2010-07-07,2,823.4,521,2,823.4,1,2,3,6,Hibernating / Churned,0.7543,High Risk,1.0
15138,2010-11-11,2010-11-11,1,502.52,394,1,502.52,2,2,2,6,Hibernating / Churned,0.6802,Medium Risk,1.0
15139,2011-01-07,2011-04-14,2,178.95999999999998,240,2,178.95999999999998,2,2,1,5,Hibernating / Churned,0.5972,Medium Risk,1.0
15140,2010-09-23,2011-10-18,8,3243.69,53,8,3243.69,4,4,5,13,Champions,0.2263,Low Risk,0.0
15141,2010-03-28,2010-09-08,7,1388.47,458,7,1388.47,1,4,4,9,Hibernating / Churned,0.6929,Medium Risk,1.0
15142,2010-07-27,2011-10-24,6,2619.92,47,6,2619.92,4,4,4,12,Champions,0.5414,Medium Risk,0.0
15143,2010-10-03,2011-04-28,2,563.63,226,2,563.63,2,2,2,6,Hibernating / Churned,0.5987,Medium Risk,1.0
15144,2009-12-13,2011-12-01,29,12160.31,9,29,12160.31,5,5,5,15,Champions,0.0249,Low Risk,0.0
15145,2011-04-05,2011-12-05,4,1194.73,5,4,1194.73,5,3,3,11,Loyal Users,0.5316,Medium Risk,0.0
15146,2011-02-21,2011-06-28,2,1327.1599999999999,165,2,1327.1599999999999,3,3,4,10,Needs Attention,0.3784,Low Risk,1.0
15147,2011-04-13,2011-04-13,1,623.5,241,1,623.5,2,2,3,7,At Risk (High Value),0.6797,Medium Risk,1.0
15148,2011-11-29,2011-11-29,1,301.29,11,1,301.29,5,1,2,8,New / Promising,,Not Scored (Recent),
15149,2010-02-28,2011-07-29,5,1554.61,134,5,1554.61,3,4,4,11,Needs Attention,0.4623,Medium Risk,1.0
15150,2010-06-14,2011-11-22,13,9001.08,18,13,9001.08,5,5,5,15,Champions,0.1599,Low Risk,0.0
15151,2010-07-18,2010-10-12,2,2085.61,424,2,2085.61,1,3,4,8,Hibernating / Churned,0.6244,Medium Risk,1.0
15152,2010-01-07,2011-11-30,14,5263.83,10,14,5263.83,5,5,5,15,Champions,0.2914,Low Risk,0.0
15153,2011-11-08,2011-11-08,1,329.25,32,1,329.25,4,1,2,7,New / Promising,,Not Scored (Recent),
15154,2010-08-18,2011-09-25,3,1388.41,76,3,1388.41,3,3,4,10,Needs Attention,0.7106,High Risk,0.0
15155,2010-11-21,2010-11-21,1,383.96999999999997,384,1,383.96999999999997,2,2,2,6,Hibernating / Churned,0.7613,High Risk,1.0
15156,2011-11-06,2011-12-08,3,961.49,2,3,961.49,5,3,3,11,Loyal Users,,Not Scored (Recent),
15157,2009-12-10,2011-12-06,5,2654.11,4,5,2654.11,5,4,4,13,Champions,0.4554,Medium Risk,0.0
15158,2010-11-03,2011-10-25,2,606.02,46,2,606.02,4,2,2,8,New / Promising,0.7712,High Risk,0.0
15159,2010-10-04,2011-12-08,34,22116.73,2,34,22116.73,5,5,5,15,Champions,0.0628,Low Risk,0.0
15160,2010-10-14,2010-12-17,4,589.27,358,4,589.27,2,3,2,7,At Risk (High Value),0.5833,Medium Risk,1.0
15161,2010-11-16,2010-11-16,1,119.92,389,1,119.92,2,1,1,4,Hibernating / Churned,0.8074,High Risk,1.0
15162,2009-12-08,2009-12-08,1,312.9,732,1,312.9,1,1,2,4,Hibernating / Churned,0.8615,High Risk,1.0
15163,2011-05-31,2011-11-21,2,304.46999999999997,19,2,304.46999999999997,5,2,2,9,New / Promising,0.6628,Medium Risk,0.0
15164,2010-01-18,2011-10-02,9,2068.92,69,9,2068.92,3,5,4,12,Needs Attention,0.2606,Low Risk,0.0
15165,2010-12-01,2010-12-01,1,975.5,374,1,975.5,2,2,3,7,At Risk (High Value),0.6652,Medium Risk,1.0
15166,2010-08-29,2010-08-29,1,167.16,468,1,167.16,1,1,1,3,Hibernating / Churned,0.8537,High Risk,1.0
15167,2010-02-04,2011-01-23,5,1659.67,321,5,1659.67,2,4,4,10,At Risk (High Value),0.4137,Medium Risk,1.0
15168,2011-11-14,2011-11-14,1,106.56,26,1,106.56,4,1,1,6,New / Promising,,Not Scored (Recent),
15169,2009-12-13,2010-11-22,2,569.22,383,2,569.22,2,2,2,6,Hibernating / Churned,0.6488,Medium Risk,1.0
15170,2010-10-29,2010-10-29,1,81.15,407,1,81.15,2,1,1,4,Hibernating / Churned,0.8474,High Risk,1.0
15171,2011-01-12,2011-01-12,1,1289.5,332,1,1289.5,2,2,4,8,At Risk (High Value),0.7456,High Risk,1.0
15172,2011-04-17,2011-12-01,5,1624.05,9,5,1624.05,5,4,4,13,Champions,0.293,Low Risk,0.0
15173,2010-04-01,2010-11-24,7,1494.6,381,7,1494.6,2,4,4,10,At Risk (High Value),0.5436,Medium Risk,1.0
15174,2010-10-25,2011-01-21,2,481.46,323,2,481.46,2,2,2,6,Hibernating / Churned,0.6302,Medium Risk,1.0
15175,2011-09-29,2011-09-29,1,224.14,72,1,224.14,3,1,1,5,Needs Attention,,Not Scored (Recent),
15176,2010-02-10,2010-02-10,1,988.04,668,1,988.04,1,2,3,6,Hibernating / Churned,0.7736,High Risk,1.0
15177,2010-10-10,2010-10-10,1,948.93,426,1,948.93,1,2,3,6,Hibernating / Churned,0.7302,High Risk,1.0
15178,2011-03-24,2011-03-24,1,40.5,261,1,40.5,2,1,1,4,Hibernating / Churned,0.838,High Risk,1.0
15179,2009-12-03,2011-11-21,13,7491.92,19,13,7491.92,5,5,5,15,Champions,0.2554,Low Risk,0.0
15180,2010-04-29,2010-12-07,3,904.43,368,3,904.43,2,3,3,8,At Risk (High Value),0.591,Medium Risk,1.0
15181,2009-12-08,2011-10-04,5,1200.2,67,5,1200.2,3,4,3,10,Needs Attention,0.5658,Medium Risk,0.0
15182,2010-02-21,2011-07-08,11,2998.95,155,11,2998.95,3,5,5,13,Needs Attention,0.1411,Low Risk,1.0
15183,2010-05-04,2010-06-10,3,639.93,548,3,639.93,1,3,3,7,Hibernating / Churned,0.6964,Medium Risk,1.0
15184,2009-12-16,2011-11-10,4,689.95,30,4,689.95,4,3,3,10,Loyal Users,0.501,Medium Risk,0.0
15185,2011-09-30,2011-09-30,1,310.62,71,1,310.62,3,1,2,6,Needs Attention,,Not Scored (Recent),
15186,2010-01-12,2011-11-25,5,1403.2,15,5,1403.2,5,4,4,13,Champions,0.5132,Medium Risk,0.0
15187,2011-05-11,2011-12-08,16,4777.18,2,16,4777.18,5,5,5,15,Champions,0.2668,Low Risk,0.0
15188,2009-12-14,2009-12-14,1,310.43,726,1,310.43,1,1,2,4,Hibernating / Churned,0.8595,High Risk,1.0
15189,2010-07-18,2011-12-08,46,17524.38,2,46,17524.38,5,5,5,15,Champions,0.0723,Low Risk,0.0
15190,2010-10-01,2010-10-01,1,834.4399999999999,435,1,834.4399999999999,1,2,3,6,Hibernating / Churned,0.7002,High Risk,1.0
15191,2010-01-20,2010-09-02,3,588.05,464,3,588.05,1,3,2,6,Hibernating / Churned,0.7358,High Risk,1.0
15192,2010-01-29,2011-08-12,5,1981.3899999999999,120,5,1981.3899999999999,3,4,4,11,Needs Attention,0.4157,Medium Risk,1.0
15193,2011-10-10,2011-10-10,1,499.32,61,1,499.32,3,2,2,7,Needs Attention,,Not Scored (Recent),
15194,2009-12-03,2011-12-06,28,12427.69,4,28,12427.69,5,5,5,15,Champions,0.0856,Low Risk,0.0
15195,2011-12-07,2011-12-07,1,3861.0,3,1,3861.0,5,2,5,12,New / Promising,,Not Scored (Recent),
15196,2009-12-13,2010-10-03,2,316.25,433,2,316.25,1,2,2,5,Hibernating / Churned,0.6861,Medium Risk,1.0
15197,2009-12-11,2011-11-29,6,1877.51,11,6,1877.51,5,4,4,13,Champions,0.4295,Medium Risk,0.0
15198,2010-01-19,2011-09-08,5,571.35,93,5,571.35,3,4,2,9,Needs Attention,0.4679,Medium Risk,0.0
15199,2010-05-13,2011-10-11,10,3122.4,60,10,3122.4,3,5,5,13,Needs Attention,0.1746,Low Risk,0.0
15200,2010-08-02,2010-08-02,1,549.05,495,1,549.05,1,2,2,5,Hibernating / Churned,0.7027,High Risk,1.0
15201,2010-04-07,2011-09-13,7,1842.95,88,7,1842.95,3,4,4,11,Needs Attention,0.3518,Low Risk,0.0
15202,2010-10-15,2010-10-15,3,6001.49,421,3,6001.49,1,3,5,9,Hibernating / Churned,0.7381,High Risk,1.0
15203,2009-12-08,2011-11-14,15,4400.18,26,15,4400.18,4,5,5,14,Champions,0.097,Low Risk,0.0
15204,2010-12-17,2010-12-17,1,316.58,358,1,316.58,2,1,2,5,Hibernating / Churned,0.7651,High Risk,1.0
15205,2011-08-04,2011-09-15,2,653.24,86,2,653.24,3,2,3,8,Needs Attention,0.4827,Medium Risk,0.0
15206,2011-03-09,2011-11-29,4,420.3,11,4,420.3,5,3,2,10,Loyal Users,0.4364,Medium Risk,0.0
15207,2010-06-10,2010-10-19,3,683.92,417,3,683.92,1,3,3,7,Hibernating / Churned,0.6291,Medium Risk,1.0
15208,2010-10-12,2011-12-08,6,970.52,2,6,970.52,5,4,3,12,Loyal Users,0.4724,Medium Risk,0.0
15209,2009-12-09,2009-12-09,1,178.98,731,1,178.98,1,1,1,3,Hibernating / Churned,0.8728,High Risk,1.0
15210,2010-05-13,2011-04-28,3,1176.19,226,3,1176.19,2,3,3,8,At Risk (High Value),0.5762,Medium Risk,1.0
15211,2010-12-09,2011-10-10,2,1277.48,61,2,1277.48,3,3,4,10,Needs Attention,0.6464,Medium Risk,0.0
15212,2010-11-28,2011-04-12,2,208.28,242,2,208.28,2,2,1,5,Hibernating / Churned,0.6141,Medium Risk,1.0
15213,2011-01-14,2011-01-25,2,328.34999999999997,319,2,328.34999999999997,2,2,2,6,Hibernating / Churned,0.6607,Medium Risk,1.0
15214,2011-04-11,2011-12-08,8,1661.44,2,8,1661.44,5,4,4,13,Champions,0.3458,Low Risk,0.0
15215,2010-04-06,2011-10-24,7,2422.43,47,7,2422.43,4,4,4,12,Champions,0.4218,Medium Risk,0.0
15216,2010-03-31,2011-09-13,2,486.09,88,2,486.09,3,2,2,7,Needs Attention,0.7917,High Risk,0.0
15217,2010-05-25,2010-05-25,1,426.24,564,1,426.24,1,2,2,5,Hibernating / Churned,0.8023,High Risk,1.0
15218,2010-01-26,2011-11-29,22,11516.57,11,22,11516.57,5,5,5,15,Champions,0.0445,Low Risk,0.0
15219,2010-03-01,2011-06-16,2,685.45,177,2,685.45,3,2,3,8,Needs Attention,0.7063,High Risk,1.0
15220,2011-03-04,2011-10-19,6,1778.96,52,6,1778.96,4,4,4,12,Champions,0.2391,Low Risk,0.0
15221,2010-03-12,2010-12-08,4,2465.45,367,4,2465.45,2,4,4,10,At Risk (High Value),0.5144,Medium Risk,1.0
15222,2009-12-16,2011-01-25,11,3550.91,319,11,3550.91,2,5,5,12,At Risk (High Value),0.3178,Low Risk,1.0
15223,2009-12-05,2011-04-28,5,1417.95,226,5,1417.95,2,4,4,10,At Risk (High Value),0.5121,Medium Risk,1.0
15224,2010-01-15,2010-12-16,5,871.36,359,5,871.36,2,4,3,9,At Risk (High Value),0.5179,Medium Risk,1.0
15225,2011-04-19,2011-04-19,1,409.4,235,1,409.4,2,2,2,6,Hibernating / Churned,0.6959,Medium Risk,1.0
15226,2011-02-02,2011-02-02,1,154.41,311,1,154.41,2,1,1,4,Hibernating / Churned,0.8028,High Risk,1.0
15227,2010-03-16,2011-11-03,9,2488.4900000000002,37,9,2488.4900000000002,4,5,4,13,Champions,0.2813,Low Risk,0.0
15228,2010-07-28,2011-10-04,6,5580.2699999999995,67,6,5580.2699999999995,3,4,5,12,Needs Attention,0.2549,Low Risk,0.0
15229,2010-05-02,2010-05-02,1,160.5,587,1,160.5,1,1,1,3,Hibernating / Churned,0.8413,High Risk,1.0
15230,2011-04-13,2011-04-14,2,429.6,240,2,429.6,2,2,2,6,Hibernating / Churned,0.7003,High Risk,1.0
15231,2010-03-28,2010-03-28,1,250.26,622,1,250.26,1,1,1,3,Hibernating / Churned,0.8132,High Risk,1.0
15232,2011-07-22,2011-08-18,2,612.06,114,2,612.06,3,2,2,7,Needs Attention,0.3595,Low Risk,1.0
15233,2010-11-03,2010-11-03,1,59.4,402,1,59.4,2,1,1,4,Hibernating / Churned,0.8537,High Risk,1.0
15234,2011-03-08,2011-03-08,1,197.0,277,1,197.0,2,1,1,4,Hibernating / Churned,0.7842,High Risk,1.0
15235,2010-11-16,2011-05-06,16,2937.81,218,16,2937.81,2,5,4,11,At Risk (High Value),0.3619,Low Risk,1.0
15236,2011-02-14,2011-02-14,1,321.05,299,1,321.05,2,1,2,5,Hibernating / Churned,0.7625,High Risk,1.0
15237,2011-04-26,2011-12-08,4,1412.32,2,4,1412.32,5,4,4,13,Champions,0.3517,Low Risk,0.0
15238,2011-06-08,2011-11-10,3,1071.99,30,3,1071.99,4,3,3,10,Loyal Users,0.3748,Low Risk,0.0
15239,2011-09-22,2011-11-29,2,780.59,11,2,780.59,5,2,3,10,New / Promising,,Not Scored (Recent),
15240,2009-12-05,2011-10-26,12,4459.98,45,12,4459.98,4,5,5,14,Champions,0.1481,Low Risk,0.0
15241,2010-02-23,2011-10-04,11,3050.16,67,11,3050.16,3,5,5,13,Needs Attention,0.1315,Low Risk,0.0
15242,2010-10-13,2010-10-13,1,302.03999999999996,423,1,302.03999999999996,1,1,2,4,Hibernating / Churned,0.781,High Risk,1.0
15243,2010-09-30,2011-09-26,2,927.28,75,2,927.28,3,3,3,9,Needs Attention,0.6748,Medium Risk,0.0
15244,2010-02-11,2011-10-05,3,912.08,66,3,912.08,3,3,3,9,Needs Attention,0.6956,Medium Risk,0.0
15245,2010-04-23,2011-07-28,8,4610.84,135,8,4610.84,3,5,5,13,Needs Attention,0.1788,Low Risk,1.0
15246,2010-06-02,2011-04-15,3,780.4,239,3,780.4,2,3,3,8,At Risk (High Value),0.5627,Medium Risk,1.0
15247,2010-06-20,2011-08-09,3,976.06,123,3,976.06,3,3,3,9,Needs Attention,0.676,Medium Risk,1.0
15248,2010-06-23,2010-10-24,3,1893.93,412,3,1893.93,1,3,4,8,Hibernating / Churned,0.6013,Medium Risk,1.0
15249,2010-03-26,2011-11-08,18,9266.0,32,18,9266.0,4,5,5,14,Champions,0.1262,Low Risk,0.0
15250,2010-03-09,2010-03-09,1,60.0,641,1,60.0,1,1,1,3,Hibernating / Churned,0.8777,High Risk,1.0
15251,2010-01-29,2011-11-30,21,20324.54,10,21,20324.54,5,5,5,15,Champions,0.1346,Low Risk,0.0
15252,2010-04-07,2011-11-03,5,2103.41,37,5,2103.41,4,4,4,12,Champions,0.4192,Medium Risk,0.0
15253,2010-05-02,2011-11-23,8,2055.09,17,8,2055.09,5,4,4,13,Champions,0.4324,Medium Risk,0.0
15254,2010-05-28,2011-08-04,3,1088.35,128,3,1088.35,3,3,3,9,Needs Attention,0.6361,Medium Risk,1.0
15255,2009-12-03,2011-10-04,9,3729.42,67,9,3729.42,3,5,5,13,Needs Attention,0.3776,Low Risk,0.0
15256,2010-05-27,2011-07-14,2,170.4,149,2,170.4,3,2,1,6,Needs Attention,0.7267,High Risk,1.0
15257,2010-10-21,2011-03-01,2,685.9,284,2,685.9,2,2,3,7,At Risk (High Value),0.6181,Medium Risk,1.0
15258,2011-05-06,2011-06-24,2,623.16,169,2,623.16,3,2,3,8,Needs Attention,0.3779,Low Risk,1.0
15259,2010-01-26,2010-07-15,4,1182.3799999999999,513,4,1182.3799999999999,1,3,3,7,Hibernating / Churned,0.7412,High Risk,1.0
15260,2009-12-06,2011-08-31,25,9188.23,101,25,9188.23,3,5,5,13,Needs Attention,0.0773,Low Risk,1.0
15261,2010-10-01,2011-07-27,4,1508.0,136,4,1508.0,3,4,4,11,Needs Attention,0.3783,Low Risk,1.0
15262,2010-08-08,2011-01-20,3,418.82,324,3,418.82,2,3,2,7,At Risk (High Value),0.6579,Medium Risk,1.0
15263,2011-08-25,2011-08-25,1,156.51,107,1,156.51,3,1,1,5,Needs Attention,0.5782,Medium Risk,1.0
15264,2010-06-27,2011-10-06,2,848.4,65,2,848.4,3,3,3,9,Needs Attention,0.7451,High Risk,0.0
15265,2009-12-01,2011-07-11,4,3345.64,152,4,3345.64,3,4,5,12,Needs Attention,0.5815,Medium Risk,1.0
15266,2010-01-07,2011-01-05,5,852.21,339,5,852.21,2,4,3,9,At Risk (High Value),0.5527,Medium Risk,1.0
15267,2011-06-10,2011-11-17,5,1717.36,23,5,1717.36,4,4,4,12,Champions,0.4159,Medium Risk,0.0
15268,2010-04-13,2010-08-18,3,961.9,479,3,961.9,1,3,3,7,Hibernating / Churned,0.7437,High Risk,1.0
15269,2010-11-14,2011-11-16,3,1225.36,24,3,1225.36,4,3,3,10,Loyal Users,0.5962,Medium Risk,0.0
15270,2009-12-17,2011-11-24,21,8524.86,16,21,8524.86,5,5,5,15,Champions,0.1302,Low Risk,0.0
15271,2010-08-05,2011-12-02,24,4709.54,8,24,4709.54,5,5,5,15,Champions,0.0836,Low Risk,0.0
15272,2010-02-14,2011-10-13,6,2085.48,58,6,2085.48,4,4,4,12,Champions,0.5345,Medium Risk,0.0
15273,2010-04-19,2010-04-19,1,228.96,600,1,228.96,1,1,1,3,Hibernating / Churned,0.8437,High Risk,1.0
15274,2011-11-21,2011-12-05,2,716.5699999999999,5,2,716.5699999999999,5,2,3,10,New / Promising,,Not Scored (Recent),
15275,2011-11-02,2011-11-02,1,615.14,38,1,615.14,4,2,2,8,New / Promising,,Not Scored (Recent),
15276,2010-10-01,2011-10-04,4,649.53,67,4,649.53,3,3,3,9,Needs Attention,0.5125,Medium Risk,0.0
15277,2010-10-10,2011-10-24,2,476.34000000000003,47,2,476.34000000000003,4,2,2,8,New / Promising,0.7526,High Risk,0.0
15278,2010-02-12,2010-05-27,4,496.16,562,4,496.16,1,3,2,6,Hibernating / Churned,0.7837,High Risk,1.0
15279,2010-02-02,2010-12-20,5,1580.54,355,5,1580.54,2,4,4,10,At Risk (High Value),0.4601,Medium Risk,1.0
15280,2010-05-17,2011-06-20,3,406.21999999999997,173,3,406.21999999999997,3,3,2,8,Needs Attention,0.5596,Medium Risk,1.0
15281,2010-10-08,2011-10-12,16,8543.57,59,16,8543.57,4,5,5,14,Champions,0.0821,Low Risk,0.0
15282,2010-05-18,2010-05-18,1,348.59,571,1,348.59,1,1,2,4,Hibernating / Churned,0.8313,High Risk,1.0
15283,2010-07-09,2010-11-14,3,148.33,391,3,148.33,2,3,1,6,At Risk (High Value),0.7156,High Risk,1.0
15284,2010-07-27,2010-07-27,1,24.75,501,1,24.75,1,1,1,3,Hibernating / Churned,0.8609,High Risk,1.0
15285,2010-10-28,2010-10-28,1,94.92,408,1,94.92,2,1,1,4,Hibernating / Churned,0.842,High Risk,1.0
15286,2011-10-21,2011-10-21,1,240.55,50,1,240.55,4,1,1,6,New / Promising,,Not Scored (Recent),
15287,2009-12-02,2011-11-17,5,856.03,23,5,856.03,4,4,3,11,Loyal Users,0.6593,Medium Risk,0.0
15288,2010-02-12,2011-10-27,10,3883.13,44,10,3883.13,4,5,5,14,Champions,0.1365,Low Risk,0.0
15289,2010-03-28,2011-11-10,5,1593.09,30,5,1593.09,4,4,4,12,Champions,0.446,Medium Risk,0.0
15290,2010-02-24,2011-12-05,26,10496.28,5,26,10496.28,5,5,5,15,Champions,0.0514,Low Risk,0.0
15291,2009-12-03,2011-11-14,40,13846.56,26,40,13846.56,4,5,5,14,Champions,0.0245,Low Risk,0.0
15292,2011-05-22,2011-05-22,1,180.94,202,1,180.94,2,1,1,4,Hibernating / Churned,0.6861,Medium Risk,1.0
15293,2010-02-12,2010-02-12,1,247.5,666,1,247.5,1,1,1,3,Hibernating / Churned,0.8558,High Risk,1.0
15294,2010-10-25,2010-10-25,1,233.35,411,1,233.35,1,1,1,3,Hibernating / Churned,0.7561,High Risk,1.0
15295,2010-02-23,2010-02-23,1,217.24,655,1,217.24,1,1,1,3,Hibernating / Churned,0.8302,High Risk,1.0
15296,2010-01-21,2011-10-20,12,10342.83,51,12,10342.83,4,5,5,14,Champions,0.1085,Low Risk,0.0
15297,2011-10-07,2011-11-29,3,641.94,11,3,641.94,5,3,3,11,Loyal Users,,Not Scored (Recent),
15298,2009-12-08,2011-12-07,23,9459.37,3,23,9459.37,5,5,5,15,Champions,0.0366,Low Risk,0.0
15299,2010-01-12,2011-10-03,10,7991.54,68,10,7991.54,3,5,5,13,Needs Attention,0.2391,Low Risk,0.0
15300,2011-10-06,2011-10-06,1,496.44,65,1,496.44,3,2,2,7,Needs Attention,,Not Scored (Recent),
15301,2010-09-15,2011-10-20,17,7603.44,51,17,7603.44,4,5,5,14,Champions,0.0847,Low Risk,0.0
15302,2009-12-09,2009-12-09,1,308.0,731,1,308.0,1,1,2,4,Hibernating / Churned,0.855,High Risk,1.0
15303,2010-01-25,2011-02-22,3,1224.18,291,3,1224.18,2,3,3,8,At Risk (High Value),0.6359,Medium Risk,1.0
15304,2010-10-14,2011-10-10,9,919.55,61,9,919.55,3,5,3,11,Needs Attention,0.3075,Low Risk,0.0
15305,2010-06-02,2010-06-02,1,93.6,556,1,93.6,1,1,1,3,Hibernating / Churned,0.8599,High Risk,1.0
15306,2010-02-18,2011-10-06,9,3484.73,65,9,3484.73,3,5,5,13,Needs Attention,0.2387,Low Risk,0.0
15307,2011-09-05,2011-09-05,1,205.3,96,1,205.3,3,1,1,5,Needs Attention,0.5431,Medium Risk,1.0
15308,2011-03-10,2011-03-10,1,310.46999999999997,275,1,310.46999999999997,2,1,2,5,Hibernating / Churned,0.7551,High Risk,1.0
15309,2009-12-04,2010-04-08,4,797.96,611,4,797.96,1,3,3,7,Hibernating / Churned,0.7374,High Risk,1.0
15310,2010-08-18,2010-08-18,1,1634.64,479,1,1634.64,1,2,4,7,Hibernating / Churned,0.741,High Risk,1.0
15311,2009-12-01,2011-12-09,208,116771.16,1,208,116771.16,5,5,5,15,Champions,0.028,Low Risk,0.0
15312,2009-12-16,2011-09-25,12,2930.19,76,12,2930.19,3,5,4,12,Needs Attention,0.1127,Low Risk,0.0
15313,2011-08-21,2011-08-21,1,52.0,111,1,52.0,3,1,1,5,Needs Attention,0.6935,Medium Risk,1.0
15314,2010-10-07,2011-05-24,3,820.45,200,3,820.45,2,3,3,8,At Risk (High Value),0.4459,Medium Risk,1.0
15315,2011-08-15,2011-10-06,2,570.5,65,2,570.5,3,2,2,7,Needs Attention,0.4894,Medium Risk,0.0
15316,2011-01-17,2011-01-17,1,165.0,327,1,165.0,2,1,1,4,Hibernating / Churned,0.8099,High Risk,1.0
15317,2010-01-31,2010-01-31,1,129.75,678,1,129.75,1,1,1,3,Hibernating / Churned,0.8721,High Risk,1.0
15318,2011-12-06,2011-12-06,1,312.62,4,1,312.62,5,1,2,8,New / Promising,,Not Scored (Recent),
15319,2011-03-01,2011-03-01,1,204.5,284,1,204.5,2,1,1,4,Hibernating / Churned,0.776,High Risk,1.0
15320,2011-10-26,2011-10-26,1,267.13,45,1,267.13,4,1,1,6,New / Promising,,Not Scored (Recent),
15321,2010-02-03,2011-09-30,12,6709.73,71,12,6709.73,3,5,5,13,Needs Attention,0.3077,Low Risk,0.0
15322,2010-08-20,2011-09-15,2,1390.86,86,2,1390.86,3,3,4,10,Needs Attention,0.6666,Medium Risk,0.0
15323,2010-02-16,2010-05-26,3,434.6,563,3,434.6,1,3,2,6,Hibernating / Churned,0.835,High Risk,1.0
15324,2010-01-07,2010-01-07,1,140.22,702,1,140.22,1,1,1,3,Hibernating / Churned,0.8501,High Risk,1.0
15325,2010-02-16,2011-08-28,8,1602.01,104,8,1602.01,3,4,4,11,Needs Attention,0.3618,Low Risk,1.0
15326,2009-12-01,2011-01-10,5,1700.52,334,5,1700.52,2,4,4,10,At Risk (High Value),0.4099,Medium Risk,1.0
15327,2011-10-18,2011-10-18,1,208.75,53,1,208.75,4,1,1,6,New / Promising,,Not Scored (Recent),
15328,2010-10-28,2010-10-28,1,107.24,408,1,107.24,2,1,1,4,Hibernating / Churned,0.8333,High Risk,1.0
15329,2009-12-14,2011-10-31,11,2984.33,40,11,2984.33,4,5,5,14,Champions,0.1659,Low Risk,0.0
15330,2011-10-10,2011-11-07,2,714.96,33,2,714.96,4,2,3,9,New / Promising,,Not Scored (Recent),
15331,2010-04-09,2010-07-28,3,767.91,500,3,767.91,1,3,3,7,Hibernating / Churned,0.736,High Risk,1.0
15332,2010-07-14,2010-12-08,6,6553.74,367,6,6553.74,2,4,5,11,At Risk (High Value),0.453,Medium Risk,1.0
15333,2011-05-15,2011-05-15,1,1028.56,209,1,1028.56,2,2,3,7,At Risk (High Value),0.6626,Medium Risk,1.0
15334,2011-06-19,2011-07-06,3,351.67,157,3,351.67,3,3,2,8,Needs Attention,0.3913,Low Risk,1.0
15335,2011-10-17,2011-10-17,1,173.97,54,1,173.97,4,1,1,6,New / Promising,,Not Scored (Recent),
15336,2010-11-03,2010-11-03,1,240.5,402,1,240.5,2,1,1,4,Hibernating / Churned,0.7504,High Risk,1.0
15337,2010-10-24,2010-10-24,1,373.02,412,1,373.02,1,2,2,5,Hibernating / Churned,0.7353,High Risk,1.0
15338,2010-01-31,2010-01-31,1,283.43,678,1,283.43,1,1,1,3,Hibernating / Churned,0.8332,High Risk,1.0
15339,2010-02-08,2011-10-04,7,1827.84,67,7,1827.84,3,4,4,11,Needs Attention,0.413,Medium Risk,0.0
15340,2010-05-27,2010-05-27,1,105.5,562,1,105.5,1,1,1,3,Hibernating / Churned,0.8664,High Risk,1.0
15341,2010-09-16,2011-09-20,2,2402.72,81,2,2402.72,3,3,4,10,Needs Attention,0.7658,High Risk,0.0
15342,2011-08-02,2011-08-02,1,406.09,130,1,406.09,3,2,2,7,Needs Attention,0.4826,Medium Risk,1.0
15343,2011-09-13,2011-09-13,1,364.5,88,1,364.5,3,2,2,7,Needs Attention,,Not Scored (Recent),
15344,2011-09-26,2011-12-09,3,563.9399999999999,1,3,563.9399999999999,5,3,2,10,Loyal Users,,Not Scored (Recent),
15345,2011-10-25,2011-10-25,1,393.54,46,1,393.54,4,2,2,8,New / Promising,,Not Scored (Recent),
15346,2010-10-04,2011-01-11,3,596.12,333,3,596.12,2,3,2,7,At Risk (High Value),0.5966,Medium Risk,1.0
15347,2010-09-28,2010-12-08,4,1363.6,367,4,1363.6,2,4,4,10,At Risk (High Value),0.5251,Medium Risk,1.0
15348,2011-09-28,2011-09-28,1,158.04,73,1,158.04,3,1,1,5,Needs Attention,,Not Scored (Recent),
15349,2011-06-05,2011-07-04,2,473.81,159,2,473.81,3,2,2,7,Needs Attention,0.3432,Low Risk,1.0
15350,2010-11-21,2010-12-01,2,663.25,374,2,663.25,2,2,3,7,At Risk (High Value),0.5856,Medium Risk,1.0
15351,2010-10-03,2011-11-27,10,3738.29,13,10,3738.29,5,5,5,15,Champions,0.4741,Medium Risk,0.0
15352,2010-06-09,2010-06-09,1,114.95,549,1,114.95,1,1,1,3,Hibernating / Churned,0.8318,High Risk,1.0
15353,2009-12-02,2011-03-30,7,3175.95,255,7,3175.95,2,4,5,11,At Risk (High Value),0.3168,Low Risk,1.0
15354,2010-04-15,2010-04-15,3,284.4,604,3,284.4,1,3,1,5,Hibernating / Churned,0.8268,High Risk,1.0
15355,2011-10-17,2011-11-10,2,277.05,30,2,277.05,4,2,1,7,New / Promising,,Not Scored (Recent),
15356,2010-10-13,2011-11-08,13,3464.95,32,13,3464.95,4,5,5,14,Champions,0.1058,Low Risk,0.0
15358,2009-12-07,2011-12-05,42,17050.41,5,42,17050.41,5,5,5,15,Champions,0.0364,Low Risk,0.0
15359,2010-01-15,2010-02-15,8,181.35,663,8,181.35,1,4,1,6,Hibernating / Churned,0.7704,High Risk,1.0
15360,2011-10-31,2011-10-31,1,427.93,40,1,427.93,4,2,2,8,New / Promising,,Not Scored (Recent),
15361,2010-06-14,2010-12-13,4,689.07,362,4,689.07,2,3,3,8,At Risk (High Value),0.6185,Medium Risk,1.0
15362,2009-12-01,2010-09-17,2,613.08,449,2,613.08,1,2,2,5,Hibernating / Churned,0.6309,Medium Risk,1.0
15363,2010-08-04,2010-12-02,2,1004.11,373,2,1004.11,2,3,3,8,At Risk (High Value),0.6229,Medium Risk,1.0
15364,2011-03-30,2011-09-05,2,913.1899999999999,96,2,913.1899999999999,3,3,3,9,Needs Attention,0.457,Medium Risk,1.0
15365,2010-02-04,2011-11-14,13,4557.13,26,13,4557.13,4,5,5,14,Champions,0.197,Low Risk,0.0
15366,2010-02-26,2011-09-25,7,2389.08,76,7,2389.08,3,4,4,11,Needs Attention,0.387,Low Risk,0.0
15367,2009-12-10,2011-10-13,11,5081.33,58,11,5081.33,4,5,5,14,Champions,0.277,Low Risk,0.0
15368,2010-11-10,2011-11-18,2,722.74,22,2,722.74,4,2,3,9,New / Promising,0.7656,High Risk,0.0
15369,2009-12-08,2010-08-04,11,6251.26,493,11,6251.26,1,5,5,11,Hibernating / Churned,0.6504,Medium Risk,1.0
15370,2010-10-25,2011-10-30,8,3739.0099999999998,41,8,3739.0099999999998,4,5,5,14,Champions,0.2098,Low Risk,0.0
15371,2010-02-15,2010-02-15,1,59.4,663,1,59.4,1,1,1,3,Hibernating / Churned,0.8824,High Risk,1.0
15372,2010-02-14,2011-07-25,8,6017.06,138,8,6017.06,3,5,5,13,Needs Attention,0.2641,Low Risk,1.0
15373,2010-05-02,2011-12-01,17,3421.39,9,17,3421.39,5,5,5,15,Champions,0.0961,Low Risk,0.0
15374,2010-03-25,2011-08-03,2,307.32,129,2,307.32,3,2,2,7,Needs Attention,0.7345,High Risk,1.0
15375,2010-01-18,2010-01-18,1,60.96,691,1,60.96,1,1,1,3,Hibernating / Churned,0.8852,High Risk,1.0
15376,2011-05-01,2011-10-30,3,1233.36,41,3,1233.36,4,3,3,10,Loyal Users,0.332,Low Risk,0.0
15377,2010-10-20,2010-11-22,4,1211.75,383,4,1211.75,2,3,3,8,At Risk (High Value),0.6396,Medium Risk,1.0
15378,2010-07-26,2010-09-03,2,246.5,463,2,246.5,1,2,1,4,Hibernating / Churned,0.834,High Risk,1.0
15379,2010-11-04,2011-06-23,8,4877.84,170,8,4877.84,3,5,5,13,Needs Attention,0.169,Low Risk,1.0
15380,2009-12-01,2011-12-01,11,3479.06,9,11,3479.06,5,5,5,15,Champions,0.2655,Low Risk,0.0
15381,2010-05-05,2011-05-10,5,1890.57,214,5,1890.57,2,4,4,10,At Risk (High Value),0.434,Medium Risk,1.0
15382,2009-12-04,2011-11-25,12,13733.55,15,12,13733.55,5,5,5,15,Champions,0.1263,Low Risk,0.0
15384,2010-04-26,2011-06-23,4,2027.79,170,4,2027.79,3,4,4,11,Needs Attention,0.4378,Medium Risk,1.0
15385,2010-01-31,2011-10-30,3,942.08,41,3,942.08,4,3,3,10,Loyal Users,0.656,Medium Risk,0.0
15386,2011-06-06,2011-06-06,1,394.14,187,1,394.14,3,2,2,7,Needs Attention,0.5813,Medium Risk,1.0
15387,2010-08-04,2010-08-04,1,468.65,493,1,468.65,1,2,2,5,Hibernating / Churned,0.757,High Risk,1.0
15388,2011-03-14,2011-03-14,1,140.54,271,1,140.54,2,1,1,4,Hibernating / Churned,0.8041,High Risk,1.0
15389,2010-01-27,2011-06-20,5,2733.8,173,5,2733.8,3,4,4,11,Needs Attention,0.3991,Low Risk,1.0
15390,2010-10-26,2010-11-08,2,1216.66,397,2,1216.66,2,3,3,8,At Risk (High Value),0.6171,Medium Risk,1.0
15391,2010-05-04,2010-05-04,1,289.87,585,1,289.87,1,1,1,3,Hibernating / Churned,0.8305,High Risk,1.0
15392,2010-10-04,2011-12-05,7,2911.62,5,7,2911.62,5,4,4,13,Champions,0.4897,Medium Risk,0.0
15393,2009-12-15,2011-11-23,5,891.34,17,5,891.34,5,4,3,12,Loyal Users,0.5514,Medium Risk,0.0
15394,2009-12-15,2011-11-30,11,5286.8,10,11,5286.8,5,5,5,15,Champions,0.1628,Low Risk,0.0
15395,2011-01-18,2011-01-18,1,107.45,326,1,107.45,2,1,1,4,Hibernating / Churned,0.8312,High Risk,1.0
15396,2010-05-05,2011-08-19,2,796.38,113,2,796.38,3,2,3,8,Needs Attention,0.7262,High Risk,1.0
15397,2011-02-23,2011-02-23,1,94.0,290,1,94.0,2,1,1,4,Hibernating / Churned,0.836,High Risk,1.0
15398,2011-09-22,2011-11-23,2,1345.53,17,2,1345.53,5,3,4,12,Loyal Users,,Not Scored (Recent),
15399,2011-09-21,2011-12-08,3,815.77,2,3,815.77,5,3,3,11,Loyal Users,,Not Scored (Recent),
15400,2010-05-28,2011-09-08,8,1302.3,93,8,1302.3,3,4,4,11,Needs Attention,0.315,Low Risk,0.0
15401,2010-05-20,2010-09-13,2,216.95,453,2,216.95,1,2,1,4,Hibernating / Churned,0.7213,High Risk,1.0
15402,2010-04-27,2011-07-14,6,1830.54,149,6,1830.54,3,4,4,11,Needs Attention,0.359,Low Risk,1.0
15403,2009-12-09,2010-08-05,2,170.88,492,2,170.88,1,2,1,4,Hibernating / Churned,0.8134,High Risk,1.0
15404,2010-11-29,2010-11-29,1,257.06,376,1,257.06,2,1,1,4,Hibernating / Churned,0.7516,High Risk,1.0
15405,2010-05-12,2011-06-03,2,659.84,190,2,659.84,2,2,3,7,At Risk (High Value),0.6732,Medium Risk,1.0
15406,2010-09-12,2011-11-08,4,975.87,32,4,975.87,4,3,3,10,Loyal Users,0.4922,Medium Risk,0.0
15407,2011-02-07,2011-11-06,4,1056.44,34,4,1056.44,4,3,3,10,Loyal Users,0.3334,Low Risk,0.0
15408,2011-03-20,2011-03-20,1,267.18,265,1,267.18,2,1,1,4,Hibernating / Churned,0.7501,High Risk,1.0
15409,2009-12-18,2009-12-18,1,131.25,722,1,131.25,1,1,1,3,Hibernating / Churned,0.8769,High Risk,1.0
15410,2010-04-19,2011-09-16,10,4685.72,85,10,4685.72,3,5,5,13,Needs Attention,0.2088,Low Risk,0.0
15411,2011-06-10,2011-11-13,4,1358.88,27,4,1358.88,4,4,4,12,Champions,0.358,Low Risk,0.0
15412,2011-06-21,2011-06-21,1,190.53,172,1,190.53,3,1,1,5,Needs Attention,0.6818,Medium Risk,1.0
15413,2009-12-01,2010-01-17,5,6798.72,692,5,6798.72,1,4,5,10,Hibernating / Churned,0.7176,High Risk,1.0
15414,2011-04-11,2011-11-30,3,774.9,10,3,774.9,5,3,3,11,Loyal Users,0.8058,High Risk,0.0
15415,2011-01-30,2011-01-30,1,572.81,314,1,572.81,2,2,2,6,Hibernating / Churned,0.6738,Medium Risk,1.0
15416,2010-02-01,2011-10-06,7,4572.82,65,7,4572.82,3,4,5,12,Needs Attention,0.2834,Low Risk,0.0
15417,2011-09-15,2011-09-15,1,508.8,86,1,508.8,3,2,2,7,Needs Attention,,Not Scored (Recent),
15418,2010-05-02,2010-10-10,2,452.32,426,2,452.32,1,2,2,5,Hibernating / Churned,0.6495,Medium Risk,1.0
15419,2011-11-15,2011-11-15,1,135.85999999999999,25,1,135.85999999999999,4,1,1,6,New / Promising,,Not Scored (Recent),
15420,2009-12-05,2010-10-01,6,743.0,435,6,743.0,1,4,3,8,Hibernating / Churned,0.5727,Medium Risk,1.0
15421,2009-12-07,2011-10-12,10,3805.34,59,10,3805.34,4,5,5,14,Champions,0.2081,Low Risk,0.0
15422,2010-02-07,2011-01-20,7,1619.97,324,7,1619.97,2,4,4,10,At Risk (High Value),0.4021,Medium Risk,1.0
15423,2010-03-28,2011-11-01,3,266.89,39,3,266.89,4,3,1,8,Loyal Users,0.8425,High Risk,0.0
15424,2010-09-02,2011-03-30,3,597.78,255,3,597.78,2,3,2,7,At Risk (High Value),0.5551,Medium Risk,1.0
15425,2010-02-14,2010-11-04,4,1944.57,401,4,1944.57,2,4,4,10,At Risk (High Value),0.5471,Medium Risk,1.0
15426,2010-05-02,2011-11-20,9,2615.39,20,9,2615.39,5,5,4,14,Champions,0.3022,Low Risk,0.0
15427,2011-10-23,2011-11-06,3,1483.14,34,3,1483.14,4,3,4,11,Loyal Users,,Not Scored (Recent),
15428,2009-12-17,2011-11-24,4,762.75,16,4,762.75,5,3,3,11,Loyal Users,0.5883,Medium Risk,0.0
15429,2011-09-25,2011-11-13,2,397.35,27,2,397.35,4,2,2,8,New / Promising,,Not Scored (Recent),
15430,2010-06-29,2010-08-29,2,954.75,468,2,954.75,1,3,3,7,Hibernating / Churned,0.7488,High Risk,1.0
15431,2010-07-25,2010-07-25,1,153.24,503,1,153.24,1,1,1,3,Hibernating / Churned,0.8486,High Risk,1.0
15432,2010-06-16,2011-11-16,2,320.76,24,2,320.76,4,2,2,8,New / Promising,0.838,High Risk,0.0
15433,2011-03-17,2011-05-10,2,533.3,214,2,533.3,2,2,2,6,Hibernating / Churned,0.4389,Medium Risk,1.0
15434,2010-01-24,2011-12-01,11,2567.06,9,11,2567.06,5,5,4,14,Champions,0.2881,Low Risk,0.0
15435,2011-11-17,2011-11-17,1,149.29,23,1,149.29,4,1,1,6,New / Promising,,Not Scored (Recent),
15436,2011-04-19,2011-11-27,3,1122.53,13,3,1122.53,5,3,3,11,Loyal Users,0.6122,Medium Risk,0.0
15437,2010-03-09,2011-03-22,2,393.45,263,2,393.45,2,2,2,6,Hibernating / Churned,0.7137,High Risk,1.0
15438,2011-07-31,2011-07-31,1,156.58,132,1,156.58,3,1,1,5,Needs Attention,0.6118,Medium Risk,1.0
15439,2010-02-24,2010-10-31,4,1269.05,405,4,1269.05,2,4,4,10,At Risk (High Value),0.6188,Medium Risk,1.0
15440,2011-05-15,2011-10-16,3,383.68,55,3,383.68,4,3,2,9,Loyal Users,0.3669,Low Risk,0.0
15441,2009-12-09,2010-11-08,3,1254.21,397,3,1254.21,2,3,4,9,At Risk (High Value),0.6035,Medium Risk,1.0
15442,2011-04-05,2011-04-05,1,594.0,249,1,594.0,2,2,2,6,Hibernating / Churned,0.7278,High Risk,1.0
15443,2010-03-07,2011-12-08,14,5175.93,2,14,5175.93,5,5,5,15,Champions,0.1787,Low Risk,0.0
15444,2011-10-30,2011-11-30,2,1418.26,10,2,1418.26,5,3,4,12,Loyal Users,,Not Scored (Recent),
15445,2010-04-28,2011-03-20,2,284.5,265,2,284.5,2,2,1,5,Hibernating / Churned,0.6636,Medium Risk,1.0
15446,2009-12-13,2010-11-28,3,406.95,377,3,406.95,2,3,2,7,At Risk (High Value),0.6156,Medium Risk,1.0
15447,2010-03-24,2011-01-13,5,492.88,331,5,492.88,2,4,2,8,At Risk (High Value),0.5919,Medium Risk,1.0
15448,2010-02-03,2011-01-31,2,788.81,313,2,788.81,2,2,3,7,At Risk (High Value),0.7336,High Risk,1.0
15449,2011-03-23,2011-11-13,3,974.52,27,3,974.52,4,3,3,10,Loyal Users,0.3795,Low Risk,0.0
15450,2011-11-09,2011-11-09,1,429.84,31,1,429.84,4,2,2,8,New / Promising,,Not Scored (Recent),
15451,2010-04-19,2010-10-01,2,233.21,435,2,233.21,1,2,1,4,Hibernating / Churned,0.6672,Medium Risk,1.0
15452,2010-07-16,2011-11-10,6,1799.11,30,6,1799.11,4,4,4,12,Champions,0.4634,Medium Risk,0.0
15453,2011-06-05,2011-12-08,7,1388.37,2,7,1388.37,5,4,4,13,Champions,0.2812,Low Risk,0.0
15454,2010-03-31,2010-12-12,2,307.69,363,2,307.69,2,2,2,6,Hibernating / Churned,0.708,High Risk,1.0
15455,2010-04-21,2010-04-21,1,38.25,598,1,38.25,1,1,1,3,Hibernating / Churned,0.8633,High Risk,1.0
15456,2009-12-08,2011-03-01,10,2119.27,284,10,2119.27,2,5,4,11,At Risk (High Value),0.2863,Low Risk,1.0
15457,2011-03-22,2011-03-22,1,237.07,263,1,237.07,2,1,1,4,Hibernating / Churned,0.7347,High Risk,1.0
15458,2010-11-02,2011-11-14,2,370.44,26,2,370.44,4,2,2,8,New / Promising,0.7594,High Risk,0.0
15459,2010-07-30,2010-10-18,2,202.82999999999998,418,2,202.82999999999998,1,2,1,4,Hibernating / Churned,0.7214,High Risk,1.0
15460,2010-12-20,2010-12-20,1,216.76,355,1,216.76,2,1,1,4,Hibernating / Churned,0.7394,High Risk,1.0
15461,2010-03-18,2010-09-05,2,429.7,461,2,429.7,1,2,2,5,Hibernating / Churned,0.7951,High Risk,1.0
15462,2010-09-20,2011-09-06,4,737.05,95,4,737.05,3,3,3,9,Needs Attention,0.4207,Medium Risk,1.0
15463,2011-11-10,2011-11-10,1,126.14,30,1,126.14,4,1,1,6,New / Promising,,Not Scored (Recent),
15464,2011-01-05,2011-01-05,1,1048.85,339,1,1048.85,2,2,3,7,At Risk (High Value),0.6592,Medium Risk,1.0
15465,2009-12-10,2011-11-20,32,12655.65,20,32,12655.65,5,5,5,15,Champions,0.0881,Low Risk,0.0
15466,2009-12-03,2011-09-15,4,1571.01,86,4,1571.01,3,4,4,11,Needs Attention,0.5135,Medium Risk,0.0
15467,2011-07-10,2011-11-30,3,524.88,10,3,524.88,5,3,2,10,Loyal Users,0.3598,Low Risk,0.0
15468,2010-11-12,2011-10-19,3,1430.48,52,3,1430.48,4,3,4,11,Loyal Users,0.6607,Medium Risk,0.0
15469,2010-09-27,2011-10-20,3,874.25,51,3,874.25,4,3,3,10,Loyal Users,0.4765,Medium Risk,0.0
15470,2010-05-13,2010-05-13,1,63.42,576,1,63.42,1,1,1,3,Hibernating / Churned,0.8743,High Risk,1.0
15471,2010-06-07,2011-12-07,3,1316.56,3,3,1316.56,5,3,4,12,Loyal Users,0.6005,Medium Risk,0.0
15472,2011-08-18,2011-08-18,1,371.56,114,1,371.56,3,2,2,7,Needs Attention,0.469,Medium Risk,1.0
15473,2010-09-21,2011-11-25,8,2046.0,15,8,2046.0,5,4,4,13,Champions,0.7614,High Risk,0.0
15474,2010-04-23,2010-04-23,1,163.1,596,1,163.1,1,1,1,3,Hibernating / Churned,0.8631,High Risk,1.0
15475,2011-09-23,2011-09-23,1,454.11,78,1,454.11,3,2,2,7,Needs Attention,,Not Scored (Recent),
15476,2010-09-23,2010-11-24,4,2209.98,381,4,2209.98,2,4,4,10,At Risk (High Value),0.5098,Medium Risk,1.0
15477,2010-02-28,2010-02-28,1,368.4,650,1,368.4,1,2,2,5,Hibernating / Churned,0.8747,High Risk,1.0
15478,2010-05-13,2011-10-30,3,2024.98,41,3,2024.98,4,3,4,11,Loyal Users,0.7203,High Risk,0.0
15479,2009-12-06,2009-12-06,1,147.4,734,1,147.4,1,1,1,3,Hibernating / Churned,0.8602,High Risk,1.0
15480,2010-02-01,2011-08-15,5,6279.0,117,5,6279.0,3,4,5,12,Needs Attention,0.4468,Medium Risk,1.0
15481,2010-11-03,2010-11-03,1,1993.34,402,1,1993.34,2,2,4,8,At Risk (High Value),0.7065,High Risk,1.0
15482,2009-12-02,2011-11-24,19,14592.56,16,19,14592.56,5,5,5,15,Champions,0.1955,Low Risk,0.0
15483,2010-01-24,2011-07-01,10,862.2,162,10,862.2,3,5,3,11,Needs Attention,0.2826,Low Risk,1.0
15484,2009-12-05,2011-12-08,6,4656.0,2,6,4656.0,5,4,5,14,Champions,0.7233,High Risk,0.0
15485,2009-12-01,2011-11-09,7,5771.51,31,7,5771.51,4,4,5,13,Champions,0.3472,Low Risk,0.0
15486,2010-06-30,2010-06-30,1,102.0,528,1,102.0,1,1,1,3,Hibernating / Churned,0.8571,High Risk,1.0
15487,2010-01-29,2010-01-29,1,231.32,680,1,231.32,1,1,1,3,Hibernating / Churned,0.846,High Risk,1.0
15488,2010-05-05,2011-09-08,5,431.92,93,5,431.92,3,4,2,9,Needs Attention,0.5438,Medium Risk,1.0
15489,2010-01-15,2011-11-17,8,2419.61,23,8,2419.61,4,4,4,12,Champions,0.3711,Low Risk,0.0
15490,2010-10-05,2010-10-05,1,217.60000000000002,431,1,217.60000000000002,1,1,1,3,Hibernating / Churned,0.7615,High Risk,1.0
15491,2011-04-18,2011-09-05,6,3100.09,96,6,3100.09,3,4,5,12,Needs Attention,0.2081,Low Risk,1.0
15492,2011-09-26,2011-11-11,2,659.46,29,2,659.46,4,2,3,9,New / Promising,,Not Scored (Recent),
15493,2010-02-23,2011-11-07,9,4314.9800000000005,33,9,4314.9800000000005,4,5,5,14,Champions,0.1898,Low Risk,0.0
15494,2009-12-10,2011-11-18,5,3780.05,22,5,3780.05,4,4,5,13,Champions,0.5386,Medium Risk,0.0
15495,2010-11-25,2010-11-25,1,246.5,380,1,246.5,2,1,1,4,Hibernating / Churned,0.7575,High Risk,1.0
15496,2010-03-18,2010-03-18,1,146.14,632,1,146.14,1,1,1,3,Hibernating / Churned,0.8491,High Risk,1.0
15497,2009-12-18,2011-11-22,9,8657.39,18,9,8657.39,5,5,5,15,Champions,0.3145,Low Risk,0.0
15498,2009-12-16,2011-12-07,44,26039.58,3,44,26039.58,5,5,5,15,Champions,0.0352,Low Risk,0.0
15499,2009-12-16,2009-12-16,1,161.6,724,1,161.6,1,1,1,3,Hibernating / Churned,0.8375,High Risk,1.0
15500,2011-09-19,2011-12-01,4,1131.56,9,4,1131.56,5,3,3,11,Loyal Users,,Not Scored (Recent),
15501,2010-10-20,2010-10-31,2,402.5,405,2,402.5,2,2,2,6,Hibernating / Churned,0.6623,Medium Risk,1.0
15502,2010-06-03,2011-11-24,14,13993.47,16,14,13993.47,5,5,5,15,Champions,0.1866,Low Risk,0.0
15503,2009-12-13,2010-12-12,2,267.15,363,2,267.15,2,2,1,5,Hibernating / Churned,0.7124,High Risk,1.0
15504,2010-02-12,2011-09-19,4,423.85,82,4,423.85,3,3,2,8,Needs Attention,0.804,High Risk,0.0
15505,2011-07-07,2011-10-18,5,3610.96,53,5,3610.96,4,4,5,13,Champions,0.3326,Low Risk,0.0
15506,2010-08-19,2011-11-17,6,2040.03,23,6,2040.03,4,4,4,12,Champions,0.3634,Low Risk,0.0
15507,2011-06-21,2011-06-21,1,492.36,172,1,492.36,3,2,2,7,Needs Attention,0.5059,Medium Risk,1.0
15508,2011-04-18,2011-06-03,6,1000.27,190,6,1000.27,2,4,3,9,At Risk (High Value),0.3475,Low Risk,1.0
15509,2010-11-24,2010-11-24,1,166.51,381,1,166.51,2,1,1,4,Hibernating / Churned,0.7971,High Risk,1.0
15510,2011-01-13,2011-01-13,1,250.0,331,1,250.0,2,1,1,4,Hibernating / Churned,0.7772,High Risk,1.0
15511,2011-09-15,2011-11-28,5,909.23,12,5,909.23,5,4,3,12,Loyal Users,,Not Scored (Recent),
15512,2010-02-01,2011-07-07,4,331.58,156,4,331.58,3,3,2,8,Needs Attention,0.522,Medium Risk,1.0
15513,2010-01-13,2011-11-06,35,27750.55,34,35,27750.55,4,5,5,14,Champions,0.024,Low Risk,0.0
15514,2009-12-04,2011-11-27,18,6598.55,13,18,6598.55,5,5,5,15,Champions,0.2838,Low Risk,0.0
15515,2010-11-17,2010-11-17,1,171.81,388,1,171.81,2,1,1,4,Hibernating / Churned,0.8087,High Risk,1.0
15516,2011-10-24,2011-10-26,3,62.43,45,3,62.43,4,3,1,8,Loyal Users,,Not Scored (Recent),
15517,2011-04-20,2011-04-20,1,267.03,234,1,267.03,2,1,1,4,Hibernating / Churned,0.711,High Risk,1.0
15518,2009-12-20,2011-10-06,15,4218.94,65,15,4218.94,3,5,5,13,Needs Attention,0.1166,Low Risk,0.0
15519,2010-09-19,2010-11-21,2,344.61,384,2,344.61,2,2,2,6,Hibernating / Churned,0.7007,High Risk,1.0
15520,2011-12-08,2011-12-08,1,343.5,2,1,343.5,5,1,2,8,New / Promising,,Not Scored (Recent),
15521,2010-01-05,2011-10-30,16,7106.69,41,16,7106.69,4,5,5,14,Champions,0.1016,Low Risk,0.0
15522,2011-09-13,2011-11-07,2,398.84000000000003,33,2,398.84000000000003,4,2,2,8,New / Promising,,Not Scored (Recent),
15523,2009-12-02,2011-09-16,16,17359.99,85,16,17359.99,3,5,5,13,Needs Attention,0.5025,Medium Risk,0.0
15524,2010-04-12,2011-11-15,2,591.4,25,2,591.4,4,2,2,8,New / Promising,0.8496,High Risk,0.0
15525,2010-11-22,2011-12-07,4,1295.7,3,4,1295.7,5,4,4,13,Champions,0.5222,Medium Risk,0.0
15526,2011-11-06,2011-11-06,2,148.44,34,2,148.44,4,2,1,7,New / Promising,,Not Scored (Recent),
15527,2009-12-15,2011-11-21,23,5575.64,19,23,5575.64,5,5,5,15,Champions,0.0662,Low Risk,0.0
15528,2011-03-30,2011-03-30,1,229.33,255,1,229.33,2,1,1,4,Hibernating / Churned,0.7464,High Risk,1.0
15529,2010-11-10,2011-11-17,12,5111.95,23,12,5111.95,4,5,5,14,Champions,0.1293,Low Risk,0.0
15530,2010-07-15,2011-11-18,5,1813.72,22,5,1813.72,4,4,4,12,Champions,0.3918,Low Risk,0.0
15531,2011-11-09,2011-12-01,2,2007.44,9,2,2007.44,5,3,4,12,Loyal Users,,Not Scored (Recent),
15532,2010-06-08,2011-11-14,10,3771.9,26,10,3771.9,4,5,5,14,Champions,0.1633,Low Risk,0.0
15533,2011-09-11,2011-11-20,3,807.57,20,3,807.57,4,3,3,10,Loyal Users,,Not Scored (Recent),
15534,2009-12-14,2009-12-14,1,162.25,726,1,162.25,1,1,1,3,Hibernating / Churned,0.8671,High Risk,1.0
15535,2010-09-16,2011-06-19,6,1087.82,174,6,1087.82,3,4,3,10,Needs Attention,0.2993,Low Risk,1.0
15536,2010-10-26,2010-10-26,1,259.09,410,1,259.09,2,1,1,4,Hibernating / Churned,0.7459,High Risk,1.0
15537,2011-06-29,2011-06-29,1,110.92,164,1,110.92,3,1,1,5,Needs Attention,0.6603,Medium Risk,1.0
15538,2010-02-14,2010-06-20,6,3358.4,538,6,3358.4,1,4,5,10,Hibernating / Churned,0.7236,High Risk,1.0
15539,2011-12-02,2011-12-02,1,538.46,8,1,538.46,5,2,2,9,New / Promising,,Not Scored (Recent),
15540,2010-11-29,2011-11-28,2,460.68,12,2,460.68,5,2,2,9,New / Promising,0.7536,High Risk,0.0
15541,2011-08-17,2011-08-17,1,85.13,115,1,85.13,3,1,1,5,Needs Attention,0.6057,Medium Risk,1.0
15542,2009-12-02,2010-07-15,3,918.45,513,3,918.45,1,3,3,7,Hibernating / Churned,0.6552,Medium Risk,1.0
15543,2010-09-06,2011-02-24,2,242.84,289,2,242.84,2,2,1,5,Hibernating / Churned,0.6164,Medium Risk,1.0
15544,2010-01-28,2011-11-30,20,8162.43,10,20,8162.43,5,5,5,15,Champions,0.0585,Low Risk,0.0
15545,2010-12-03,2011-10-16,2,428.05,55,2,428.05,4,2,2,8,New / Promising,0.7256,High Risk,0.0
15546,2010-04-12,2010-04-12,2,1079.1000000000001,607,2,1079.1000000000001,1,3,3,7,Hibernating / Churned,0.7838,High Risk,1.0
15547,2009-12-06,2011-12-02,26,10154.39,8,26,10154.39,5,5,5,15,Champions,0.0337,Low Risk,0.0
15548,2010-04-23,2010-04-23,1,158.09,596,1,158.09,1,1,1,3,Hibernating / Churned,0.8491,High Risk,1.0
15549,2010-01-11,2011-09-23,8,2345.96,78,8,2345.96,3,4,4,11,Needs Attention,0.2496,Low Risk,0.0
15550,2009-12-03,2011-12-05,12,2218.8,5,12,2218.8,5,5,4,14,Champions,0.227,Low Risk,0.0
15551,2010-06-07,2011-11-03,7,1710.08,37,7,1710.08,4,4,4,12,Champions,0.5517,Medium Risk,0.0
15552,2010-03-26,2011-05-06,2,252.52,218,2,252.52,2,2,1,5,Hibernating / Churned,0.713,High Risk,1.0
15553,2011-10-10,2011-10-10,1,437.23,61,1,437.23,3,2,2,7,Needs Attention,,Not Scored (Recent),
15554,2011-03-07,2011-03-07,1,217.2,278,1,217.2,2,1,1,4,Hibernating / Churned,0.7615,High Risk,1.0
15555,2009-12-06,2011-11-27,36,12112.35,13,36,12112.35,5,5,5,15,Champions,0.0682,Low Risk,0.0
15556,2011-11-15,2011-11-15,1,279.77,25,1,279.77,4,1,1,6,New / Promising,,Not Scored (Recent),
15557,2011-11-11,2011-11-11,1,473.65,29,1,473.65,4,2,2,8,New / Promising,,Not Scored (Recent),
15558,2010-03-10,2010-03-10,1,214.13,640,1,214.13,1,1,1,3,Hibernating / Churned,0.865,High Risk,1.0
15559,2010-05-20,2010-05-20,1,1109.4,569,1,1109.4,1,2,3,6,Hibernating / Churned,0.7052,High Risk,1.0
15560,2010-11-07,2010-11-07,2,153.52,398,2,153.52,2,2,1,5,Hibernating / Churned,0.8017,High Risk,1.0
15561,2010-02-14,2011-11-28,8,1934.3899999999999,12,8,1934.3899999999999,5,4,4,13,Champions,0.3155,Low Risk,0.0
15562,2009-12-13,2010-12-23,3,673.38,352,3,673.38,2,3,3,8,At Risk (High Value),0.619,Medium Risk,1.0
15563,2010-01-28,2011-11-17,7,2867.0,23,7,2867.0,4,4,4,12,Champions,0.3348,Low Risk,0.0
15564,2010-02-01,2010-09-02,2,70.74000000000001,464,2,70.74000000000001,1,2,1,4,Hibernating / Churned,0.8166,High Risk,1.0
15565,2011-09-30,2011-10-20,2,173.16,51,2,173.16,4,2,1,7,New / Promising,,Not Scored (Recent),
15566,2009-12-15,2010-11-12,2,227.87,393,2,227.87,2,2,1,5,Hibernating / Churned,0.6934,Medium Risk,1.0
15567,2011-11-21,2011-11-21,1,186.01,19,1,186.01,5,1,1,7,New / Promising,,Not Scored (Recent),
15568,2011-09-27,2011-12-07,3,758.29,3,3,758.29,5,3,3,11,Loyal Users,,Not Scored (Recent),
15569,2010-02-28,2011-08-28,10,3586.35,104,10,3586.35,3,5,5,13,Needs Attention,0.1801,Low Risk,1.0
15570,2010-03-28,2011-12-02,25,9311.039999999999,8,25,9311.039999999999,5,5,5,15,Champions,0.0639,Low Risk,0.0
15571,2009-12-06,2011-11-28,14,4051.63,12,14,4051.63,5,5,5,15,Champions,0.3637,Low Risk,0.0
15572,2010-04-14,2011-12-05,10,4068.67,5,10,4068.67,5,5,5,15,Champions,0.2007,Low Risk,0.0
15573,2009-12-10,2011-11-08,5,1207.18,32,5,1207.18,4,4,3,11,Loyal Users,0.6449,Medium Risk,0.0
15574,2010-09-01,2011-06-15,6,1518.7,178,6,1518.7,3,4,4,11,Needs Attention,0.2871,Low Risk,1.0
15575,2010-03-30,2010-03-30,1,30.1,620,1,30.1,1,1,1,3,Hibernating / Churned,0.8666,High Risk,1.0
15576,2011-11-02,2011-11-02,1,940.67,38,1,940.67,4,2,3,9,New / Promising,,Not Scored (Recent),
15577,2009-12-13,2011-07-11,5,397.98,152,5,397.98,3,4,2,9,Needs Attention,0.5674,Medium Risk,1.0
15578,2011-06-30,2011-06-30,1,127.10000000000001,163,1,127.10000000000001,3,1,1,5,Needs Attention,0.6562,Medium Risk,1.0
15579,2010-10-03,2011-10-02,5,1302.5,69,5,1302.5,3,4,4,11,Needs Attention,0.5483,Medium Risk,0.0
15580,2010-02-07,2010-11-28,8,1381.19,377,8,1381.19,2,4,4,10,At Risk (High Value),0.4713,Medium Risk,1.0
15581,2009-12-02,2011-08-11,38,7794.59,121,38,7794.59,3,5,5,13,Needs Attention,0.0876,Low Risk,1.0
15582,2011-05-03,2011-11-15,3,682.91,25,3,682.91,4,3,3,10,Loyal Users,0.365,Low Risk,0.0
15583,2010-11-28,2010-11-28,1,107.86,377,1,107.86,2,1,1,4,Hibernating / Churned,0.8122,High Risk,1.0
15584,2010-02-07,2011-11-16,6,1277.5,24,6,1277.5,4,4,4,12,Champions,0.4651,Medium Risk,0.0
15585,2011-06-16,2011-06-16,1,455.3,177,1,455.3,3,2,2,7,Needs Attention,0.5104,Medium Risk,1.0
15586,2010-01-08,2010-04-26,3,1139.1,593,3,1139.1,1,3,3,7,Hibernating / Churned,0.7491,High Risk,1.0
15587,2010-08-05,2011-10-20,7,1522.08,51,7,1522.08,4,4,4,12,Champions,0.423,Medium Risk,0.0
15588,2010-01-31,2010-01-31,1,579.6,678,1,579.6,1,2,2,5,Hibernating / Churned,0.8003,High Risk,1.0
15589,2011-02-02,2011-03-29,3,478.53,256,3,478.53,2,3,2,7,At Risk (High Value),0.5397,Medium Risk,1.0
15590,2010-04-12,2010-11-22,5,1496.6,383,5,1496.6,2,4,4,10,At Risk (High Value),0.553,Medium Risk,1.0
15591,2010-02-04,2010-05-06,3,217.9,583,3,217.9,1,3,1,5,Hibernating / Churned,0.834,High Risk,1.0
15592,2011-10-24,2011-10-24,1,388.58,47,1,388.58,4,2,2,8,New / Promising,,Not Scored (Recent),
15593,2011-09-30,2011-09-30,1,199.8,71,1,199.8,3,1,1,5,Needs Attention,,Not Scored (Recent),
15594,2011-04-19,2011-11-24,5,1771.78,16,5,1771.78,5,4,4,13,Champions,0.4293,Medium Risk,0.0
15595,2010-08-09,2010-08-09,1,357.59999999999997,488,1,357.59999999999997,1,1,2,4,Hibernating / Churned,0.8352,High Risk,1.0
15596,2010-07-28,2011-08-31,9,3130.04,101,9,3130.04,3,5,5,13,Needs Attention,0.1445,Low Risk,1.0
15597,2010-05-13,2011-11-04,2,563.37,36,2,563.37,4,2,2,8,New / Promising,0.8272,High Risk,0.0
15598,2010-10-08,2011-10-17,2,548.02,54,2,548.02,4,2,2,8,New / Promising,0.7554,High Risk,0.0
15599,2010-09-20,2011-11-13,3,1250.06,27,3,1250.06,4,3,4,11,Loyal Users,0.4539,Medium Risk,0.0
15600,2010-04-25,2010-10-07,4,1199.31,429,4,1199.31,1,3,3,7,Hibernating / Churned,0.6629,Medium Risk,1.0
15601,2009-12-01,2011-11-28,30,14960.12,12,30,14960.12,5,5,5,15,Champions,0.0351,Low Risk,0.0
15602,2009-12-02,2011-12-01,16,3230.5099999999998,9,16,3230.5099999999998,5,5,5,15,Champions,0.1647,Low Risk,0.0
15603,2010-03-01,2011-09-22,2,88.48,79,2,88.48,3,2,1,6,Needs Attention,0.875,High Risk,0.0
15604,2011-10-18,2011-10-18,1,216.39,53,1,216.39,4,1,1,6,New / Promising,,Not Scored (Recent),
15605,2010-01-14,2011-11-03,9,1936.8,37,9,1936.8,4,5,4,13,Champions,0.4062,Medium Risk,0.0
15606,2010-03-02,2011-10-09,17,5230.99,62,17,5230.99,3,5,5,13,Needs Attention,0.082,Low Risk,0.0
15607,2010-01-08,2011-01-07,9,1708.97,337,9,1708.97,2,5,4,11,At Risk (High Value),0.3824,Low Risk,1.0
15608,2010-10-20,2011-11-11,5,1785.98,29,5,1785.98,4,4,4,12,Champions,0.4189,Medium Risk,0.0
15609,2011-06-08,2011-06-08,1,298.48,185,1,298.48,3,1,2,6,Needs Attention,0.6227,Medium Risk,1.0
15610,2011-10-19,2011-10-19,1,112.46000000000001,52,1,112.46000000000001,4,1,1,6,New / Promising,,Not Scored (Recent),
15611,2010-01-25,2011-11-30,26,2997.28,10,26,2997.28,5,5,5,15,Champions,0.0735,Low Risk,0.0
15612,2011-10-09,2011-11-03,2,195.15,37,2,195.15,4,2,1,7,New / Promising,,Not Scored (Recent),
15613,2010-04-08,2010-04-08,1,433.71999999999997,611,1,433.71999999999997,1,2,2,5,Hibernating / Churned,0.8052,High Risk,1.0
15614,2010-03-23,2010-09-28,4,3147.36,438,4,3147.36,1,4,5,10,Hibernating / Churned,0.5834,Medium Risk,1.0
15615,2009-12-02,2011-11-29,47,21373.97,11,47,21373.97,5,5,5,15,Champions,0.0197,Low Risk,0.0
15616,2010-09-27,2010-09-27,1,317.11,439,1,317.11,1,1,2,4,Hibernating / Churned,0.7552,High Risk,1.0
15617,2010-07-20,2010-11-08,3,828.55,397,3,828.55,2,3,3,8,At Risk (High Value),0.6136,Medium Risk,1.0
15618,2011-07-26,2011-11-07,4,776.85,33,4,776.85,4,3,3,10,Loyal Users,0.4117,Medium Risk,0.0
15619,2011-11-29,2011-11-29,1,336.4,11,1,336.4,5,1,2,8,New / Promising,,Not Scored (Recent),
15620,2010-10-26,2011-10-14,4,1942.36,57,4,1942.36,4,4,4,12,Champions,0.4753,Medium Risk,0.0
15621,2011-11-18,2011-12-05,4,1293.03,5,4,1293.03,5,4,4,13,Champions,,Not Scored (Recent),
15622,2010-03-04,2011-10-27,17,7852.61,44,17,7852.61,4,5,5,14,Champions,0.1827,Low Risk,0.0
15623,2009-12-10,2011-07-21,8,2437.05,142,8,2437.05,3,4,4,11,Needs Attention,0.2412,Low Risk,1.0
15624,2011-03-28,2011-08-15,4,588.13,117,4,588.13,3,3,2,8,Needs Attention,0.3423,Low Risk,1.0
15625,2010-06-15,2011-08-28,9,3236.4,104,9,3236.4,3,5,5,13,Needs Attention,0.1498,Low Risk,1.0
15626,2010-10-14,2011-09-26,3,1067.52,75,3,1067.52,3,3,3,9,Needs Attention,0.5808,Medium Risk,0.0
15627,2010-07-05,2010-09-08,2,566.9,458,2,566.9,1,2,2,5,Hibernating / Churned,0.7458,High Risk,1.0
15628,2009-12-13,2011-12-05,17,5652.26,5,17,5652.26,5,5,5,15,Champions,0.0878,Low Risk,0.0
15629,2010-06-25,2010-09-15,4,2240.9,451,4,2240.9,1,4,4,9,Hibernating / Churned,0.6159,Medium Risk,1.0
15630,2010-03-05,2011-10-25,3,1481.4,46,3,1481.4,4,3,4,11,Loyal Users,0.6799,Medium Risk,0.0
15631,2010-03-07,2010-03-07,1,596.67,643,1,596.67,1,2,2,5,Hibernating / Churned,0.7405,High Risk,1.0
15632,2011-03-10,2011-11-24,8,3285.31,16,8,3285.31,5,4,5,14,Champions,0.1927,Low Risk,0.0
15633,2009-12-08,2010-07-18,13,4352.46,510,13,4352.46,1,5,5,11,Hibernating / Churned,0.6739,Medium Risk,1.0
15634,2010-11-21,2011-11-22,2,554.65,18,2,554.65,5,2,2,9,New / Promising,0.7506,High Risk,0.0
15635,2010-11-09,2010-11-09,1,100.35,396,1,100.35,2,1,1,4,Hibernating / Churned,0.8387,High Risk,1.0
15636,2010-05-19,2011-09-11,4,1444.58,90,4,1444.58,3,4,4,11,Needs Attention,0.5569,Medium Risk,0.0
15637,2009-12-15,2011-10-18,5,797.59,53,5,797.59,4,4,3,11,Loyal Users,0.5853,Medium Risk,0.0
15638,2010-04-08,2010-11-26,6,2265.2,379,6,2265.2,2,4,4,10,At Risk (High Value),0.5058,Medium Risk,1.0
15639,2010-04-13,2011-07-28,3,1065.08,135,3,1065.08,3,3,3,9,Needs Attention,0.5232,Medium Risk,1.0
15640,2009-12-14,2011-12-05,29,23957.579999999998,5,29,23957.579999999998,5,5,5,15,Champions,0.0356,Low Risk,0.0
15641,2009-12-06,2011-08-26,12,5345.55,106,12,5345.55,3,5,5,13,Needs Attention,0.129,Low Risk,1.0
15642,2009-12-10,2009-12-10,1,105.77999999999999,730,1,105.77999999999999,1,1,1,3,Hibernating / Churned,0.8609,High Risk,1.0
15643,2011-03-02,2011-06-01,3,664.0,192,3,664.0,2,3,3,8,At Risk (High Value),0.3923,Low Risk,1.0
15644,2011-03-23,2011-06-26,4,813.0,167,4,813.0,3,3,3,9,Needs Attention,0.3071,Low Risk,1.0
15645,2010-10-10,2011-11-21,3,1055.17,19,3,1055.17,5,3,3,11,Loyal Users,0.6651,Medium Risk,0.0
15646,2010-10-25,2011-07-05,5,974.61,158,5,974.61,3,4,3,10,Needs Attention,0.3393,Low Risk,1.0
15647,2010-10-20,2010-10-20,1,169.0,416,1,169.0,1,1,1,3,Hibernating / Churned,0.8115,High Risk,1.0
15648,2011-03-17,2011-05-19,2,657.35,205,2,657.35,2,2,3,7,At Risk (High Value),0.4043,Medium Risk,1.0
15649,2010-11-17,2011-01-07,4,2170.35,337,4,2170.35,2,4,4,10,At Risk (High Value),0.5662,Medium Risk,1.0
15650,2010-03-21,2010-07-06,2,553.88,522,2,553.88,1,2,2,5,Hibernating / Churned,0.7525,High Risk,1.0
15651,2010-04-22,2011-11-03,5,1259.06,37,5,1259.06,4,4,4,12,Champions,0.549,Medium Risk,0.0
15652,2010-08-11,2011-09-09,5,1420.34,92,5,1420.34,3,4,4,11,Needs Attention,0.5885,Medium Risk,0.0
15653,2011-08-16,2011-09-08,2,877.44,93,2,877.44,3,3,3,9,Needs Attention,0.4296,Medium Risk,1.0
15654,2011-11-13,2011-11-30,2,922.53,10,2,922.53,5,3,3,11,Loyal Users,,Not Scored (Recent),
15655,2011-04-10,2011-04-10,1,560.67,244,1,560.67,2,2,2,6,Hibernating / Churned,0.6485,Medium Risk,1.0
15656,2011-02-28,2011-10-25,4,748.5,46,4,748.5,4,3,3,10,Loyal Users,0.3532,Low Risk,0.0
15657,2011-11-17,2011-11-17,1,30.0,23,1,30.0,4,1,1,6,New / Promising,,Not Scored (Recent),
15658,2009-12-03,2011-06-02,8,2423.47,191,8,2423.47,2,4,4,10,At Risk (High Value),0.2333,Low Risk,1.0
15659,2010-02-24,2011-10-27,3,532.49,44,3,532.49,4,3,2,9,Loyal Users,0.7157,High Risk,0.0
15660,2010-02-05,2011-11-14,15,2812.99,26,15,2812.99,4,5,4,13,Champions,0.1817,Low Risk,0.0
15661,2010-05-10,2011-01-26,8,1215.95,318,8,1215.95,2,4,3,9,At Risk (High Value),0.5535,Medium Risk,1.0
15662,2009-12-01,2010-02-16,2,283.73,662,2,283.73,1,2,1,4,Hibernating / Churned,0.826,High Risk,1.0
15663,2011-08-25,2011-08-25,1,138.14,107,1,138.14,3,1,1,5,Needs Attention,0.5606,Medium Risk,1.0
15664,2010-02-28,2011-10-20,4,1254.03,51,4,1254.03,4,3,4,11,Loyal Users,0.6108,Medium Risk,0.0
15665,2010-03-14,2011-06-24,5,4015.12,169,5,4015.12,3,4,5,12,Needs Attention,0.3054,Low Risk,1.0
15666,2010-08-01,2010-08-24,2,632.9399999999999,473,2,632.9399999999999,1,2,3,6,Hibernating / Churned,0.6968,Medium Risk,1.0
15667,2011-10-31,2011-10-31,1,301.32,40,1,301.32,4,1,2,7,New / Promising,,Not Scored (Recent),
15668,2011-05-06,2011-05-06,1,76.32,218,1,76.32,2,1,1,4,Hibernating / Churned,0.8311,High Risk,1.0
15669,2011-03-21,2011-10-30,4,684.34,41,4,684.34,4,3,3,10,Loyal Users,0.3598,Low Risk,0.0
15670,2010-06-01,2011-02-16,2,325.2,297,2,325.2,2,2,2,6,Hibernating / Churned,0.7138,High Risk,1.0
15671,2011-03-14,2011-11-21,7,2657.13,19,7,2657.13,5,4,4,13,Champions,0.2582,Low Risk,0.0
15672,2009-12-14,2009-12-14,1,45.3,726,1,45.3,1,1,1,3,Hibernating / Churned,0.8849,High Risk,1.0
15673,2010-02-22,2011-09-12,9,6414.79,89,9,6414.79,3,5,5,13,Needs Attention,0.155,Low Risk,0.0
15674,2009-12-08,2011-09-27,13,6948.23,74,13,6948.23,3,5,5,13,Needs Attention,0.2391,Low Risk,0.0
15675,2010-10-31,2011-09-19,4,542.04,82,4,542.04,3,3,2,8,Needs Attention,0.3995,Low Risk,0.0
15676,2011-03-01,2011-11-21,3,3435.7599999999998,19,3,3435.7599999999998,5,3,5,13,Loyal Users,0.6834,Medium Risk,0.0
15677,2010-09-02,2011-10-21,3,1305.6299999999999,50,3,1305.6299999999999,4,3,4,11,Loyal Users,0.6394,Medium Risk,0.0
15678,2010-07-05,2011-10-18,3,1893.89,53,3,1893.89,4,3,4,11,Loyal Users,0.6304,Medium Risk,0.0
15679,2011-06-10,2011-11-15,4,781.28,25,4,781.28,4,3,3,10,Loyal Users,0.3892,Low Risk,0.0
15680,2009-12-02,2011-11-30,10,4507.58,10,10,4507.58,5,5,5,15,Champions,0.3044,Low Risk,0.0
15681,2010-05-24,2011-11-14,14,2989.7,26,14,2989.7,4,5,5,14,Champions,0.1669,Low Risk,0.0
15682,2010-01-21,2010-04-19,2,318.24,600,2,318.24,1,2,2,5,Hibernating / Churned,0.8412,High Risk,1.0
15683,2010-08-23,2011-08-14,2,524.54,118,2,524.54,3,2,2,7,Needs Attention,0.602,Medium Risk,1.0
15684,2009-12-04,2010-06-10,3,173.95,548,3,173.95,1,3,1,5,Hibernating / Churned,0.807,High Risk,1.0
15685,2010-09-15,2010-09-15,1,55.98,451,1,55.98,1,1,1,3,Hibernating / Churned,0.817,High Risk,1.0
15686,2010-10-15,2010-10-15,1,90.0,421,1,90.0,1,1,1,3,Hibernating / Churned,0.848,High Risk,1.0
15687,2011-01-13,2011-12-01,9,2993.1,9,9,2993.1,5,5,5,15,Champions,0.269,Low Risk,0.0
15688,2010-10-17,2010-10-17,1,190.57,419,1,190.57,1,1,1,3,Hibernating / Churned,0.7794,High Risk,1.0
15689,2010-04-01,2011-08-12,3,521.03,120,3,521.03,3,3,2,8,Needs Attention,0.4981,Medium Risk,1.0
15690,2011-08-31,2011-12-05,2,239.76,5,2,239.76,5,2,1,8,New / Promising,0.5709,Medium Risk,0.0
15691,2009-12-06,2011-04-01,4,571.3,253,4,571.3,2,3,2,7,At Risk (High Value),0.5561,Medium Risk,1.0
15692,2011-11-11,2011-11-11,1,191.04,29,1,191.04,4,1,1,6,New / Promising,,Not Scored (Recent),
15693,2010-02-18,2010-02-18,1,37.5,660,1,37.5,1,1,1,3,Hibernating / Churned,0.8751,High Risk,1.0
15694,2009-12-07,2011-12-09,24,10810.81,1,24,10810.81,5,5,5,15,Champions,0.132,Low Risk,0.0
15695,2010-01-27,2011-03-18,4,1131.04,267,4,1131.04,2,3,3,8,At Risk (High Value),0.5615,Medium Risk,1.0
15696,2010-01-24,2011-11-06,13,3906.57,34,13,3906.57,4,5,5,14,Champions,0.2705,Low Risk,0.0
15697,2010-01-19,2010-01-19,1,246.75,690,1,246.75,1,1,1,3,Hibernating / Churned,0.8316,High Risk,1.0
15698,2010-03-25,2010-03-25,1,46.2,625,1,46.2,1,1,1,3,Hibernating / Churned,0.8656,High Risk,1.0
15699,2011-11-22,2011-11-22,1,309.65,18,1,309.65,5,1,2,8,New / Promising,,Not Scored (Recent),
15700,2011-06-19,2011-06-20,2,696.6800000000001,173,2,696.6800000000001,3,2,3,8,Needs Attention,0.5036,Medium Risk,1.0
15701,2011-08-21,2011-12-07,4,1542.14,3,4,1542.14,5,4,4,13,Champions,0.4313,Medium Risk,0.0
15702,2010-01-26,2010-08-20,2,140.39,477,2,140.39,1,2,1,4,Hibernating / Churned,0.7817,High Risk,1.0
15703,2011-03-20,2011-03-20,1,211.5,265,1,211.5,2,1,1,4,Hibernating / Churned,0.7803,High Risk,1.0
15704,2010-05-05,2011-07-22,6,3817.96,141,6,3817.96,3,4,5,12,Needs Attention,0.2925,Low Risk,1.0
15705,2011-05-22,2011-05-22,1,143.1,202,1,143.1,2,1,1,4,Hibernating / Churned,0.7137,High Risk,1.0
15706,2011-08-15,2011-10-07,4,1060.56,64,4,1060.56,3,3,3,9,Needs Attention,0.4346,Medium Risk,0.0
15707,2011-09-14,2011-11-04,4,945.58,36,4,945.58,4,3,3,10,Loyal Users,,Not Scored (Recent),
15708,2010-10-10,2011-10-30,9,4378.72,41,9,4378.72,4,5,5,14,Champions,0.124,Low Risk,0.0
15709,2010-04-29,2011-03-01,2,327.85,284,2,327.85,2,2,2,6,Hibernating / Churned,0.6717,Medium Risk,1.0
15710,2010-10-18,2010-10-18,1,898.87,418,1,898.87,1,2,3,6,Hibernating / Churned,0.6831,Medium Risk,1.0
15711,2010-01-24,2010-06-01,2,420.25,557,2,420.25,1,2,2,5,Hibernating / Churned,0.829,High Risk,1.0
15712,2009-12-01,2011-11-30,12,3472.41,10,12,3472.41,5,5,5,15,Champions,0.1037,Low Risk,0.0
15713,2009-12-16,2011-07-19,4,1010.79,144,4,1010.79,3,3,3,9,Needs Attention,0.502,Medium Risk,1.0
15714,2010-06-02,2011-11-28,5,784.81,12,5,784.81,5,4,3,12,Loyal Users,0.6913,Medium Risk,0.0
15715,2010-03-30,2010-06-02,5,658.02,556,5,658.02,1,4,3,8,Hibernating / Churned,0.7158,High Risk,1.0
15716,2009-12-07,2011-07-17,11,3056.81,146,11,3056.81,3,5,5,13,Needs Attention,0.1235,Low Risk,1.0
15717,2010-04-26,2011-04-19,5,607.0,235,5,607.0,2,4,2,8,At Risk (High Value),0.5077,Medium Risk,1.0
15718,2010-06-17,2010-06-17,1,293.79,541,1,293.79,1,1,2,4,Hibernating / Churned,0.8145,High Risk,1.0
15719,2009-12-01,2011-11-07,31,10223.06,33,31,10223.06,4,5,5,14,Champions,0.0239,Low Risk,0.0
15720,2010-06-07,2011-11-15,2,741.92,25,2,741.92,4,2,3,9,New / Promising,0.8239,High Risk,0.0
15721,2011-11-28,2011-11-28,1,507.08,12,1,507.08,5,2,2,9,New / Promising,,Not Scored (Recent),
15722,2010-03-09,2011-11-04,11,5258.1,36,11,5258.1,4,5,5,14,Champions,0.1474,Low Risk,0.0
15723,2010-05-14,2010-12-10,4,947.65,365,4,947.65,2,3,3,8,At Risk (High Value),0.5553,Medium Risk,1.0
15724,2010-11-04,2011-05-22,3,310.85,202,3,310.85,2,3,2,7,At Risk (High Value),0.4907,Medium Risk,1.0
15725,2011-11-24,2011-11-24,1,415.25,16,1,415.25,5,2,2,9,New / Promising,,Not Scored (Recent),
15726,2010-11-14,2010-11-14,1,321.91,391,1,321.91,2,1,2,5,Hibernating / Churned,0.7584,High Risk,1.0
15727,2010-01-24,2011-11-23,15,9445.51,17,15,9445.51,5,5,5,15,Champions,0.0959,Low Risk,0.0
15728,2010-09-21,2010-11-25,2,544.6,380,2,544.6,2,2,2,6,Hibernating / Churned,0.6093,Medium Risk,1.0
15729,2010-11-01,2011-05-11,3,192.55,213,3,192.55,2,3,1,6,At Risk (High Value),0.5544,Medium Risk,1.0
15730,2010-10-04,2011-10-05,5,1726.58,66,5,1726.58,3,4,4,11,Needs Attention,0.4002,Medium Risk,0.0
15731,2010-06-04,2010-06-04,1,125.3,554,1,125.3,1,1,1,3,Hibernating / Churned,0.8604,High Risk,1.0
15732,2010-02-04,2011-05-11,10,1682.07,213,10,1682.07,2,5,4,11,At Risk (High Value),0.2908,Low Risk,1.0
15733,2011-03-02,2011-03-02,1,162.3,283,1,162.3,2,1,1,4,Hibernating / Churned,0.8016,High Risk,1.0
15734,2010-06-10,2011-08-17,4,2263.3,115,4,2263.3,3,4,4,11,Needs Attention,0.4869,Medium Risk,1.0
15735,2010-10-14,2010-10-14,1,327.68,422,1,327.68,1,1,2,4,Hibernating / Churned,0.7339,High Risk,1.0
15736,2010-09-30,2010-09-30,2,1815.72,436,2,1815.72,1,3,4,8,Hibernating / Churned,0.6656,Medium Risk,1.0
15737,2011-04-11,2011-11-25,8,1205.12,15,8,1205.12,5,4,3,12,Loyal Users,0.2982,Low Risk,0.0
15738,2009-12-10,2011-11-21,41,13372.97,19,41,13372.97,5,5,5,15,Champions,0.0195,Low Risk,0.0
15739,2011-10-04,2011-10-04,1,449.12,67,1,449.12,3,2,2,7,Needs Attention,,Not Scored (Recent),
15740,2011-10-21,2011-10-21,1,154.88,50,1,154.88,4,1,1,6,New / Promising,,Not Scored (Recent),
15741,2010-03-31,2010-09-07,2,208.62,459,2,208.62,1,2,1,4,Hibernating / Churned,0.7871,High Risk,1.0
15742,2010-03-30,2010-03-30,1,156.87,620,1,156.87,1,1,1,3,Hibernating / Churned,0.8259,High Risk,1.0
15743,2011-06-08,2011-11-23,4,784.46,17,4,784.46,5,3,3,11,Loyal Users,0.335,Low Risk,0.0
15744,2011-09-23,2011-09-23,1,34.8,78,1,34.8,3,1,1,5,Needs Attention,,Not Scored (Recent),
15745,2011-04-17,2011-11-20,4,1094.59,20,4,1094.59,4,3,3,10,Loyal Users,0.6993,Medium Risk,0.0
15746,2011-07-28,2011-07-28,1,196.88,135,1,196.88,3,1,1,5,Needs Attention,0.6015,Medium Risk,1.0
15747,2010-01-18,2011-11-27,9,2562.61,13,9,2562.61,5,5,4,14,Champions,0.2741,Low Risk,0.0
15748,2010-09-16,2011-10-30,3,614.76,41,3,614.76,4,3,2,9,Loyal Users,0.7113,High Risk,0.0
15749,2011-01-11,2011-04-18,3,44534.3,236,3,44534.3,2,3,5,10,At Risk (High Value),0.5299,Medium Risk,1.0
15750,2009-12-01,2011-12-07,18,6797.19,3,18,6797.19,5,5,5,15,Champions,0.1318,Low Risk,0.0
15751,2009-12-06,2010-09-05,11,1380.44,461,11,1380.44,1,5,4,10,Hibernating / Churned,0.595,Medium Risk,1.0
15752,2010-09-08,2011-10-31,9,4207.54,40,9,4207.54,4,5,5,14,Champions,0.1216,Low Risk,0.0
15753,2011-02-08,2011-02-08,1,79.2,305,1,79.2,2,1,1,4,Hibernating / Churned,0.8525,High Risk,1.0
15754,2010-02-22,2011-10-19,9,3037.61,52,9,3037.61,4,5,5,14,Champions,0.2885,Low Risk,0.0
15755,2009-12-04,2011-11-29,17,5993.12,11,17,5993.12,5,5,5,15,Champions,0.091,Low Risk,0.0
15756,2011-04-04,2011-10-09,4,532.96,62,4,532.96,3,3,2,8,Needs Attention,0.357,Low Risk,0.0
15757,2010-06-10,2011-10-05,6,2940.36,66,6,2940.36,3,4,4,11,Needs Attention,0.3416,Low Risk,0.0
15758,2011-11-15,2011-11-15,1,205.25,25,1,205.25,4,1,1,6,New / Promising,,Not Scored (Recent),
15759,2009-12-02,2011-05-05,7,830.93,219,7,830.93,2,4,3,9,At Risk (High Value),0.473,Medium Risk,1.0
15760,2010-03-19,2010-03-19,2,13916.34,631,2,13916.34,1,3,5,9,Hibernating / Churned,0.8095,High Risk,1.0
15761,2010-09-23,2010-09-23,1,143.04999999999998,443,1,143.04999999999998,1,1,1,3,Hibernating / Churned,0.7991,High Risk,1.0
15762,2011-09-23,2011-10-05,2,583.75,66,2,583.75,3,2,2,7,Needs Attention,,Not Scored (Recent),
15763,2011-09-23,2011-11-08,2,1086.92,32,2,1086.92,4,3,3,10,Loyal Users,,Not Scored (Recent),
15764,2010-08-18,2011-09-12,8,4503.08,89,8,4503.08,3,5,5,13,Needs Attention,0.1613,Low Risk,0.0
15765,2010-02-11,2010-02-11,1,370.63,667,1,370.63,1,2,2,5,Hibernating / Churned,0.8618,High Risk,1.0
15766,2010-01-26,2011-10-06,3,831.0600000000001,65,3,831.0600000000001,3,3,3,9,Needs Attention,0.7075,High Risk,0.0
15768,2009-12-03,2011-08-16,34,15601.09,116,34,15601.09,3,5,5,13,Needs Attention,0.1703,Low Risk,1.0
15769,2009-12-11,2011-12-02,46,88704.32,8,46,88704.32,5,5,5,15,Champions,0.0326,Low Risk,0.0
15770,2010-04-06,2010-04-06,1,321.45,613,1,321.45,1,1,2,4,Hibernating / Churned,0.8095,High Risk,1.0
15771,2010-01-15,2010-04-14,3,1006.54,605,3,1006.54,1,3,3,7,Hibernating / Churned,0.7526,High Risk,1.0
15772,2010-10-17,2010-10-17,1,280.88,419,1,280.88,1,1,1,3,Hibernating / Churned,0.7231,High Risk,1.0
15773,2010-10-26,2011-12-04,2,774.52,6,2,774.52,5,2,3,10,New / Promising,0.7832,High Risk,0.0
15774,2010-02-21,2011-10-02,6,1329.94,69,6,1329.94,3,4,4,11,Needs Attention,0.6002,Medium Risk,0.0
15775,2010-03-18,2011-04-08,2,150.5,246,2,150.5,2,2,1,5,Hibernating / Churned,0.7428,High Risk,1.0
15776,2011-07-29,2011-07-29,1,241.62,134,1,241.62,3,1,1,5,Needs Attention,0.4915,Medium Risk,1.0
15777,2010-05-20,2011-04-12,7,1762.61,242,7,1762.61,2,4,4,10,At Risk (High Value),0.3638,Low Risk,1.0
15778,2010-10-04,2010-10-04,1,307.95,432,1,307.95,1,1,2,4,Hibernating / Churned,0.7411,High Risk,1.0
15779,2010-06-25,2010-09-02,2,124.08,464,2,124.08,1,2,1,4,Hibernating / Churned,0.84,High Risk,1.0
15780,2010-12-17,2011-06-09,3,475.28000000000003,184,3,475.28000000000003,3,3,2,8,Needs Attention,0.408,Medium Risk,1.0
15781,2011-02-07,2011-11-14,3,345.46,26,3,345.46,4,3,2,9,Loyal Users,0.4896,Medium Risk,0.0
15782,2010-10-05,2011-11-30,4,4014.1,10,4,4014.1,5,4,5,14,Champions,0.748,High Risk,0.0
15783,2011-11-29,2011-11-29,1,246.29999999999998,11,1,246.29999999999998,5,1,1,7,New / Promising,,Not Scored (Recent),
15784,2010-02-05,2010-08-29,2,848.33,468,2,848.33,1,3,3,7,Hibernating / Churned,0.7371,High Risk,1.0
15785,2009-12-15,2011-11-07,16,5969.93,33,16,5969.93,4,5,5,14,Champions,0.097,Low Risk,0.0
15786,2010-06-21,2011-10-24,5,8514.82,47,5,8514.82,4,4,5,13,Champions,0.4379,Medium Risk,0.0
15787,2011-10-09,2011-11-13,3,948.05,27,3,948.05,4,3,3,10,Loyal Users,,Not Scored (Recent),
15788,2010-07-19,2010-07-19,1,221.82999999999998,509,1,221.82999999999998,1,1,1,3,Hibernating / Churned,0.8298,High Risk,1.0
15789,2010-03-26,2010-12-16,6,1962.01,359,6,1962.01,2,4,4,10,At Risk (High Value),0.4436,Medium Risk,1.0
15790,2011-11-29,2011-11-29,1,220.85,11,1,220.85,5,1,1,7,New / Promising,,Not Scored (Recent),
15791,2010-03-08,2011-10-27,5,3608.34,44,5,3608.34,4,4,5,13,Champions,0.4518,Medium Risk,0.0
15792,2010-03-31,2010-11-05,2,933.84,400,2,933.84,2,3,3,8,At Risk (High Value),0.666,Medium Risk,1.0
15793,2009-12-01,2011-11-25,8,2399.57,15,8,2399.57,5,4,4,13,Champions,0.3937,Low Risk,0.0
15794,2009-12-02,2009-12-03,2,777.0,737,2,777.0,1,2,3,6,Hibernating / Churned,0.7848,High Risk,1.0
15795,2010-01-18,2011-07-13,8,1979.87,150,8,1979.87,3,4,4,11,Needs Attention,0.336,Low Risk,1.0
15796,2010-03-31,2011-12-08,17,5175.83,2,17,5175.83,5,5,5,15,Champions,0.0941,Low Risk,0.0
15797,2010-01-27,2011-08-18,6,2821.08,114,6,2821.08,3,4,4,11,Needs Attention,0.4175,Medium Risk,1.0
15798,2010-01-27,2010-08-04,3,1535.37,493,3,1535.37,1,3,4,8,Hibernating / Churned,0.7021,High Risk,1.0
15799,2010-10-17,2011-09-25,4,1424.29,76,4,1424.29,3,4,4,11,Needs Attention,0.3888,Low Risk,0.0
15800,2010-03-31,2011-08-24,7,1242.58,108,7,1242.58,3,4,3,10,Needs Attention,0.327,Low Risk,1.0
15801,2011-08-22,2011-10-24,3,1063.95,47,3,1063.95,4,3,3,10,Loyal Users,0.5608,Medium Risk,0.0
15802,2011-07-20,2011-07-20,1,451.42,143,1,451.42,3,2,2,7,Needs Attention,0.5991,Medium Risk,1.0
15803,2010-02-01,2011-10-19,4,1929.66,52,4,1929.66,4,4,4,12,Champions,0.6186,Medium Risk,0.0
15804,2011-05-25,2011-12-09,13,4206.39,1,13,4206.39,5,5,5,15,Champions,0.2017,Low Risk,0.0
15805,2009-12-10,2011-11-16,30,10189.23,24,30,10189.23,4,5,5,14,Champions,0.0316,Low Risk,0.0
15806,2011-03-08,2011-10-24,3,784.58,47,3,784.58,4,3,3,10,Loyal Users,0.4216,Medium Risk,0.0
15807,2010-02-11,2011-10-20,5,1817.52,51,5,1817.52,4,4,4,12,Champions,0.6612,Medium Risk,0.0
15808,2009-12-01,2011-02-06,21,18409.93,307,21,18409.93,2,5,5,12,At Risk (High Value),0.4119,Medium Risk,1.0
15809,2010-06-22,2011-11-03,7,1274.44,37,7,1274.44,4,4,4,12,Champions,0.3513,Low Risk,0.0
15810,2010-02-04,2011-09-22,8,2999.04,79,8,2999.04,3,4,5,12,Needs Attention,0.1986,Low Risk,0.0
15811,2010-11-16,2011-11-17,7,3890.52,23,7,3890.52,4,4,5,13,Champions,0.1746,Low Risk,0.0
15812,2009-12-15,2011-08-24,12,5201.47,108,12,5201.47,3,5,5,13,Needs Attention,0.1383,Low Risk,1.0
15813,2011-04-14,2011-05-16,2,1303.91,208,2,1303.91,2,3,4,9,At Risk (High Value),0.3787,Low Risk,1.0
15814,2010-04-15,2011-11-23,6,2634.44,17,6,2634.44,5,4,4,13,Champions,0.6411,Medium Risk,0.0
15815,2011-03-25,2011-10-07,5,2100.6,64,5,2100.6,3,4,4,11,Needs Attention,0.3188,Low Risk,0.0
15816,2010-06-15,2010-06-15,2,144.15,543,2,144.15,1,2,1,4,Hibernating / Churned,0.8336,High Risk,1.0
15817,2010-06-14,2010-10-15,3,2766.4,421,3,2766.4,1,3,4,8,Hibernating / Churned,0.6159,Medium Risk,1.0
15818,2010-04-30,2010-04-30,1,340.5,589,1,340.5,1,1,2,4,Hibernating / Churned,0.8406,High Risk,1.0
15819,2010-03-18,2011-10-21,10,3934.79,50,10,3934.79,4,5,5,14,Champions,0.1395,Low Risk,0.0
15820,2011-01-24,2011-01-24,1,206.98,320,1,206.98,2,1,1,4,Hibernating / Churned,0.7715,High Risk,1.0
15821,2011-10-09,2011-10-26,2,570.96,45,2,570.96,4,2,2,8,New / Promising,,Not Scored (Recent),
15822,2009-12-06,2011-12-06,6,1840.06,4,6,1840.06,5,4,4,13,Champions,0.4468,Medium Risk,0.0
15823,2009-12-08,2010-12-02,3,3897.17,373,3,3897.17,2,3,5,10,At Risk (High Value),0.6098,Medium Risk,1.0
15824,2010-06-25,2010-09-12,2,890.94,454,2,890.94,1,3,3,7,Hibernating / Churned,0.6709,Medium Risk,1.0
15825,2011-06-20,2011-06-20,1,532.94,173,1,532.94,3,2,2,7,Needs Attention,0.6031,Medium Risk,1.0
15826,2010-05-20,2011-10-14,4,2598.28,57,4,2598.28,4,4,4,12,Champions,0.5882,Medium Risk,0.0
15827,2010-01-08,2011-09-27,28,3794.0699999999997,74,28,3794.0699999999997,3,5,5,13,Needs Attention,0.0526,Low Risk,0.0
15828,2010-11-29,2010-11-29,1,1108.82,376,1,1108.82,2,2,3,7,At Risk (High Value),0.6883,Medium Risk,1.0
15829,2011-07-22,2011-09-01,2,636.14,100,2,636.14,3,2,3,8,Needs Attention,0.3288,Low Risk,1.0
15830,2011-11-02,2011-11-02,1,576.0,38,1,576.0,4,2,2,8,New / Promising,,Not Scored (Recent),
15831,2011-01-19,2011-10-12,3,801.76,59,3,801.76,4,3,3,10,Loyal Users,0.4364,Medium Risk,0.0
15832,2011-03-30,2011-03-30,1,836.79,255,1,836.79,2,2,3,7,At Risk (High Value),0.6644,Medium Risk,1.0
15833,2009-12-02,2009-12-02,1,80.4,738,1,80.4,1,1,1,3,Hibernating / Churned,0.885,High Risk,1.0
15834,2010-10-11,2011-09-30,7,3772.99,71,7,3772.99,3,4,5,12,Needs Attention,0.2119,Low Risk,0.0
15835,2011-01-13,2011-10-26,4,954.09,45,4,954.09,4,3,3,10,Loyal Users,0.3792,Low Risk,0.0
15836,2011-10-20,2011-10-20,1,137.37,51,1,137.37,4,1,1,6,New / Promising,,Not Scored (Recent),
15837,2010-08-11,2011-10-06,2,777.01,65,2,777.01,3,2,3,8,Needs Attention,0.823,High Risk,0.0
15838,2009-12-15,2011-11-28,34,74163.0,12,34,74163.0,5,5,5,15,Champions,0.0432,Low Risk,0.0
15839,2011-07-14,2011-11-06,3,1048.49,34,3,1048.49,4,3,3,10,Loyal Users,0.4716,Medium Risk,0.0
15840,2011-06-20,2011-10-12,2,355.56,59,2,355.56,3,2,2,7,Needs Attention,0.5606,Medium Risk,0.0
15841,2009-12-10,2011-09-28,9,2742.41,73,9,2742.41,3,5,4,12,Needs Attention,0.3396,Low Risk,0.0
15842,2010-06-30,2010-11-11,2,548.8,394,2,548.8,2,2,2,6,Hibernating / Churned,0.6353,Medium Risk,1.0
15843,2011-02-09,2011-02-09,1,118.95,304,1,118.95,2,1,1,4,Hibernating / Churned,0.825,High Risk,1.0
15844,2011-10-24,2011-10-24,1,130.73999999999998,47,1,130.73999999999998,4,1,1,6,New / Promising,,Not Scored (Recent),
15845,2010-01-26,2011-11-22,11,4426.28,18,11,4426.28,5,5,5,15,Champions,0.1897,Low Risk,0.0
15846,2010-11-19,2010-11-19,1,107.01,386,1,107.01,2,1,1,4,Hibernating / Churned,0.8139,High Risk,1.0
15847,2010-03-08,2011-11-01,5,822.5699999999999,39,5,822.5699999999999,4,4,3,11,Loyal Users,0.5372,Medium Risk,0.0
15848,2010-03-28,2010-03-28,1,139.94,622,1,139.94,1,1,1,3,Hibernating / Churned,0.8185,High Risk,1.0
15850,2009-12-13,2011-11-20,6,1058.72,20,6,1058.72,4,4,3,11,Loyal Users,0.426,Medium Risk,0.0
15851,2010-07-01,2010-07-01,1,109.72999999999999,527,1,109.72999999999999,1,1,1,3,Hibernating / Churned,0.8636,High Risk,1.0
15852,2010-07-01,2011-06-06,3,257.26,187,3,257.26,3,3,1,7,Needs Attention,0.5831,Medium Risk,1.0
15853,2011-10-19,2011-10-19,1,110.8,52,1,110.8,4,1,1,6,New / Promising,,Not Scored (Recent),
15854,2009-12-10,2011-12-05,21,5583.81,5,21,5583.81,5,5,5,15,Champions,0.0913,Low Risk,0.0
15855,2010-08-20,2011-07-26,6,1052.72,137,6,1052.72,3,4,3,10,Needs Attention,0.3711,Low Risk,1.0
15856,2009-12-03,2011-12-05,52,34220.34,5,52,34220.34,5,5,5,15,Champions,0.0183,Low Risk,0.0
15857,2010-10-05,2011-11-21,2,570.48,19,2,570.48,5,2,2,9,New / Promising,0.759,High Risk,0.0
15858,2009-12-10,2011-11-24,13,3960.37,16,13,3960.37,5,5,5,15,Champions,0.3124,Low Risk,0.0
15859,2010-10-03,2010-10-03,1,438.46,433,1,438.46,1,2,2,5,Hibernating / Churned,0.7388,High Risk,1.0
15860,2009-12-06,2011-10-30,17,2505.21,41,17,2505.21,4,5,4,13,Champions,0.1449,Low Risk,0.0
15861,2010-01-28,2011-11-27,12,4401.79,13,12,4401.79,5,5,5,15,Champions,0.2384,Low Risk,0.0
15862,2009-12-17,2011-12-01,13,2928.29,9,13,2928.29,5,5,4,14,Champions,0.1386,Low Risk,0.0
15863,2009-12-17,2011-11-14,5,358.7,26,5,358.7,4,4,2,10,Loyal Users,0.6325,Medium Risk,0.0
15864,2010-11-23,2011-11-17,7,2180.7599999999998,23,7,2180.7599999999998,4,4,4,12,Champions,0.4274,Medium Risk,0.0
15865,2010-01-05,2011-10-30,5,2248.92,41,5,2248.92,4,4,4,12,Champions,0.4947,Medium Risk,0.0
15866,2011-08-30,2011-08-30,1,230.53,102,1,230.53,3,1,1,5,Needs Attention,0.4845,Medium Risk,1.0
15867,2009-12-14,2011-12-04,31,9063.95,6,31,9063.95,5,5,5,15,Champions,0.0335,Low Risk,0.0
15868,2010-05-05,2010-05-05,1,94.53,584,1,94.53,1,1,1,3,Hibernating / Churned,0.8624,High Risk,1.0
15869,2010-03-23,2011-03-07,3,323.66,278,3,323.66,2,3,2,7,At Risk (High Value),0.685,Medium Risk,1.0
15870,2010-09-19,2011-11-07,4,862.61,33,4,862.61,4,3,3,10,Loyal Users,0.57,Medium Risk,0.0
15871,2010-09-28,2010-09-28,1,33.1,438,1,33.1,1,1,1,3,Hibernating / Churned,0.8238,High Risk,1.0
15872,2010-06-07,2011-11-25,4,795.68,15,4,795.68,5,3,3,11,Loyal Users,0.6192,Medium Risk,0.0
15873,2010-07-27,2010-07-28,4,313.92,500,4,313.92,1,3,2,6,Hibernating / Churned,0.8142,High Risk,1.0
15874,2010-01-07,2011-10-07,21,11284.76,64,21,11284.76,3,5,5,13,Needs Attention,0.0956,Low Risk,0.0
15875,2010-03-03,2010-03-03,1,111.72,647,1,111.72,1,1,1,3,Hibernating / Churned,0.8548,High Risk,1.0
15876,2010-09-17,2010-10-26,2,1449.14,410,2,1449.14,2,3,4,9,At Risk (High Value),0.6446,Medium Risk,1.0
15877,2011-11-22,2011-12-08,2,493.28000000000003,2,2,493.28000000000003,5,2,2,9,New / Promising,,Not Scored (Recent),
15878,2009-12-06,2010-05-27,2,330.77,562,2,330.77,1,2,2,5,Hibernating / Churned,0.7985,High Risk,1.0
15879,2009-12-17,2010-10-31,4,1157.3,405,4,1157.3,2,3,3,8,At Risk (High Value),0.4963,Medium Risk,1.0
15880,2010-12-05,2010-12-05,1,686.56,370,1,686.56,2,2,3,7,At Risk (High Value),0.6184,Medium Risk,1.0
15881,2010-12-10,2011-01-31,5,501.39,313,5,501.39,2,4,2,8,At Risk (High Value),0.611,Medium Risk,1.0
15882,2009-12-10,2011-05-25,8,1495.98,199,8,1495.98,2,4,4,10,At Risk (High Value),0.3207,Low Risk,1.0
15883,2011-11-06,2011-12-07,2,396.48,3,2,396.48,5,2,2,9,New / Promising,,Not Scored (Recent),
15884,2009-12-03,2010-10-03,2,249.7,433,2,249.7,1,2,1,4,Hibernating / Churned,0.6915,Medium Risk,1.0
15885,2010-01-21,2011-09-08,15,1951.82,93,15,1951.82,3,5,4,12,Needs Attention,0.2717,Low Risk,1.0
15886,2010-04-20,2011-10-10,4,1052.87,61,4,1052.87,3,3,3,9,Needs Attention,0.6115,Medium Risk,0.0
15887,2010-06-02,2010-10-29,3,1027.15,407,3,1027.15,2,3,3,8,At Risk (High Value),0.6124,Medium Risk,1.0
15888,2010-07-01,2011-09-20,3,429.15999999999997,81,3,429.15999999999997,3,3,2,8,Needs Attention,0.6904,Medium Risk,0.0
15889,2009-12-10,2011-07-06,8,1806.28,157,8,1806.28,3,4,4,11,Needs Attention,0.3399,Low Risk,1.0
15890,2010-04-14,2010-11-10,5,535.65,395,5,535.65,2,4,2,8,At Risk (High Value),0.6519,Medium Risk,1.0
15891,2011-04-27,2011-04-27,1,524.52,227,1,524.52,2,2,2,6,Hibernating / Churned,0.6416,Medium Risk,1.0
15892,2010-02-08,2010-02-08,1,128.2,670,1,128.2,1,1,1,3,Hibernating / Churned,0.8431,High Risk,1.0
15893,2010-08-15,2010-08-15,1,305.28,482,1,305.28,1,1,2,4,Hibernating / Churned,0.827,High Risk,1.0
15894,2010-12-05,2011-03-31,2,420.29,254,2,420.29,2,2,2,6,Hibernating / Churned,0.5638,Medium Risk,1.0
15895,2011-07-13,2011-07-13,1,179.17,150,1,179.17,3,1,1,5,Needs Attention,0.6094,Medium Risk,1.0
15897,2011-05-29,2011-05-29,2,222.05,195,2,222.05,2,2,1,5,Hibernating / Churned,0.6081,Medium Risk,1.0
15898,2009-12-11,2011-12-08,25,5596.31,2,25,5596.31,5,5,5,15,Champions,0.2721,Low Risk,0.0
15899,2010-12-06,2010-12-06,1,112.5,369,1,112.5,2,1,1,4,Hibernating / Churned,0.8282,High Risk,1.0
15900,2010-05-26,2011-11-16,4,900.4,24,4,900.4,4,3,3,10,Loyal Users,0.5491,Medium Risk,0.0
15901,2010-06-14,2011-11-23,7,703.22,17,7,703.22,5,4,3,12,Loyal Users,0.4431,Medium Risk,0.0
15902,2010-11-24,2010-11-24,1,145.01,381,1,145.01,2,1,1,4,Hibernating / Churned,0.803,High Risk,1.0
15903,2010-01-14,2011-11-30,12,8939.84,10,12,8939.84,5,5,5,15,Champions,0.332,Low Risk,0.0
15904,2011-12-01,2011-12-01,1,164.68,9,1,164.68,5,1,1,7,New / Promising,,Not Scored (Recent),
15905,2010-06-14,2010-06-14,1,114.69,544,1,114.69,1,1,1,3,Hibernating / Churned,0.838,High Risk,1.0
15906,2010-09-15,2011-11-20,10,2555.64,20,10,2555.64,5,5,4,14,Champions,0.2125,Low Risk,0.0
15907,2011-05-13,2011-12-06,3,967.45,4,3,967.45,5,3,3,11,Loyal Users,0.318,Low Risk,0.0
15908,2010-07-15,2010-08-06,2,764.57,491,2,764.57,1,2,3,6,Hibernating / Churned,0.7264,High Risk,1.0
15909,2011-06-19,2011-06-19,1,191.94,174,1,191.94,3,1,1,5,Needs Attention,0.7192,High Risk,1.0
15910,2010-01-21,2011-12-09,15,2681.8,1,15,2681.8,5,5,4,14,Champions,0.1661,Low Risk,0.0
15911,2009-12-09,2010-03-26,8,1702.34,624,8,1702.34,1,4,4,9,Hibernating / Churned,0.6394,Medium Risk,1.0
15912,2009-12-10,2011-06-14,9,1074.7,179,9,1074.7,3,5,3,11,Needs Attention,0.326,Low Risk,1.0
15913,2010-06-23,2010-06-23,1,6.3,535,1,6.3,1,1,1,3,Hibernating / Churned,0.8467,High Risk,1.0
15914,2010-11-26,2010-11-26,2,205.99,379,2,205.99,2,2,1,5,Hibernating / Churned,0.7659,High Risk,1.0
15915,2010-11-03,2010-11-03,1,429.21,402,1,429.21,2,2,2,6,Hibernating / Churned,0.7065,High Risk,1.0
15916,2009-12-10,2011-11-23,13,3427.17,17,13,3427.17,5,5,5,15,Champions,0.1584,Low Risk,0.0
15917,2009-12-02,2011-04-06,5,560.63,248,5,560.63,2,4,2,8,At Risk (High Value),0.5175,Medium Risk,1.0
15918,2010-03-18,2011-06-02,3,582.88,191,3,582.88,2,3,2,7,At Risk (High Value),0.6267,Medium Risk,1.0
15919,2010-12-06,2011-11-20,2,910.61,20,2,910.61,4,3,3,10,Loyal Users,0.6332,Medium Risk,0.0
15920,2009-12-14,2011-07-08,9,571.64,155,9,571.64,3,5,2,10,Needs Attention,0.3763,Low Risk,1.0
15921,2010-03-09,2011-06-20,4,802.11,173,4,802.11,3,3,3,9,Needs Attention,0.48,Medium Risk,1.0
15922,2010-12-01,2010-12-01,1,739.0,374,1,739.0,2,2,3,7,At Risk (High Value),0.6923,Medium Risk,1.0
15923,2010-12-02,2010-12-02,1,254.16,373,1,254.16,2,1,1,4,Hibernating / Churned,0.7393,High Risk,1.0
15924,2009-12-08,2009-12-08,1,102.82,732,1,102.82,1,1,1,3,Hibernating / Churned,0.8591,High Risk,1.0
15925,2011-05-29,2011-05-29,1,207.15,195,1,207.15,2,1,1,4,Hibernating / Churned,0.6451,Medium Risk,1.0
15926,2010-06-15,2010-06-15,1,134.44,543,1,134.44,1,1,1,3,Hibernating / Churned,0.8462,High Risk,1.0
15927,2010-03-02,2010-03-02,1,123.39,648,1,123.39,1,1,1,3,Hibernating / Churned,0.8677,High Risk,1.0
15928,2010-02-21,2010-02-21,1,293.53,657,1,293.53,1,1,2,4,Hibernating / Churned,0.858,High Risk,1.0
15929,2010-03-05,2010-03-05,1,594.0,645,1,594.0,1,2,2,5,Hibernating / Churned,0.8003,High Risk,1.0
15930,2011-10-03,2011-10-03,1,426.63,68,1,426.63,3,2,2,7,Needs Attention,,Not Scored (Recent),
15931,2010-10-07,2010-10-07,1,239.9,429,1,239.9,1,1,1,3,Hibernating / Churned,0.7352,High Risk,1.0
15932,2011-02-23,2011-12-05,8,2495.87,5,8,2495.87,5,4,4,13,Champions,0.2203,Low Risk,0.0
15933,2011-09-14,2011-11-18,3,1107.46,22,3,1107.46,4,3,3,10,Loyal Users,,Not Scored (Recent),
15934,2010-10-06,2010-10-18,2,2190.66,418,2,2190.66,1,3,4,8,Hibernating / Churned,0.6431,Medium Risk,1.0
15935,2011-04-12,2011-04-14,2,416.86,240,2,416.86,2,2,2,6,Hibernating / Churned,0.7067,High Risk,1.0
15936,2010-08-29,2010-11-25,2,282.79,380,2,282.79,2,2,1,5,Hibernating / Churned,0.676,Medium Risk,1.0
15937,2011-10-06,2011-10-06,1,145.35,65,1,145.35,3,1,1,5,Needs Attention,,Not Scored (Recent),
15938,2010-06-01,2011-08-19,9,734.81,113,9,734.81,3,5,3,11,Needs Attention,0.2838,Low Risk,1.0
15939,2010-11-30,2011-09-11,16,9060.39,90,16,9060.39,3,5,5,13,Needs Attention,0.1216,Low Risk,0.0
15940,2011-02-01,2011-02-01,1,35.8,312,1,35.8,2,1,1,4,Hibernating / Churned,0.843,High Risk,1.0
15941,2010-03-12,2010-03-12,1,405.0,638,1,405.0,1,2,2,5,Hibernating / Churned,0.8668,High Risk,1.0
15942,2011-07-29,2011-07-29,1,337.44,134,1,337.44,3,1,2,6,Needs Attention,0.5882,Medium Risk,1.0
15943,2010-01-31,2010-02-28,2,271.29,650,2,271.29,1,2,1,4,Hibernating / Churned,0.826,High Risk,1.0
15944,2009-12-13,2011-03-08,4,2164.24,277,4,2164.24,2,4,4,10,At Risk (High Value),0.5563,Medium Risk,1.0
15945,2009-12-01,2010-12-09,4,827.27,366,4,827.27,2,3,3,8,At Risk (High Value),0.5701,Medium Risk,1.0
15946,2010-03-16,2010-07-25,3,2304.18,503,3,2304.18,1,3,4,8,Hibernating / Churned,0.7565,High Risk,1.0
15947,2011-09-18,2011-09-18,1,1708.24,83,1,1708.24,3,2,4,9,Needs Attention,,Not Scored (Recent),
15948,2010-10-11,2011-12-01,3,1509.09,9,3,1509.09,5,3,4,12,Loyal Users,0.68,Medium Risk,0.0
15949,2011-09-29,2011-11-23,2,364.71999999999997,17,2,364.71999999999997,5,2,2,9,New / Promising,,Not Scored (Recent),
15950,2010-01-26,2011-11-08,10,7180.71,32,10,7180.71,4,5,5,14,Champions,0.2073,Low Risk,0.0
15951,2010-11-23,2011-12-01,3,1013.17,9,3,1013.17,5,3,3,11,Loyal Users,0.562,Medium Risk,0.0
15952,2011-04-28,2011-11-06,4,806.5699999999999,34,4,806.5699999999999,4,3,3,10,Loyal Users,0.3932,Low Risk,0.0
15953,2009-12-03,2011-11-24,18,3669.5499999999997,16,18,3669.5499999999997,5,5,5,15,Champions,0.2002,Low Risk,0.0
15954,2010-04-29,2010-04-29,1,190.75,590,1,190.75,1,1,1,3,Hibernating / Churned,0.8608,High Risk,1.0
15955,2010-02-23,2011-11-15,22,8658.36,25,22,8658.36,4,5,5,14,Champions,0.0995,Low Risk,0.0
15956,2009-12-13,2010-06-06,2,617.6,552,2,617.6,1,2,2,5,Hibernating / Churned,0.7248,High Risk,1.0
15957,2010-10-15,2011-11-08,3,930.1,32,3,930.1,4,3,3,10,Loyal Users,0.6418,Medium Risk,0.0
15958,2010-06-07,2011-09-26,4,492.99,75,4,492.99,3,3,2,8,Needs Attention,0.6613,Medium Risk,0.0
15959,2010-01-26,2010-01-26,3,579.49,683,3,579.49,1,3,2,6,Hibernating / Churned,0.7242,High Risk,1.0
15960,2010-09-30,2010-11-30,4,410.95,375,4,410.95,2,3,2,7,At Risk (High Value),0.6928,Medium Risk,1.0
15961,2010-11-25,2010-11-25,1,451.29,380,1,451.29,2,2,2,6,Hibernating / Churned,0.7153,High Risk,1.0
15962,2010-09-16,2010-09-16,1,295.83,450,1,295.83,1,1,2,4,Hibernating / Churned,0.726,High Risk,1.0
15963,2011-10-25,2011-11-20,2,470.76,20,2,470.76,4,2,2,8,New / Promising,,Not Scored (Recent),
15964,2010-02-14,2010-02-14,1,272.96,664,1,272.96,1,1,1,3,Hibernating / Churned,0.8526,High Risk,1.0
15965,2009-12-03,2011-11-22,13,3013.09,18,13,3013.09,5,5,5,15,Champions,0.3089,Low Risk,0.0
15966,2010-09-15,2010-09-15,1,426.53,451,1,426.53,1,2,2,5,Hibernating / Churned,0.7298,High Risk,1.0
15967,2009-12-01,2011-11-16,12,3041.6,24,12,3041.6,4,5,5,14,Champions,0.2919,Low Risk,0.0
15968,2010-11-16,2010-11-16,1,418.05,389,1,418.05,2,2,2,6,Hibernating / Churned,0.7314,High Risk,1.0
15969,2010-07-05,2011-12-07,5,1127.05,3,5,1127.05,5,4,3,12,Loyal Users,0.498,Medium Risk,0.0
15970,2010-04-20,2011-02-09,2,1017.3199999999999,304,2,1017.3199999999999,2,3,3,8,At Risk (High Value),0.6471,Medium Risk,1.0
15971,2009-12-08,2011-11-22,18,5902.83,18,18,5902.83,5,5,5,15,Champions,0.2266,Low Risk,0.0
15972,2010-04-18,2010-09-09,5,1810.27,457,5,1810.27,1,4,4,9,Hibernating / Churned,0.6173,Medium Risk,1.0
15973,2010-10-06,2010-12-08,3,988.4399999999999,367,3,988.4399999999999,2,3,3,8,At Risk (High Value),0.6253,Medium Risk,1.0
15974,2011-02-24,2011-10-31,7,3442.15,40,7,3442.15,4,4,5,13,Champions,0.1986,Low Risk,0.0
15975,2011-09-16,2011-09-16,1,371.01,85,1,371.01,3,2,2,7,Needs Attention,,Not Scored (Recent),
15976,2010-06-06,2011-06-27,6,1746.64,166,6,1746.64,3,4,4,11,Needs Attention,0.3538,Low Risk,1.0
15977,2011-10-31,2011-11-22,2,1054.73,18,2,1054.73,5,3,3,11,Loyal Users,,Not Scored (Recent),
15978,2010-03-05,2011-09-23,3,3279.42,78,3,3279.42,3,3,5,11,Needs Attention,0.6325,Medium Risk,0.0
15979,2010-04-16,2010-04-16,1,329.21999999999997,603,1,329.21999999999997,1,1,2,4,Hibernating / Churned,0.8407,High Risk,1.0
15980,2010-06-01,2011-09-12,7,6593.68,89,7,6593.68,3,4,5,12,Needs Attention,0.3661,Low Risk,0.0
15981,2010-03-29,2011-11-15,21,9362.77,25,21,9362.77,4,5,5,14,Champions,0.072,Low Risk,0.0
15982,2010-04-13,2010-04-13,1,324.51,606,1,324.51,1,1,2,4,Hibernating / Churned,0.8281,High Risk,1.0
15983,2009-12-06,2011-11-17,8,3958.82,23,8,3958.82,4,5,5,14,Champions,0.3315,Low Risk,0.0
15984,2009-12-01,2011-12-07,30,8759.32,3,30,8759.32,5,5,5,15,Champions,0.0708,Low Risk,0.0
15985,2010-05-27,2011-08-08,7,2715.2799999999997,124,7,2715.2799999999997,3,4,4,11,Needs Attention,0.2287,Low Risk,1.0
15986,2010-11-23,2011-11-09,2,354.42,31,2,354.42,4,2,2,8,New / Promising,0.7694,High Risk,0.0
15987,2010-11-25,2011-11-27,8,1682.1299999999999,13,8,1682.1299999999999,5,4,4,13,Champions,0.2048,Low Risk,0.0
15988,2010-02-21,2011-11-20,3,770.09,20,3,770.09,4,3,3,10,Loyal Users,0.6571,Medium Risk,0.0
15989,2009-12-02,2010-11-29,2,372.51,376,2,372.51,2,2,2,6,Hibernating / Churned,0.7213,High Risk,1.0
15990,2010-02-28,2011-10-26,7,2010.05,45,7,2010.05,4,4,4,12,Champions,0.4034,Medium Risk,0.0
15991,2010-06-23,2010-06-23,1,150.55,535,1,150.55,1,1,1,3,Hibernating / Churned,0.8406,High Risk,1.0
15992,2010-09-12,2011-12-06,3,896.6,4,3,896.6,5,3,3,11,Loyal Users,0.6238,Medium Risk,0.0
15993,2011-10-26,2011-12-01,7,2797.57,9,7,2797.57,5,4,4,13,Champions,,Not Scored (Recent),
15994,2010-03-14,2011-10-16,3,1202.18,55,3,1202.18,4,3,3,10,Loyal Users,0.6285,Medium Risk,0.0
15995,2010-10-21,2010-10-21,1,696.1899999999999,415,1,696.1899999999999,1,2,3,6,Hibernating / Churned,0.6497,Medium Risk,1.0
15996,2010-11-07,2011-09-12,7,1686.9,89,7,1686.9,3,4,4,11,Needs Attention,0.2268,Low Risk,0.0
15998,2009-12-01,2011-11-03,16,8308.34,37,16,8308.34,4,5,5,14,Champions,0.096,Low Risk,0.0
15999,2009-12-04,2009-12-04,1,20.4,736,1,20.4,1,1,1,3,Hibernating / Churned,0.8696,High Risk,1.0
16000,2011-12-07,2011-12-07,3,12393.7,3,3,12393.7,5,3,5,13,Loyal Users,,Not Scored (Recent),
16001,2010-11-23,2010-11-23,1,583.39,382,1,583.39,2,2,2,6,Hibernating / Churned,0.6699,Medium Risk,1.0
16002,2010-03-24,2010-03-24,1,169.21,626,1,169.21,1,1,1,3,Hibernating / Churned,0.8361,High Risk,1.0
16003,2009-12-03,2011-11-10,10,5613.83,30,10,5613.83,4,5,5,14,Champions,0.2198,Low Risk,0.0
16004,2010-01-25,2010-08-22,5,2146.39,475,5,2146.39,1,4,4,9,Hibernating / Churned,0.6271,Medium Risk,1.0
16005,2010-09-15,2011-11-27,10,2436.22,13,10,2436.22,5,5,4,14,Champions,0.1858,Low Risk,0.0
16006,2010-11-17,2011-05-12,2,347.17,212,2,347.17,2,2,2,6,Hibernating / Churned,0.5536,Medium Risk,1.0
16007,2010-06-14,2011-10-23,7,3075.14,48,7,3075.14,4,4,5,13,Champions,0.3171,Low Risk,0.0
16008,2010-03-19,2011-11-16,15,5384.13,24,15,5384.13,4,5,5,14,Champions,0.1888,Low Risk,0.0
16009,2011-07-03,2011-11-17,4,992.71,23,4,992.71,4,3,3,10,Loyal Users,0.4741,Medium Risk,0.0
16010,2010-10-24,2011-04-08,11,1724.06,246,11,1724.06,2,5,4,11,At Risk (High Value),0.3445,Low Risk,1.0
16011,2009-12-01,2011-12-01,29,5880.46,9,29,5880.46,5,5,5,15,Champions,0.0362,Low Risk,0.0
16012,2010-06-28,2011-11-04,5,2989.79,36,5,2989.79,4,4,5,13,Champions,0.3557,Low Risk,0.0
16013,2009-12-08,2011-12-06,84,57446.44,4,84,57446.44,5,5,5,15,Champions,0.0315,Low Risk,0.0
16014,2010-01-31,2011-11-02,5,1130.27,38,5,1130.27,4,4,3,11,Loyal Users,0.479,Medium Risk,0.0
16015,2011-10-21,2011-12-06,3,705.39,4,3,705.39,5,3,3,11,Loyal Users,,Not Scored (Recent),
16016,2010-11-02,2011-12-06,11,2533.94,4,11,2533.94,5,5,4,14,Champions,0.2428,Low Risk,0.0
16017,2010-01-05,2011-10-23,5,1553.83,48,5,1553.83,4,4,4,12,Champions,0.5682,Medium Risk,0.0
16018,2009-12-07,2011-10-31,4,698.13,40,4,698.13,4,3,3,10,Loyal Users,0.4905,Medium Risk,0.0
16019,2009-12-14,2011-10-24,27,17465.85,47,27,17465.85,4,5,5,14,Champions,0.0595,Low Risk,0.0
16020,2011-10-05,2011-11-23,3,851.01,17,3,851.01,5,3,3,11,Loyal Users,,Not Scored (Recent),
16021,2010-06-13,2010-11-09,2,532.25,396,2,532.25,2,2,2,6,Hibernating / Churned,0.5635,Medium Risk,1.0
16022,2011-03-24,2011-03-24,1,628.28,261,1,628.28,2,2,3,7,At Risk (High Value),0.6559,Medium Risk,1.0
16023,2011-03-18,2011-10-24,3,719.81,47,3,719.81,4,3,3,10,Loyal Users,0.3741,Low Risk,0.0
16024,2010-10-24,2011-11-27,3,484.2,13,3,484.2,5,3,2,10,Loyal Users,0.7571,High Risk,0.0
16025,2011-11-10,2011-11-10,1,439.65999999999997,30,1,439.65999999999997,4,2,2,8,New / Promising,,Not Scored (Recent),
16026,2011-10-27,2011-10-27,1,236.09,44,1,236.09,4,1,1,6,New / Promising,,Not Scored (Recent),
16027,2010-01-08,2011-09-09,15,2048.36,92,15,2048.36,3,5,4,12,Needs Attention,0.2392,Low Risk,0.0
16028,2010-04-23,2010-04-23,1,82.2,596,1,82.2,1,1,1,3,Hibernating / Churned,0.8708,High Risk,1.0
16029,2009-12-08,2011-11-01,107,122209.14,39,107,122209.14,4,5,5,14,Champions,0.0321,Low Risk,0.0
16030,2011-02-03,2011-02-03,1,331.24,310,1,331.24,2,1,2,5,Hibernating / Churned,0.7685,High Risk,1.0
16031,2011-04-06,2011-09-08,2,548.94,93,2,548.94,3,2,2,7,Needs Attention,0.607,Medium Risk,0.0
16032,2010-07-04,2010-09-09,6,1970.45,457,6,1970.45,1,4,4,9,Hibernating / Churned,0.6394,Medium Risk,1.0
16033,2010-08-11,2011-12-04,27,10836.13,6,27,10836.13,5,5,5,15,Champions,0.0588,Low Risk,0.0
16034,2010-10-26,2011-05-27,6,928.72,197,6,928.72,2,4,3,9,At Risk (High Value),0.3937,Low Risk,1.0
16035,2010-05-28,2010-05-28,1,217.73,561,1,217.73,1,1,1,3,Hibernating / Churned,0.839,High Risk,1.0
16036,2010-03-29,2011-09-13,4,2556.84,88,4,2556.84,3,4,4,11,Needs Attention,0.5248,Medium Risk,0.0
16037,2010-03-01,2011-03-15,5,1509.34,270,5,1509.34,2,4,4,10,At Risk (High Value),0.4343,Medium Risk,1.0
16038,2011-05-22,2011-12-02,3,471.78,8,3,471.78,5,3,2,10,Loyal Users,0.3866,Low Risk,0.0
16039,2010-03-21,2010-10-12,2,456.4,424,2,456.4,1,2,2,5,Hibernating / Churned,0.6886,Medium Risk,1.0
16040,2010-04-09,2011-10-05,7,2416.9,66,7,2416.9,3,4,4,11,Needs Attention,0.3612,Low Risk,0.0
16041,2011-07-21,2011-11-09,3,3166.4,31,3,3166.4,4,3,5,12,Loyal Users,0.5261,Medium Risk,0.0
16042,2010-09-12,2011-11-17,8,2265.12,23,8,2265.12,4,4,4,12,Champions,0.3577,Low Risk,0.0
16043,2010-08-15,2011-11-02,8,1856.59,38,8,1856.59,4,4,4,12,Champions,0.3029,Low Risk,0.0
16044,2010-09-30,2010-09-30,1,340.84,436,1,340.84,1,1,2,4,Hibernating / Churned,0.7359,High Risk,1.0
16045,2010-07-29,2011-08-12,8,3434.93,120,8,3434.93,3,4,5,12,Needs Attention,0.1543,Low Risk,1.0
16046,2010-05-26,2010-05-26,1,235.78,563,1,235.78,1,1,1,3,Hibernating / Churned,0.835,High Risk,1.0
16047,2010-01-26,2010-01-26,1,107.14,683,1,107.14,1,1,1,3,Hibernating / Churned,0.8801,High Risk,1.0
16048,2010-06-08,2010-12-01,4,1075.23,374,4,1075.23,2,3,3,8,At Risk (High Value),0.6105,Medium Risk,1.0
16049,2010-07-11,2011-10-30,6,1899.68,41,6,1899.68,4,4,4,12,Champions,0.4626,Medium Risk,0.0
16050,2010-11-03,2011-06-19,3,300.7,174,3,300.7,3,3,2,8,Needs Attention,0.4971,Medium Risk,1.0
16051,2010-01-27,2010-01-27,1,188.44,682,1,188.44,1,1,1,3,Hibernating / Churned,0.8735,High Risk,1.0
16052,2011-10-16,2011-10-16,1,362.06,55,1,362.06,4,2,2,8,New / Promising,,Not Scored (Recent),
16053,2010-04-08,2011-11-07,6,3634.84,33,6,3634.84,4,4,5,13,Champions,0.3442,Low Risk,0.0
16054,2010-04-01,2011-07-17,4,2111.88,146,4,2111.88,3,4,4,11,Needs Attention,0.5065,Medium Risk,1.0
16055,2011-05-03,2011-05-03,1,134.8,221,1,134.8,2,1,1,4,Hibernating / Churned,0.7693,High Risk,1.0
16056,2011-10-25,2011-10-25,1,664.85,46,1,664.85,4,2,3,9,New / Promising,,Not Scored (Recent),
16057,2010-01-07,2011-11-23,10,3854.85,17,10,3854.85,5,5,5,15,Champions,0.1977,Low Risk,0.0
16058,2010-10-29,2010-10-29,1,62.7,407,1,62.7,2,1,1,4,Hibernating / Churned,0.8538,High Risk,1.0
16059,2010-05-19,2011-10-05,12,3217.77,66,12,3217.77,3,5,5,13,Needs Attention,0.1223,Low Risk,0.0
16060,2010-08-02,2010-11-04,3,541.95,401,3,541.95,2,3,2,7,At Risk (High Value),0.6309,Medium Risk,1.0
16061,2010-10-04,2010-10-04,1,89.65,432,1,89.65,1,1,1,3,Hibernating / Churned,0.8408,High Risk,1.0
16062,2010-06-21,2011-11-30,8,2863.45,10,8,2863.45,5,4,4,13,Champions,0.1665,Low Risk,0.0
16063,2011-03-24,2011-03-24,1,335.32,261,1,335.32,2,1,2,5,Hibernating / Churned,0.7576,High Risk,1.0
16064,2009-12-14,2009-12-14,1,111.0,726,1,111.0,1,1,1,3,Hibernating / Churned,0.8542,High Risk,1.0
16065,2010-09-02,2010-12-09,8,2382.62,366,8,2382.62,2,4,4,10,At Risk (High Value),0.4581,Medium Risk,1.0
16066,2011-08-07,2011-11-23,5,1521.8700000000001,17,5,1521.8700000000001,5,4,4,13,Champions,0.6194,Medium Risk,0.0
16067,2010-02-02,2010-05-26,3,3395.29,563,3,3395.29,1,3,5,9,Hibernating / Churned,0.7275,High Risk,1.0
16068,2010-04-25,2010-04-25,1,122.93,594,1,122.93,1,1,1,3,Hibernating / Churned,0.8354,High Risk,1.0
16069,2010-10-18,2010-10-18,1,457.7,418,1,457.7,1,2,2,5,Hibernating / Churned,0.697,Medium Risk,1.0
16070,2011-11-07,2011-11-17,2,852.15,23,2,852.15,4,3,3,10,Loyal Users,,Not Scored (Recent),
16071,2010-02-22,2011-10-26,4,1076.8,45,4,1076.8,4,3,3,10,Loyal Users,0.7076,High Risk,0.0
16072,2010-06-08,2011-02-24,4,4328.89,289,4,4328.89,2,4,5,11,At Risk (High Value),0.4633,Medium Risk,1.0
16073,2011-02-15,2011-02-15,1,122.4,298,1,122.4,2,1,1,4,Hibernating / Churned,0.8275,High Risk,1.0
16074,2010-11-14,2010-11-14,1,265.25,391,1,265.25,2,1,1,4,Hibernating / Churned,0.7492,High Risk,1.0
16075,2010-05-24,2010-07-25,2,736.93,503,2,736.93,1,2,3,6,Hibernating / Churned,0.7354,High Risk,1.0
16076,2011-05-15,2011-12-06,10,2234.73,4,10,2234.73,5,5,4,14,Champions,0.2228,Low Risk,0.0
16077,2010-03-24,2010-03-24,1,2300.4,626,1,2300.4,1,2,4,7,Hibernating / Churned,0.8263,High Risk,1.0
16078,2010-02-08,2011-03-01,2,362.99,284,2,362.99,2,2,2,6,Hibernating / Churned,0.7451,High Risk,1.0
16079,2011-10-30,2011-11-23,3,1352.0,17,3,1352.0,5,3,4,12,Loyal Users,,Not Scored (Recent),
16080,2010-09-15,2011-09-19,4,602.56,82,4,602.56,3,3,2,8,Needs Attention,0.5614,Medium Risk,0.0
16081,2010-02-03,2011-10-14,8,4460.18,57,8,4460.18,4,5,5,14,Champions,0.2722,Low Risk,0.0
16082,2010-02-07,2010-02-07,1,106.75,671,1,106.75,1,1,1,3,Hibernating / Churned,0.8588,High Risk,1.0
16083,2010-11-16,2011-08-31,4,2351.42,101,4,2351.42,3,4,4,11,Needs Attention,0.3762,Low Risk,1.0
16084,2011-02-13,2011-02-13,1,436.18,300,1,436.18,2,2,2,6,Hibernating / Churned,0.7456,High Risk,1.0
16085,2010-01-20,2011-11-16,12,2343.53,24,12,2343.53,4,5,4,13,Champions,0.2709,Low Risk,0.0
16086,2009-12-02,2011-10-11,10,2864.99,60,10,2864.99,3,5,4,12,Needs Attention,0.1389,Low Risk,0.0
16087,2010-01-19,2010-11-15,5,1739.92,390,5,1739.92,2,4,4,10,At Risk (High Value),0.5089,Medium Risk,1.0
16088,2010-04-27,2010-05-13,2,1437.43,576,2,1437.43,1,3,4,8,Hibernating / Churned,0.7414,High Risk,1.0
16089,2010-07-18,2010-11-18,2,271.44,387,2,271.44,2,2,1,5,Hibernating / Churned,0.6636,Medium Risk,1.0
16090,2010-03-25,2010-03-25,1,205.91,625,1,205.91,1,1,1,3,Hibernating / Churned,0.8528,High Risk,1.0
16091,2011-05-25,2011-07-08,2,315.06,155,2,315.06,3,2,2,7,Needs Attention,0.4006,Medium Risk,1.0
16092,2010-05-09,2011-08-17,6,1587.94,115,6,1587.94,3,4,4,11,Needs Attention,0.4086,Medium Risk,1.0
16093,2011-08-25,2011-08-25,1,17.0,107,1,17.0,3,1,1,5,Needs Attention,0.5947,Medium Risk,1.0
16094,2010-04-16,2011-11-28,11,3695.56,12,11,3695.56,5,5,5,15,Champions,0.2785,Low Risk,0.0
16095,2010-09-09,2010-09-09,1,447.05,457,1,447.05,1,2,2,5,Hibernating / Churned,0.7593,High Risk,1.0
16096,2010-03-04,2011-03-20,4,1584.97,265,4,1584.97,2,4,4,10,At Risk (High Value),0.4943,Medium Risk,1.0
16097,2011-04-13,2011-04-13,1,185.04999999999998,241,1,185.04999999999998,2,1,1,4,Hibernating / Churned,0.7786,High Risk,1.0
16098,2009-12-15,2011-09-13,14,4448.1,88,14,4448.1,3,5,5,13,Needs Attention,0.0992,Low Risk,0.0
16099,2010-03-03,2011-10-20,7,1573.2,51,7,1573.2,4,4,4,12,Champions,0.351,Low Risk,0.0
16100,2010-09-03,2010-09-03,1,582.64,463,1,582.64,1,2,2,5,Hibernating / Churned,0.6938,Medium Risk,1.0
16101,2010-05-27,2011-09-30,4,3229.16,71,4,3229.16,3,4,5,12,Needs Attention,0.6083,Medium Risk,0.0
16102,2011-08-03,2011-10-28,3,1842.1399999999999,43,3,1842.1399999999999,4,3,4,11,Loyal Users,0.3077,Low Risk,0.0
16103,2010-01-08,2011-12-02,22,6191.71,8,22,6191.71,5,5,5,15,Champions,0.1205,Low Risk,0.0
16104,2009-12-06,2011-10-09,9,2778.61,62,9,2778.61,3,5,4,12,Needs Attention,0.4359,Medium Risk,0.0
16105,2010-04-14,2011-04-05,5,2386.19,249,5,2386.19,2,4,4,10,At Risk (High Value),0.3392,Low Risk,1.0
16106,2011-10-05,2011-10-05,1,108.38,66,1,108.38,3,1,1,5,Needs Attention,,Not Scored (Recent),
16107,2011-06-09,2011-11-22,7,3204.16,18,7,3204.16,5,4,5,14,Champions,0.372,Low Risk,0.0
16108,2010-03-18,2011-09-16,4,2235.92,85,4,2235.92,3,4,4,11,Needs Attention,0.6178,Medium Risk,0.0
16109,2010-01-10,2011-05-05,3,939.48,219,3,939.48,2,3,3,8,At Risk (High Value),0.691,Medium Risk,1.0
16110,2010-07-05,2011-10-25,4,1819.27,46,4,1819.27,4,4,4,12,Champions,0.4922,Medium Risk,0.0
16111,2010-10-07,2010-10-07,1,562.48,429,1,562.48,1,2,2,5,Hibernating / Churned,0.6744,Medium Risk,1.0
16112,2011-01-05,2011-07-19,4,195.74,144,4,195.74,3,3,1,7,Needs Attention,0.4475,Medium Risk,1.0
16113,2011-06-09,2011-06-09,1,161.38,184,1,161.38,3,1,1,5,Needs Attention,0.6799,Medium Risk,1.0
16114,2011-06-22,2011-06-22,1,135.75,171,1,135.75,3,1,1,5,Needs Attention,0.6494,Medium Risk,1.0
16115,2010-05-14,2011-11-30,12,2575.14,10,12,2575.14,5,5,4,14,Champions,0.1855,Low Risk,0.0
16116,2011-05-12,2011-05-12,1,612.78,212,1,612.78,2,2,2,6,Hibernating / Churned,0.5751,Medium Risk,1.0
16117,2010-04-27,2011-06-03,3,654.4,190,3,654.4,2,3,3,8,At Risk (High Value),0.4776,Medium Risk,1.0
16118,2010-02-25,2010-02-25,1,4376.25,653,1,4376.25,1,2,5,8,Hibernating / Churned,0.8284,High Risk,1.0
16119,2009-12-16,2011-12-01,8,1720.81,9,8,1720.81,5,4,4,13,Champions,0.5103,Medium Risk,0.0
16120,2010-10-13,2011-10-11,6,3056.91,60,6,3056.91,3,4,5,12,Needs Attention,0.6909,Medium Risk,0.0
16121,2010-05-23,2011-10-13,5,1477.09,58,5,1477.09,4,4,4,12,Champions,0.3871,Low Risk,0.0
16122,2010-10-10,2011-09-27,6,1001.34,74,6,1001.34,3,4,3,10,Needs Attention,0.3843,Low Risk,0.0
16123,2011-10-19,2011-10-19,1,307.78,52,1,307.78,4,1,2,7,New / Promising,,Not Scored (Recent),
16124,2009-12-07,2011-01-26,4,1772.49,318,4,1772.49,2,4,4,10,At Risk (High Value),0.4959,Medium Risk,1.0
16125,2009-12-14,2010-12-07,14,4587.65,368,14,4587.65,2,5,5,12,At Risk (High Value),0.4744,Medium Risk,1.0
16126,2009-12-02,2011-11-10,15,14646.8,30,15,14646.8,4,5,5,14,Champions,0.0926,Low Risk,0.0
16127,2009-12-13,2011-10-31,2,801.3100000000001,40,2,801.3100000000001,4,2,3,9,New / Promising,0.8288,High Risk,0.0
16128,2010-07-16,2011-11-22,11,3801.05,18,11,3801.05,5,5,5,15,Champions,0.154,Low Risk,0.0
16129,2010-07-20,2010-10-28,3,1396.05,408,3,1396.05,2,3,4,9,At Risk (High Value),0.5881,Medium Risk,1.0
16130,2010-04-01,2010-10-13,4,987.48,423,4,987.48,1,3,3,7,Hibernating / Churned,0.6396,Medium Risk,1.0
16131,2009-12-02,2011-10-19,12,9957.42,52,12,9957.42,4,5,5,14,Champions,0.167,Low Risk,0.0
16132,2010-03-22,2010-06-13,2,664.1999999999999,545,2,664.1999999999999,1,2,3,6,Hibernating / Churned,0.7267,High Risk,1.0
16133,2010-03-31,2011-12-06,56,22992.26,4,56,22992.26,5,5,5,15,Champions,0.0486,Low Risk,0.0
16134,2010-06-17,2011-11-18,5,2145.34,22,5,2145.34,4,4,4,12,Champions,0.4808,Medium Risk,0.0
16135,2010-05-05,2011-03-22,2,819.4499999999999,263,2,819.4499999999999,2,2,3,7,At Risk (High Value),0.6214,Medium Risk,1.0
16136,2010-02-14,2011-10-11,4,946.8,60,4,946.8,3,3,3,9,Needs Attention,0.7429,High Risk,0.0
16137,2010-01-28,2010-01-28,1,422.7,681,1,422.7,1,2,2,5,Hibernating / Churned,0.8409,High Risk,1.0
16138,2010-04-28,2010-11-26,3,910.35,379,3,910.35,2,3,3,8,At Risk (High Value),0.5956,Medium Risk,1.0
16139,2009-12-03,2011-11-21,5,1111.15,19,5,1111.15,5,4,3,12,Loyal Users,0.611,Medium Risk,0.0
16140,2010-09-24,2011-10-05,3,1557.6,66,3,1557.6,3,3,4,10,Needs Attention,0.5998,Medium Risk,0.0
16141,2010-10-18,2011-09-12,2,955.9399999999999,89,2,955.9399999999999,3,3,3,9,Needs Attention,0.7375,High Risk,0.0
16142,2011-04-04,2011-04-04,1,535.34,250,1,535.34,2,2,2,6,Hibernating / Churned,0.6624,Medium Risk,1.0
16143,2009-12-10,2011-12-06,12,4910.83,4,12,4910.83,5,5,5,15,Champions,0.0918,Low Risk,0.0
16144,2011-04-07,2011-04-07,1,175.2,247,1,175.2,2,1,1,4,Hibernating / Churned,0.8018,High Risk,1.0
16145,2010-05-04,2011-12-01,19,6805.44,9,19,6805.44,5,5,5,15,Champions,0.0685,Low Risk,0.0
16146,2010-09-17,2011-07-05,4,946.38,158,4,946.38,3,3,3,9,Needs Attention,0.413,Medium Risk,1.0
16147,2010-02-05,2011-07-29,5,2398.91,134,5,2398.91,3,4,4,11,Needs Attention,0.385,Low Risk,1.0
16148,2010-09-29,2011-02-16,2,386.62,297,2,386.62,2,2,2,6,Hibernating / Churned,0.6698,Medium Risk,1.0
16149,2010-10-06,2011-12-05,3,422.21999999999997,5,3,422.21999999999997,5,3,2,10,Loyal Users,0.4942,Medium Risk,0.0
16150,2009-12-17,2011-10-28,10,4395.59,43,10,4395.59,4,5,5,14,Champions,0.1551,Low Risk,0.0
16152,2011-03-16,2011-03-16,1,1829.04,269,1,1829.04,2,2,4,8,At Risk (High Value),0.7051,High Risk,1.0
16153,2010-05-26,2011-10-21,11,5133.49,50,11,5133.49,4,5,5,14,Champions,0.1352,Low Risk,0.0
16155,2010-06-18,2010-11-23,5,796.9,382,5,796.9,2,4,3,9,At Risk (High Value),0.6418,Medium Risk,1.0
16156,2009-12-02,2011-12-01,20,6218.18,9,20,6218.18,5,5,5,15,Champions,0.0866,Low Risk,0.0
16157,2011-09-28,2011-11-24,3,656.6899999999999,16,3,656.6899999999999,5,3,3,11,Loyal Users,,Not Scored (Recent),
16158,2009-12-05,2010-07-05,9,628.32,523,9,628.32,1,5,3,9,Hibernating / Churned,0.7018,High Risk,1.0
16159,2009-12-03,2011-03-03,4,1232.79,282,4,1232.79,2,3,3,8,At Risk (High Value),0.5792,Medium Risk,1.0
16160,2011-09-15,2011-10-05,2,1025.44,66,2,1025.44,3,3,3,9,Needs Attention,,Not Scored (Recent),
16161,2010-02-08,2011-12-08,43,12831.8,2,43,12831.8,5,5,5,15,Champions,0.0603,Low Risk,0.0
16162,2011-04-01,2011-04-01,1,37.4,253,1,37.4,2,1,1,4,Hibernating / Churned,0.8286,High Risk,1.0
16163,2009-12-02,2011-04-21,6,2849.58,233,6,2849.58,2,4,4,10,At Risk (High Value),0.3575,Low Risk,1.0
16164,2011-10-28,2011-11-22,3,822.48,18,3,822.48,5,3,3,11,Loyal Users,,Not Scored (Recent),
16165,2010-07-22,2010-07-22,1,79.9,506,1,79.9,1,1,1,3,Hibernating / Churned,0.8688,High Risk,1.0
16166,2010-01-17,2010-10-07,2,435.83,429,2,435.83,1,2,2,5,Hibernating / Churned,0.727,High Risk,1.0
16167,2009-12-01,2010-10-21,5,1386.12,415,5,1386.12,1,4,4,9,Hibernating / Churned,0.5379,Medium Risk,1.0
16168,2009-12-03,2011-11-29,66,10636.47,11,66,10636.47,5,5,5,15,Champions,0.0214,Low Risk,0.0
16169,2011-09-25,2011-12-01,4,1822.97,9,4,1822.97,5,4,4,13,Champions,,Not Scored (Recent),
16170,2010-02-18,2011-10-20,20,6869.0,51,20,6869.0,4,5,5,14,Champions,0.0947,Low Risk,0.0
16171,2011-10-11,2011-10-11,1,73.19999999999999,60,1,73.19999999999999,3,1,1,5,Needs Attention,,Not Scored (Recent),
16172,2010-07-14,2011-09-05,8,1884.55,96,8,1884.55,3,4,4,11,Needs Attention,0.2982,Low Risk,1.0
16173,2011-09-02,2011-11-24,6,1418.32,16,6,1418.32,5,4,4,13,Champions,0.4448,Medium Risk,0.0
16174,2010-04-15,2011-08-05,7,2246.75,127,7,2246.75,3,4,4,11,Needs Attention,0.3725,Low Risk,1.0
16175,2010-05-25,2011-09-06,7,1836.44,95,7,1836.44,3,4,4,11,Needs Attention,0.3537,Low Risk,1.0
16176,2010-03-29,2010-10-14,4,2052.69,422,4,2052.69,1,4,4,9,Hibernating / Churned,0.5748,Medium Risk,1.0
16177,2010-03-02,2011-10-20,8,2247.31,51,8,2247.31,4,4,4,12,Champions,0.608,Medium Risk,0.0
16178,2010-11-03,2011-07-24,2,612.6,139,2,612.6,3,2,2,7,Needs Attention,0.4728,Medium Risk,1.0
16179,2011-10-10,2011-10-10,1,215.83,61,1,215.83,3,1,1,5,Needs Attention,,Not Scored (Recent),
16180,2010-06-23,2011-08-31,13,16249.87,101,13,16249.87,3,5,5,13,Needs Attention,0.1939,Low Risk,1.0
16181,2011-09-27,2011-09-27,1,305.54,74,1,305.54,3,1,2,6,Needs Attention,,Not Scored (Recent),
16182,2010-03-09,2011-09-28,9,9971.65,73,9,9971.65,3,5,5,13,Needs Attention,0.1953,Low Risk,0.0
16183,2010-10-28,2011-10-03,4,1077.81,68,4,1077.81,3,3,3,9,Needs Attention,0.6119,Medium Risk,0.0
16184,2011-05-12,2011-10-06,6,1158.79,65,6,1158.79,3,4,3,10,Needs Attention,0.2909,Low Risk,0.0
16185,2010-05-24,2011-11-23,3,644.72,17,3,644.72,5,3,3,11,Loyal Users,0.6063,Medium Risk,0.0
16186,2009-12-09,2011-11-17,26,9026.11,23,26,9026.11,4,5,5,14,Champions,0.0721,Low Risk,0.0
16187,2011-02-28,2011-11-08,15,6911.44,32,15,6911.44,4,5,5,14,Champions,0.1382,Low Risk,0.0
16188,2010-10-27,2011-10-26,5,1087.66,45,5,1087.66,4,4,3,11,Loyal Users,0.3436,Low Risk,0.0
16189,2011-09-15,2011-11-24,2,215.48,16,2,215.48,5,2,1,8,New / Promising,,Not Scored (Recent),
16190,2009-12-14,2011-10-30,8,2723.55,41,8,2723.55,4,4,4,12,Champions,0.3728,Low Risk,0.0
16191,2009-12-11,2011-12-07,24,15688.02,3,24,15688.02,5,5,5,15,Champions,0.3531,Low Risk,0.0
16192,2009-12-04,2009-12-04,1,351.3,736,1,351.3,1,1,2,4,Hibernating / Churned,0.8612,High Risk,1.0
16193,2010-10-25,2011-04-17,2,630.43,237,2,630.43,2,2,3,7,At Risk (High Value),0.5735,Medium Risk,1.0
16194,2010-11-29,2010-11-29,1,308.6,376,1,308.6,2,1,2,5,Hibernating / Churned,0.7749,High Risk,1.0
16195,2009-12-16,2009-12-16,1,323.25,724,1,323.25,1,1,2,4,Hibernating / Churned,0.8562,High Risk,1.0
16196,2010-08-08,2010-08-08,1,93.3,489,1,93.3,1,1,1,3,Hibernating / Churned,0.8609,High Risk,1.0
16197,2009-12-16,2010-08-27,9,2016.71,470,9,2016.71,1,5,4,10,Hibernating / Churned,0.6039,Medium Risk,1.0
16198,2010-09-28,2011-09-25,2,1030.04,76,2,1030.04,3,3,3,9,Needs Attention,0.697,Medium Risk,0.0
16199,2010-03-18,2010-11-12,7,942.75,393,7,942.75,2,4,3,9,At Risk (High Value),0.6525,Medium Risk,1.0
16200,2009-12-02,2011-12-05,12,5643.45,5,12,5643.45,5,5,5,15,Champions,0.1682,Low Risk,0.0
16201,2010-10-20,2011-12-06,5,2112.12,4,5,2112.12,5,4,4,13,Champions,0.4558,Medium Risk,0.0
16202,2009-12-02,2010-12-14,9,2501.99,361,9,2501.99,2,5,4,11,At Risk (High Value),0.2806,Low Risk,1.0
16203,2010-07-23,2011-10-12,6,1114.54,59,6,1114.54,4,4,3,11,Loyal Users,0.3538,Low Risk,0.0
16204,2009-12-08,2011-11-16,3,944.24,24,3,944.24,4,3,3,10,Loyal Users,0.651,Medium Risk,0.0
16205,2010-06-15,2011-11-09,7,1830.61,31,7,1830.61,4,4,4,12,Champions,0.3893,Low Risk,0.0
16206,2010-01-24,2011-10-16,13,2602.32,55,13,2602.32,4,5,4,13,Champions,0.1283,Low Risk,0.0
16207,2011-11-14,2011-11-14,1,394.38,26,1,394.38,4,2,2,8,New / Promising,,Not Scored (Recent),
16208,2010-02-24,2011-10-26,10,3440.45,45,10,3440.45,4,5,5,14,Champions,0.2951,Low Risk,0.0
16209,2010-06-11,2011-09-12,9,4146.78,89,9,4146.78,3,5,5,13,Needs Attention,0.1945,Low Risk,0.0
16210,2009-12-02,2011-12-08,35,38489.51,2,35,38489.51,5,5,5,15,Champions,0.0398,Low Risk,0.0
16211,2010-09-27,2011-09-12,3,1090.59,89,3,1090.59,3,3,3,9,Needs Attention,0.634,Medium Risk,0.0
16212,2010-02-07,2011-11-20,4,1293.71,20,4,1293.71,4,4,4,12,Champions,0.6284,Medium Risk,0.0
16213,2011-09-22,2011-09-22,1,159.0,79,1,159.0,3,1,1,5,Needs Attention,,Not Scored (Recent),
16214,2010-09-30,2011-06-22,4,2038.25,171,4,2038.25,3,4,4,11,Needs Attention,0.3557,Low Risk,1.0
16215,2011-09-20,2011-09-20,1,242.35,81,1,242.35,3,1,1,5,Needs Attention,,Not Scored (Recent),
16216,2011-03-17,2011-03-17,1,914.93,268,1,914.93,2,2,3,7,At Risk (High Value),0.7035,High Risk,1.0
16217,2011-03-02,2011-04-18,2,304.25,236,2,304.25,2,2,2,6,Hibernating / Churned,0.5934,Medium Risk,1.0
16218,2010-05-27,2011-11-10,13,4439.97,30,13,4439.97,4,5,5,14,Champions,0.1467,Low Risk,0.0
16219,2010-07-27,2010-07-27,1,40.8,501,1,40.8,1,1,1,3,Hibernating / Churned,0.8625,High Risk,1.0
16221,2010-08-10,2011-11-03,9,2235.51,37,9,2235.51,4,5,4,13,Champions,0.3563,Low Risk,0.0
16222,2009-12-18,2011-01-25,2,1345.22,319,2,1345.22,2,3,4,9,At Risk (High Value),0.6977,Medium Risk,1.0
16223,2010-11-09,2010-11-30,2,1102.35,375,2,1102.35,2,3,3,8,At Risk (High Value),0.6076,Medium Risk,1.0
16224,2010-11-17,2011-10-13,5,1616.54,58,5,1616.54,4,4,4,12,Champions,0.3248,Low Risk,0.0
16225,2010-02-07,2011-10-26,15,2867.41,45,15,2867.41,4,5,4,13,Champions,0.1327,Low Risk,0.0
16226,2010-10-22,2011-05-20,5,672.17,204,5,672.17,2,4,3,9,At Risk (High Value),0.4183,Medium Risk,1.0
16227,2010-06-22,2011-04-28,3,1027.22,226,3,1027.22,2,3,3,8,At Risk (High Value),0.6032,Medium Risk,1.0
16228,2010-11-04,2010-11-19,3,890.81,386,3,890.81,2,3,3,8,At Risk (High Value),0.617,Medium Risk,1.0
16229,2010-05-24,2011-09-13,6,2867.86,88,6,2867.86,3,4,4,11,Needs Attention,0.3464,Low Risk,0.0
16230,2011-05-03,2011-06-03,2,542.03,190,2,542.03,2,2,2,6,Hibernating / Churned,0.3764,Low Risk,1.0
16231,2010-04-21,2010-11-25,4,1078.22,380,4,1078.22,2,3,3,8,At Risk (High Value),0.5821,Medium Risk,1.0
16232,2010-06-07,2011-10-27,7,2712.97,44,7,2712.97,4,4,4,12,Champions,0.2698,Low Risk,0.0
16233,2009-12-02,2011-09-29,9,1965.71,72,9,1965.71,3,5,4,12,Needs Attention,0.3255,Low Risk,0.0
16234,2010-05-27,2010-08-20,3,333.18,477,3,333.18,1,3,2,6,Hibernating / Churned,0.8403,High Risk,1.0
16235,2010-08-26,2011-10-30,9,2053.71,41,9,2053.71,4,5,4,13,Champions,0.2355,Low Risk,0.0
16236,2011-09-22,2011-09-22,1,432.2,79,1,432.2,3,2,2,7,Needs Attention,,Not Scored (Recent),
16237,2010-09-28,2010-09-28,1,136.65,438,1,136.65,1,1,1,3,Hibernating / Churned,0.8018,High Risk,1.0
16238,2010-10-13,2010-10-13,1,63.66,423,1,63.66,1,1,1,3,Hibernating / Churned,0.8483,High Risk,1.0
16239,2010-09-02,2011-10-14,6,1492.2,57,6,1492.2,4,4,4,12,Champions,0.3519,Low Risk,0.0
16240,2011-09-23,2011-11-15,2,3718.8,25,2,3718.8,4,3,5,12,Loyal Users,,Not Scored (Recent),
16241,2010-10-25,2011-11-30,16,4329.31,10,16,4329.31,5,5,5,15,Champions,0.094,Low Risk,0.0
16242,2010-03-15,2011-12-01,14,7474.4,9,14,7474.4,5,5,5,15,Champions,0.1214,Low Risk,0.0
16243,2011-10-16,2011-11-06,2,409.1,34,2,409.1,4,2,2,8,New / Promising,,Not Scored (Recent),
16244,2010-12-02,2011-05-12,2,2579.38,212,2,2579.38,2,3,4,9,At Risk (High Value),0.4754,Medium Risk,1.0
16245,2011-03-28,2011-11-16,3,1413.66,24,3,1413.66,4,3,4,11,Loyal Users,0.39,Low Risk,0.0
16246,2010-02-08,2010-09-06,2,827.25,460,2,827.25,1,2,3,6,Hibernating / Churned,0.7152,High Risk,1.0
16247,2011-06-22,2011-06-22,1,114.56,171,1,114.56,3,1,1,5,Needs Attention,0.667,Medium Risk,1.0
16248,2011-10-09,2011-10-09,1,152.94,62,1,152.94,3,1,1,5,Needs Attention,,Not Scored (Recent),
16249,2011-04-14,2011-10-18,5,1800.07,53,5,1800.07,4,4,4,12,Champions,0.2776,Low Risk,0.0
16250,2010-11-18,2011-03-23,3,791.38,262,3,791.38,2,3,3,8,At Risk (High Value),0.5271,Medium Risk,1.0
16251,2010-07-15,2010-07-15,1,128.31,513,1,128.31,1,1,1,3,Hibernating / Churned,0.8436,High Risk,1.0
16252,2010-11-22,2010-11-22,1,295.09,383,1,295.09,2,1,2,5,Hibernating / Churned,0.7526,High Risk,1.0
16253,2009-12-08,2011-10-04,7,7310.15,67,7,7310.15,3,4,5,12,Needs Attention,0.3264,Low Risk,0.0
16254,2010-03-17,2010-11-26,3,985.14,379,3,985.14,2,3,3,8,At Risk (High Value),0.606,Medium Risk,1.0
16255,2010-01-24,2011-11-23,15,4906.8,17,15,4906.8,5,5,5,15,Champions,0.0828,Low Risk,0.0
16256,2010-04-21,2011-03-18,3,1629.3700000000001,267,3,1629.3700000000001,2,3,4,9,At Risk (High Value),0.6059,Medium Risk,1.0
16257,2011-06-16,2011-06-16,1,46.95,177,1,46.95,3,1,1,5,Needs Attention,0.7314,High Risk,1.0
16258,2010-03-10,2011-10-25,15,11942.52,46,15,11942.52,4,5,5,14,Champions,0.1505,Low Risk,0.0
16259,2010-04-13,2010-10-25,3,361.94,411,3,361.94,1,3,2,6,Hibernating / Churned,0.6462,Medium Risk,1.0
16260,2011-10-20,2011-10-20,1,1035.45,51,1,1035.45,4,2,3,9,New / Promising,,Not Scored (Recent),
16261,2010-09-23,2011-11-22,6,1059.45,18,6,1059.45,5,4,3,12,Loyal Users,0.3524,Low Risk,0.0
16262,2010-11-26,2010-11-26,1,755.15,379,1,755.15,2,2,3,7,At Risk (High Value),0.666,Medium Risk,1.0
16263,2010-10-12,2010-10-12,1,351.01,424,1,351.01,1,1,2,4,Hibernating / Churned,0.7621,High Risk,1.0
16264,2010-09-19,2010-09-27,2,837.53,439,2,837.53,1,2,3,6,Hibernating / Churned,0.618,Medium Risk,1.0
16265,2010-10-28,2011-11-30,12,6935.17,10,12,6935.17,5,5,5,15,Champions,0.1022,Low Risk,0.0
16266,2010-02-04,2011-09-27,14,1757.95,74,14,1757.95,3,5,4,12,Needs Attention,0.2706,Low Risk,0.0
16267,2010-04-27,2010-04-27,1,186.66,592,1,186.66,1,1,1,3,Hibernating / Churned,0.8511,High Risk,1.0
16268,2011-09-29,2011-09-29,2,667.65,72,2,667.65,3,2,3,8,Needs Attention,,Not Scored (Recent),
16269,2010-09-28,2010-09-28,1,717.5699999999999,438,1,717.5699999999999,1,2,3,6,Hibernating / Churned,0.6801,Medium Risk,1.0
16270,2010-12-21,2010-12-21,1,1141.24,354,1,1141.24,2,2,3,7,At Risk (High Value),0.6945,Medium Risk,1.0
16271,2010-03-07,2011-12-07,10,3463.02,3,10,3463.02,5,5,5,15,Champions,0.1922,Low Risk,0.0
16272,2011-08-15,2011-08-15,1,411.7,117,1,411.7,3,2,2,7,Needs Attention,0.4808,Medium Risk,1.0
16273,2010-02-21,2010-03-01,2,336.04,649,2,336.04,1,2,2,5,Hibernating / Churned,0.7858,High Risk,1.0
16274,2010-12-01,2010-12-01,1,715.9,374,1,715.9,2,2,3,7,At Risk (High Value),0.6431,Medium Risk,1.0
16275,2010-03-08,2011-05-27,3,2151.11,197,3,2151.11,2,3,4,9,At Risk (High Value),0.4852,Medium Risk,1.0
16276,2010-04-11,2011-06-16,3,2629.39,177,3,2629.39,3,3,4,10,Needs Attention,0.5348,Medium Risk,1.0
16277,2009-12-06,2009-12-06,1,188.69,734,1,188.69,1,1,1,3,Hibernating / Churned,0.8741,High Risk,1.0
16278,2010-07-28,2011-08-31,3,1117.84,101,3,1117.84,3,3,3,9,Needs Attention,0.6404,Medium Risk,1.0
16279,2010-04-22,2011-11-18,9,5705.08,22,9,5705.08,4,5,5,14,Champions,0.2003,Low Risk,0.0
16280,2009-12-14,2009-12-14,1,238.05,726,1,238.05,1,1,1,3,Hibernating / Churned,0.8566,High Risk,1.0
16281,2010-01-26,2011-09-28,3,3424.02,73,3,3424.02,3,3,5,11,Needs Attention,0.7065,High Risk,0.0
16282,2009-12-21,2011-01-04,3,1307.58,340,3,1307.58,2,3,4,9,At Risk (High Value),0.6271,Medium Risk,1.0
16283,2010-02-28,2011-12-04,8,4403.82,6,8,4403.82,5,5,5,15,Champions,0.296,Low Risk,0.0
16284,2010-11-11,2011-11-08,3,1029.77,32,3,1029.77,4,3,3,10,Loyal Users,0.7521,High Risk,0.0
16285,2010-03-03,2010-03-03,1,176.9,647,1,176.9,1,1,1,3,Hibernating / Churned,0.8512,High Risk,1.0
16286,2010-03-26,2010-08-19,2,328.95,478,2,328.95,1,2,2,5,Hibernating / Churned,0.8239,High Risk,1.0
16287,2010-01-19,2011-06-23,5,1006.98,170,5,1006.98,3,4,3,10,Needs Attention,0.4288,Medium Risk,1.0
16288,2010-08-26,2010-08-26,1,129.85,471,1,129.85,1,1,1,3,Hibernating / Churned,0.8521,High Risk,1.0
16289,2010-09-03,2010-09-03,1,136.31,463,1,136.31,1,1,1,3,Hibernating / Churned,0.8264,High Risk,1.0
16290,2010-05-23,2010-09-01,4,2069.3,465,4,2069.3,1,4,4,9,Hibernating / Churned,0.6999,Medium Risk,1.0
16291,2010-01-26,2010-01-26,1,117.72,683,1,117.72,1,1,1,3,Hibernating / Churned,0.879,High Risk,1.0
16292,2010-04-14,2011-08-10,5,1253.76,122,5,1253.76,3,4,4,11,Needs Attention,0.4088,Medium Risk,1.0
16293,2009-12-11,2011-11-18,15,4657.95,22,15,4657.95,4,5,5,14,Champions,0.1814,Low Risk,0.0
16294,2010-08-20,2010-08-20,1,126.05,477,1,126.05,1,1,1,3,Hibernating / Churned,0.8597,High Risk,1.0
16295,2011-10-06,2011-11-30,4,1328.55,10,4,1328.55,5,4,4,13,Champions,,Not Scored (Recent),
16296,2009-12-18,2010-03-23,4,1313.67,627,4,1313.67,1,4,4,9,Hibernating / Churned,0.7214,High Risk,1.0
16297,2011-03-16,2011-03-16,1,301.9,269,1,301.9,2,1,2,5,Hibernating / Churned,0.7563,High Risk,1.0
16298,2010-09-23,2011-11-17,7,1085.7,23,7,1085.7,4,4,3,11,Loyal Users,0.4087,Medium Risk,0.0
16299,2010-08-19,2010-08-19,1,193.65,478,1,193.65,1,1,1,3,Hibernating / Churned,0.8331,High Risk,1.0
16300,2010-02-02,2010-10-05,3,1392.43,431,3,1392.43,1,3,4,8,Hibernating / Churned,0.577,Medium Risk,1.0
16301,2009-12-03,2009-12-03,1,107.33,737,1,107.33,1,1,1,3,Hibernating / Churned,0.8616,High Risk,1.0
16302,2011-08-05,2011-08-05,1,233.22,127,1,233.22,3,1,1,5,Needs Attention,0.5766,Medium Risk,1.0
16303,2010-03-18,2011-11-14,7,7928.2699999999995,26,7,7928.2699999999995,4,4,5,13,Champions,0.3128,Low Risk,0.0
16304,2010-01-14,2010-01-14,1,381.66,695,1,381.66,1,2,2,5,Hibernating / Churned,0.8631,High Risk,1.0
16305,2011-07-24,2011-07-24,1,361.22,139,1,361.22,3,2,2,7,Needs Attention,0.4905,Medium Risk,1.0
16306,2010-10-01,2011-05-10,7,1192.82,214,7,1192.82,2,4,3,9,At Risk (High Value),0.4174,Medium Risk,1.0
16307,2010-05-11,2010-10-06,3,1194.92,430,3,1194.92,1,3,3,7,Hibernating / Churned,0.6541,Medium Risk,1.0
16308,2009-12-15,2011-11-02,7,5120.0,38,7,5120.0,4,4,5,13,Champions,0.3639,Low Risk,0.0
16309,2011-04-13,2011-08-25,2,706.57,107,2,706.57,3,2,3,8,Needs Attention,0.4291,Medium Risk,1.0
16310,2010-03-07,2010-10-21,2,460.08,415,2,460.08,1,2,2,5,Hibernating / Churned,0.6908,Medium Risk,1.0
16311,2011-10-21,2011-11-22,2,616.26,18,2,616.26,5,2,2,9,New / Promising,,Not Scored (Recent),
16312,2010-10-03,2010-10-03,1,171.15,433,1,171.15,1,1,1,3,Hibernating / Churned,0.7937,High Risk,1.0
16313,2011-10-21,2011-12-06,2,274.15,4,2,274.15,5,2,1,8,New / Promising,,Not Scored (Recent),
16314,2010-08-24,2010-11-15,3,1491.4,390,3,1491.4,2,3,4,9,At Risk (High Value),0.5893,Medium Risk,1.0
16315,2010-06-21,2011-01-13,2,402.71,331,2,402.71,2,2,2,6,Hibernating / Churned,0.7073,High Risk,1.0
16316,2010-08-03,2011-10-06,13,5744.91,65,13,5744.91,3,5,5,13,Needs Attention,0.1108,Low Risk,0.0
16317,2010-05-04,2011-08-12,5,2192.51,120,5,2192.51,3,4,4,11,Needs Attention,0.3878,Low Risk,1.0
16318,2011-11-04,2011-11-04,1,328.15,36,1,328.15,4,1,2,7,New / Promising,,Not Scored (Recent),
16319,2011-05-06,2011-05-06,1,404.40000000000003,218,1,404.40000000000003,2,2,2,6,Hibernating / Churned,0.7761,High Risk,1.0
16320,2010-01-27,2011-06-20,6,5628.99,173,6,5628.99,3,4,5,12,Needs Attention,0.3108,Low Risk,1.0
16321,2009-12-01,2011-09-28,7,604.55,73,7,604.55,3,4,2,9,Needs Attention,0.5367,Medium Risk,0.0
16322,2011-11-03,2011-12-08,2,326.75,2,2,326.75,5,2,2,9,New / Promising,,Not Scored (Recent),
16323,2010-05-11,2011-05-27,2,353.66,197,2,353.66,2,2,2,6,Hibernating / Churned,0.7506,High Risk,1.0
16324,2011-06-15,2011-08-03,3,428.68,129,3,428.68,3,3,2,8,Needs Attention,0.3218,Low Risk,1.0
16325,2009-12-04,2011-10-24,12,3597.5,47,12,3597.5,4,5,5,14,Champions,0.1554,Low Risk,0.0
16326,2010-01-28,2011-12-04,24,4826.99,6,24,4826.99,5,5,5,15,Champions,0.069,Low Risk,0.0
16327,2009-12-14,2011-11-25,16,10731.34,15,16,10731.34,5,5,5,15,Champions,0.1266,Low Risk,0.0
16328,2010-05-25,2010-05-25,1,310.83,564,1,310.83,1,1,2,4,Hibernating / Churned,0.8206,High Risk,1.0
16329,2009-12-01,2010-10-08,4,1703.07,428,4,1703.07,1,4,4,9,Hibernating / Churned,0.5726,Medium Risk,1.0
16330,2010-02-15,2011-11-22,7,634.33,18,7,634.33,5,4,3,12,Loyal Users,0.4749,Medium Risk,0.0
16331,2010-03-07,2010-10-03,6,2037.7,433,6,2037.7,1,4,4,9,Hibernating / Churned,0.6004,Medium Risk,1.0
16332,2010-04-29,2011-11-11,11,2010.41,29,11,2010.41,4,5,4,13,Champions,0.3455,Low Risk,0.0
16333,2011-02-03,2011-12-02,22,26626.8,8,22,26626.8,5,5,5,15,Champions,0.1547,Low Risk,0.0
16334,2010-08-04,2010-08-04,1,277.48,493,1,277.48,1,1,1,3,Hibernating / Churned,0.803,High Risk,1.0
16335,2009-12-04,2010-06-06,7,2774.0,552,7,2774.0,1,4,4,9,Hibernating / Churned,0.6496,Medium Risk,1.0
16336,2010-03-18,2010-10-15,4,3517.69,421,4,3517.69,1,4,5,10,Hibernating / Churned,0.5977,Medium Risk,1.0
16337,2011-11-03,2011-11-03,1,151.05,37,1,151.05,4,1,1,6,New / Promising,,Not Scored (Recent),
16338,2011-07-05,2011-07-05,1,214.8,158,1,214.8,3,1,1,5,Needs Attention,0.5938,Medium Risk,1.0
16339,2011-02-28,2011-02-28,1,109.95,285,1,109.95,2,1,1,4,Hibernating / Churned,0.8061,High Risk,1.0
16340,2010-06-06,2011-08-24,3,1526.06,108,3,1526.06,3,3,4,10,Needs Attention,0.5325,Medium Risk,1.0
16341,2010-04-09,2011-11-15,7,3850.79,25,7,3850.79,4,4,5,13,Champions,0.3773,Low Risk,0.0
16342,2011-06-13,2011-09-25,4,322.41,76,4,322.41,3,3,2,8,Needs Attention,0.3507,Low Risk,0.0
16343,2010-10-28,2011-11-23,3,687.07,17,3,687.07,5,3,3,11,Loyal Users,0.7519,High Risk,0.0
16344,2010-02-09,2011-07-04,4,842.42,159,4,842.42,3,3,3,9,Needs Attention,0.5837,Medium Risk,1.0
16345,2010-08-13,2011-10-26,2,1198.74,45,2,1198.74,4,3,3,10,Loyal Users,0.6829,Medium Risk,0.0
16346,2010-11-19,2010-11-19,1,224.51,386,1,224.51,2,1,1,4,Hibernating / Churned,0.7557,High Risk,1.0
16347,2010-03-12,2011-11-28,11,3509.41,12,11,3509.41,5,5,5,15,Champions,0.4177,Medium Risk,0.0
16348,2010-10-05,2011-11-07,8,1798.22,33,8,1798.22,4,4,4,12,Champions,0.3311,Low Risk,0.0
16349,2011-02-22,2011-02-22,1,53.5,291,1,53.5,2,1,1,4,Hibernating / Churned,0.8233,High Risk,1.0
16350,2010-10-07,2011-11-18,9,2253.89,22,9,2253.89,4,5,4,13,Champions,0.4809,Medium Risk,0.0
16351,2009-12-04,2011-01-11,13,3330.0299999999997,333,13,3330.0299999999997,2,5,5,12,At Risk (High Value),0.3969,Low Risk,1.0
16352,2011-11-02,2011-11-22,2,494.44,18,2,494.44,5,2,2,9,New / Promising,,Not Scored (Recent),
16353,2009-12-07,2011-12-06,38,9999.46,4,38,9999.46,5,5,5,15,Champions,0.0687,Low Risk,0.0
16354,2010-04-27,2011-10-07,5,1129.51,64,5,1129.51,3,4,3,10,Needs Attention,0.5048,Medium Risk,0.0
16355,2010-11-29,2010-11-29,1,416.35,376,1,416.35,2,2,2,6,Hibernating / Churned,0.7503,High Risk,1.0
16356,2010-06-06,2011-05-26,6,415.87,198,6,415.87,2,4,2,8,At Risk (High Value),0.4674,Medium Risk,1.0
16357,2010-11-23,2011-11-06,4,868.37,34,4,868.37,4,3,3,10,Loyal Users,0.4285,Medium Risk,0.0
16358,2010-11-10,2011-12-08,5,2919.65,2,5,2919.65,5,4,4,13,Champions,0.4457,Medium Risk,0.0
16359,2010-02-16,2011-12-02,16,2697.75,8,16,2697.75,5,5,4,14,Champions,0.1166,Low Risk,0.0
16360,2011-09-12,2011-12-05,6,3512.53,5,6,3512.53,5,4,5,14,Champions,,Not Scored (Recent),
16361,2011-09-29,2011-11-30,4,896.66,10,4,896.66,5,3,3,11,Loyal Users,,Not Scored (Recent),
16362,2010-09-28,2011-11-07,6,946.94,33,6,946.94,4,4,3,11,Loyal Users,0.7454,High Risk,0.0
16363,2011-10-17,2011-10-17,1,109.36,54,1,109.36,4,1,1,6,New / Promising,,Not Scored (Recent),
16364,2011-07-25,2011-11-28,2,707.04,12,2,707.04,5,2,3,10,New / Promising,0.4759,Medium Risk,0.0
16365,2009-12-11,2011-11-22,15,3307.2,18,15,3307.2,5,5,5,15,Champions,0.0948,Low Risk,0.0
16366,2009-12-16,2011-11-21,4,1548.1299999999999,19,4,1548.1299999999999,5,4,4,13,Champions,0.7183,High Risk,0.0
16367,2010-11-21,2011-11-02,3,1362.4,38,3,1362.4,4,3,4,11,Loyal Users,0.5322,Medium Risk,0.0
16368,2010-09-30,2011-12-07,3,640.21,3,3,640.21,5,3,3,11,Loyal Users,0.7936,High Risk,0.0
16369,2010-04-07,2011-11-21,7,2664.81,19,7,2664.81,5,4,4,13,Champions,0.3615,Low Risk,0.0
16370,2011-04-28,2011-09-18,4,1320.56,83,4,1320.56,3,4,4,11,Needs Attention,0.291,Low Risk,0.0
16371,2010-09-17,2010-09-17,1,157.2,449,1,157.2,1,1,1,3,Hibernating / Churned,0.7989,High Risk,1.0
16372,2010-04-11,2011-11-06,5,1328.61,34,5,1328.61,4,4,4,12,Champions,0.4937,Medium Risk,0.0
16373,2010-10-24,2010-11-22,2,309.49,383,2,309.49,2,2,2,6,Hibernating / Churned,0.709,High Risk,1.0
16374,2010-04-30,2011-10-04,5,1771.45,67,5,1771.45,3,4,4,11,Needs Attention,0.393,Low Risk,0.0
16375,2010-08-26,2010-08-26,2,104.0,471,2,104.0,1,2,1,4,Hibernating / Churned,0.8475,High Risk,1.0
16376,2011-11-22,2011-12-01,2,987.01,9,2,987.01,5,3,3,11,Loyal Users,,Not Scored (Recent),
16377,2010-04-01,2011-03-17,2,1308.48,268,2,1308.48,2,3,4,9,At Risk (High Value),0.6935,Medium Risk,1.0
16378,2011-02-02,2011-04-06,3,362.95,248,3,362.95,2,3,2,7,At Risk (High Value),0.5812,Medium Risk,1.0
16379,2011-09-22,2011-12-05,4,2157.4,5,4,2157.4,5,4,4,13,Champions,,Not Scored (Recent),
16380,2011-10-09,2011-10-09,1,1780.59,62,1,1780.59,3,2,4,9,Needs Attention,,Not Scored (Recent),
16381,2010-10-17,2010-11-09,2,258.7,396,2,258.7,2,2,1,5,Hibernating / Churned,0.6654,Medium Risk,1.0
16382,2010-06-07,2010-10-27,2,353.1,409,2,353.1,2,2,2,6,Hibernating / Churned,0.7076,High Risk,1.0
16383,2010-02-04,2011-09-26,7,2974.84,75,7,2974.84,3,4,5,12,Needs Attention,0.2777,Low Risk,0.0
16384,2010-04-28,2011-09-11,4,1358.95,90,4,1358.95,3,4,4,11,Needs Attention,0.5644,Medium Risk,0.0
16385,2010-03-18,2011-10-10,5,1030.61,61,5,1030.61,3,4,3,10,Needs Attention,0.4743,Medium Risk,0.0
16386,2010-11-17,2011-11-11,3,1102.59,29,3,1102.59,4,3,3,10,Loyal Users,0.5443,Medium Risk,0.0
16387,2010-03-11,2011-01-21,5,918.55,323,5,918.55,2,4,3,9,At Risk (High Value),0.5178,Medium Risk,1.0
16388,2010-02-24,2010-02-24,1,186.05,654,1,186.05,1,1,1,3,Hibernating / Churned,0.8754,High Risk,1.0
16389,2011-03-01,2011-10-17,4,1382.07,54,4,1382.07,4,4,4,12,Champions,0.4255,Medium Risk,0.0
16390,2010-01-29,2010-06-21,3,467.5,537,3,467.5,1,3,2,6,Hibernating / Churned,0.7787,High Risk,1.0
16391,2010-05-27,2010-11-04,4,1103.61,401,4,1103.61,2,3,3,8,At Risk (High Value),0.5063,Medium Risk,1.0
16392,2010-05-27,2011-03-15,3,763.05,270,3,763.05,2,3,3,8,At Risk (High Value),0.472,Medium Risk,1.0
16393,2009-12-01,2011-12-07,23,5561.66,3,23,5561.66,5,5,5,15,Champions,0.0349,Low Risk,0.0
16394,2011-02-23,2011-10-14,5,1555.34,57,5,1555.34,4,4,4,12,Champions,0.3204,Low Risk,0.0
16395,2009-12-06,2011-10-10,14,3537.85,61,14,3537.85,3,5,5,13,Needs Attention,0.1815,Low Risk,0.0
16396,2010-08-20,2010-08-20,1,137.8,477,1,137.8,1,1,1,3,Hibernating / Churned,0.8226,High Risk,1.0
16397,2010-03-21,2010-03-21,1,127.88,629,1,127.88,1,1,1,3,Hibernating / Churned,0.875,High Risk,1.0
16398,2011-03-31,2011-07-08,2,1705.8,155,2,1705.8,3,3,4,10,Needs Attention,0.3657,Low Risk,1.0
16399,2010-11-15,2011-11-20,3,641.82,20,3,641.82,4,3,3,10,Loyal Users,0.5974,Medium Risk,0.0
16400,2009-12-08,2011-09-06,9,3159.44,95,9,3159.44,3,5,5,13,Needs Attention,0.2102,Low Risk,1.0
16401,2010-06-02,2011-12-08,23,6849.15,2,23,6849.15,5,5,5,15,Champions,0.0814,Low Risk,0.0
16402,2010-12-05,2011-03-20,2,511.4,265,2,511.4,2,2,2,6,Hibernating / Churned,0.4873,Medium Risk,1.0
16403,2011-01-31,2011-01-31,1,177.5,313,1,177.5,2,1,1,4,Hibernating / Churned,0.7897,High Risk,1.0
16404,2011-09-30,2011-09-30,1,443.05,71,1,443.05,3,2,2,7,Needs Attention,,Not Scored (Recent),
16405,2011-02-02,2011-02-10,2,167.25,303,2,167.25,2,2,1,5,Hibernating / Churned,0.6954,Medium Risk,1.0
16406,2010-02-24,2011-11-21,3,552.68,19,3,552.68,5,3,2,10,Loyal Users,0.6703,Medium Risk,0.0
16407,2010-10-03,2011-11-27,14,2821.65,13,14,2821.65,5,5,4,14,Champions,0.1379,Low Risk,0.0
16408,2010-04-27,2010-04-27,1,231.93,592,1,231.93,1,1,1,3,Hibernating / Churned,0.8248,High Risk,1.0
16409,2009-12-13,2011-11-03,12,5709.04,37,12,5709.04,4,5,5,14,Champions,0.1011,Low Risk,0.0
16410,2009-12-05,2009-12-05,1,130.32,735,1,130.32,1,1,1,3,Hibernating / Churned,0.8681,High Risk,1.0
16411,2010-10-07,2011-11-20,4,910.19,20,4,910.19,4,3,3,10,Loyal Users,0.4659,Medium Risk,0.0
16412,2010-02-04,2011-10-17,5,647.23,54,5,647.23,4,4,3,11,Loyal Users,0.5252,Medium Risk,0.0
16413,2010-11-29,2011-10-14,2,528.98,57,2,528.98,4,2,2,8,New / Promising,0.7385,High Risk,0.0
16414,2010-01-14,2011-11-18,5,559.71,22,5,559.71,4,4,2,10,Loyal Users,0.5287,Medium Risk,0.0
16415,2010-02-01,2011-10-26,3,719.4399999999999,45,3,719.4399999999999,4,3,3,10,Loyal Users,0.6922,Medium Risk,0.0
16416,2010-02-23,2011-11-13,9,2972.88,27,9,2972.88,4,5,5,14,Champions,0.4885,Medium Risk,0.0
16417,2010-08-04,2010-08-04,1,35.7,493,1,35.7,1,1,1,3,Hibernating / Churned,0.8568,High Risk,1.0
16418,2010-10-13,2011-10-26,5,1101.94,45,5,1101.94,4,4,3,11,Loyal Users,0.3632,Low Risk,0.0
16419,2010-02-09,2011-08-19,8,1487.42,113,8,1487.42,3,4,4,11,Needs Attention,0.3483,Low Risk,1.0
16420,2010-11-08,2010-11-08,1,75.0,397,1,75.0,2,1,1,4,Hibernating / Churned,0.8533,High Risk,1.0
16421,2010-08-27,2010-11-28,3,526.27,377,3,526.27,2,3,2,7,At Risk (High Value),0.618,Medium Risk,1.0
16422,2010-01-12,2011-11-22,109,63651.47,18,109,63651.47,5,5,5,15,Champions,0.0409,Low Risk,0.0
16423,2011-11-15,2011-11-15,1,346.12,25,1,346.12,4,1,2,7,New / Promising,,Not Scored (Recent),
16424,2010-11-22,2011-06-01,2,443.06,192,2,443.06,2,2,2,6,Hibernating / Churned,0.5205,Medium Risk,1.0
16425,2011-02-10,2011-02-10,1,302.7,303,1,302.7,2,1,2,5,Hibernating / Churned,0.7577,High Risk,1.0
16426,2011-03-08,2011-12-07,10,1908.25,3,10,1908.25,5,5,4,14,Champions,0.3217,Low Risk,0.0
16427,2011-02-28,2011-03-21,2,241.06,264,2,241.06,2,2,1,5,Hibernating / Churned,0.6361,Medium Risk,1.0
16428,2010-07-30,2010-10-22,3,660.28,414,3,660.28,1,3,3,7,Hibernating / Churned,0.5335,Medium Risk,1.0
16429,2011-08-25,2011-08-25,1,284.55,107,1,284.55,3,1,1,5,Needs Attention,0.6147,Medium Risk,1.0
16430,2010-01-27,2011-10-13,7,1117.94,58,7,1117.94,4,4,3,11,Loyal Users,0.5513,Medium Risk,0.0
16431,2011-02-15,2011-05-10,3,642.81,214,3,642.81,2,3,3,8,At Risk (High Value),0.409,Medium Risk,1.0
16432,2011-10-06,2011-10-06,1,287.4,65,1,287.4,3,1,1,5,Needs Attention,,Not Scored (Recent),
16433,2010-10-27,2011-11-11,2,384.52,29,2,384.52,4,2,2,8,New / Promising,0.7706,High Risk,0.0
16434,2010-01-17,2011-11-10,12,2741.74,30,12,2741.74,4,5,4,13,Champions,0.2303,Low Risk,0.0
16435,2010-07-13,2010-07-15,3,1011.57,513,3,1011.57,1,3,3,7,Hibernating / Churned,0.712,High Risk,1.0
16436,2009-12-06,2010-02-09,3,329.34,669,3,329.34,1,3,2,6,Hibernating / Churned,0.8469,High Risk,1.0
16437,2010-10-06,2010-11-23,2,301.25,382,2,301.25,2,2,2,6,Hibernating / Churned,0.7166,High Risk,1.0
16438,2011-09-18,2011-12-04,5,798.35,6,5,798.35,5,4,3,12,Loyal Users,,Not Scored (Recent),
16439,2009-12-17,2009-12-17,1,310.7,723,1,310.7,1,1,2,4,Hibernating / Churned,0.8597,High Risk,1.0
16440,2010-08-03,2011-12-02,6,3856.97,8,6,3856.97,5,4,5,14,Champions,0.4949,Medium Risk,0.0
16441,2010-03-22,2011-10-03,5,1034.43,68,5,1034.43,3,4,3,10,Needs Attention,0.5105,Medium Risk,0.0
16442,2009-12-13,2011-12-08,5,899.47,2,5,899.47,5,4,3,12,Loyal Users,0.4889,Medium Risk,0.0
16443,2010-07-07,2010-07-07,1,162.24,521,1,162.24,1,1,1,3,Hibernating / Churned,0.845,High Risk,1.0
16444,2010-03-24,2011-10-24,17,3656.58,47,17,3656.58,4,5,5,14,Champions,0.1035,Low Risk,0.0
16445,2010-10-24,2011-11-06,4,602.73,34,4,602.73,4,3,2,9,Loyal Users,0.6307,Medium Risk,0.0
16446,2011-05-18,2011-12-09,2,168472.5,1,2,168472.5,5,3,5,13,Loyal Users,0.7089,High Risk,0.0
16447,2010-02-17,2011-07-27,3,775.14,136,3,775.14,3,3,3,9,Needs Attention,0.6314,Medium Risk,1.0
16448,2010-08-25,2011-05-25,2,367.87,199,2,367.87,2,2,2,6,Hibernating / Churned,0.5454,Medium Risk,1.0
16449,2011-03-04,2011-05-26,2,707.69,198,2,707.69,2,2,3,7,At Risk (High Value),0.4001,Medium Risk,1.0
16450,2010-02-21,2011-07-13,3,1505.73,150,3,1505.73,3,3,4,10,Needs Attention,0.666,Medium Risk,1.0
16451,2009-12-04,2011-09-13,3,1013.15,88,3,1013.15,3,3,3,9,Needs Attention,0.7178,High Risk,0.0
16452,2010-01-15,2010-03-19,2,332.17,631,2,332.17,1,2,2,5,Hibernating / Churned,0.8426,High Risk,1.0
16453,2010-06-09,2010-06-27,2,251.71,531,2,251.71,1,2,1,4,Hibernating / Churned,0.7836,High Risk,1.0
16454,2010-04-07,2011-10-26,4,30.95,45,4,30.95,4,3,1,8,Loyal Users,0.7985,High Risk,0.0
16455,2010-03-30,2011-10-07,11,4384.37,64,11,4384.37,3,5,5,13,Needs Attention,0.1578,Low Risk,0.0
16456,2010-03-29,2011-09-01,13,6862.91,100,13,6862.91,3,5,5,13,Needs Attention,0.1283,Low Risk,1.0
16457,2011-05-05,2011-05-05,1,208.36,219,1,208.36,2,1,1,4,Hibernating / Churned,0.7475,High Risk,1.0
16458,2010-05-26,2011-12-07,30,5715.34,3,30,5715.34,5,5,5,15,Champions,0.0699,Low Risk,0.0
16459,2009-12-10,2009-12-10,1,71.79,730,1,71.79,1,1,1,3,Hibernating / Churned,0.8881,High Risk,1.0
16460,2011-09-19,2011-11-11,3,814.72,29,3,814.72,4,3,3,10,Loyal Users,,Not Scored (Recent),
16461,2010-03-03,2011-06-15,3,1615.22,178,3,1615.22,3,3,4,10,Needs Attention,0.6375,Medium Risk,1.0
16462,2011-03-01,2011-09-27,3,136.0,74,3,136.0,3,3,1,7,Needs Attention,0.5,Medium Risk,0.0
16463,2011-05-19,2011-11-18,4,1422.4,22,4,1422.4,4,4,4,12,Champions,0.5954,Medium Risk,0.0
16464,2011-07-20,2011-11-20,3,1314.68,20,3,1314.68,4,3,4,11,Loyal Users,0.4714,Medium Risk,0.0
16465,2010-09-21,2010-10-15,2,746.24,421,2,746.24,1,2,3,6,Hibernating / Churned,0.6471,Medium Risk,1.0
16466,2010-03-07,2011-11-06,15,3838.59,34,15,3838.59,4,5,5,14,Champions,0.105,Low Risk,0.0
16467,2009-12-02,2010-07-19,7,2869.16,509,7,2869.16,1,4,4,9,Hibernating / Churned,0.6801,Medium Risk,1.0
16468,2010-08-15,2011-09-26,3,787.52,75,3,787.52,3,3,3,9,Needs Attention,0.6588,Medium Risk,0.0
16469,2010-07-13,2011-11-16,5,828.91,24,5,828.91,4,4,3,11,Loyal Users,0.5228,Medium Risk,0.0
16470,2009-12-11,2011-10-19,11,2458.6,52,11,2458.6,4,5,4,13,Champions,0.1989,Low Risk,0.0
16471,2010-02-25,2011-03-10,4,1189.98,275,4,1189.98,2,3,3,8,At Risk (High Value),0.5305,Medium Risk,1.0
16472,2010-04-21,2010-10-01,2,789.6,435,2,789.6,1,2,3,6,Hibernating / Churned,0.6636,Medium Risk,1.0
16473,2010-11-30,2011-06-28,4,470.83,165,4,470.83,3,3,2,8,Needs Attention,0.4082,Medium Risk,1.0
16474,2011-07-17,2011-12-02,7,1871.5,8,7,1871.5,5,4,4,13,Champions,0.4773,Medium Risk,0.0
16475,2011-03-11,2011-09-12,4,544.3,89,4,544.3,3,3,2,8,Needs Attention,0.3596,Low Risk,0.0
16476,2010-10-04,2010-10-04,1,350.35,432,1,350.35,1,1,2,4,Hibernating / Churned,0.7618,High Risk,1.0
16477,2010-08-12,2011-10-07,11,4320.0199999999995,64,11,4320.0199999999995,3,5,5,13,Needs Attention,0.1185,Low Risk,0.0
16478,2011-10-05,2011-11-14,3,331.0,26,3,331.0,4,3,2,9,Loyal Users,,Not Scored (Recent),
16479,2011-11-29,2011-11-29,2,300.83,11,2,300.83,5,2,2,9,New / Promising,,Not Scored (Recent),
16480,2011-09-25,2011-09-25,1,769.29,76,1,769.29,3,2,3,8,Needs Attention,,Not Scored (Recent),
16481,2010-01-26,2010-01-26,1,453.38,683,1,453.38,1,2,2,5,Hibernating / Churned,0.822,High Risk,1.0
16482,2011-11-24,2011-11-24,1,220.62,16,1,220.62,5,1,1,7,New / Promising,,Not Scored (Recent),
16483,2011-05-31,2011-05-31,1,139.35,193,1,139.35,2,1,1,4,Hibernating / Churned,0.6721,Medium Risk,1.0
16484,2011-06-02,2011-06-19,2,404.3,174,2,404.3,3,2,2,7,Needs Attention,0.3946,Low Risk,1.0
16485,2009-12-06,2011-09-23,5,2294.68,78,5,2294.68,3,4,4,11,Needs Attention,0.5634,Medium Risk,0.0
16486,2010-06-20,2010-06-20,1,134.36,538,1,134.36,1,1,1,3,Hibernating / Churned,0.8468,High Risk,1.0
16487,2010-02-18,2010-05-11,2,209.4,578,2,209.4,1,2,1,4,Hibernating / Churned,0.8092,High Risk,1.0
16488,2011-07-14,2011-11-06,3,498.8,34,3,498.8,4,3,2,9,Loyal Users,0.3515,Low Risk,0.0
16489,2010-09-29,2010-11-24,2,303.7,381,2,303.7,2,2,2,6,Hibernating / Churned,0.7047,High Risk,1.0
16490,2010-09-29,2010-09-29,1,205.41,437,1,205.41,1,1,1,3,Hibernating / Churned,0.7649,High Risk,1.0
16491,2010-10-22,2011-10-24,2,1533.16,47,2,1533.16,4,3,4,11,Loyal Users,0.6648,Medium Risk,0.0
16492,2010-06-17,2010-06-17,1,385.56,541,1,385.56,1,2,2,5,Hibernating / Churned,0.7985,High Risk,1.0
16493,2010-03-26,2011-09-21,7,2132.09,80,7,2132.09,3,4,4,11,Needs Attention,0.3431,Low Risk,0.0
16494,2011-02-16,2011-02-16,1,826.53,297,1,826.53,2,2,3,7,At Risk (High Value),0.6734,Medium Risk,1.0
16495,2011-03-08,2011-12-06,3,684.41,4,3,684.41,5,3,3,11,Loyal Users,0.748,High Risk,0.0
16496,2010-07-18,2011-12-01,6,2330.77,9,6,2330.77,5,4,4,13,Champions,0.3207,Low Risk,0.0
16497,2009-12-03,2011-10-21,23,6695.28,50,23,6695.28,4,5,5,14,Champions,0.1194,Low Risk,0.0
16498,2011-06-30,2011-07-01,2,100.97,162,2,100.97,3,2,1,6,Needs Attention,0.6417,Medium Risk,1.0
16499,2010-06-11,2010-12-14,8,2578.34,361,8,2578.34,2,4,4,10,At Risk (High Value),0.4722,Medium Risk,1.0
16500,2010-06-14,2011-12-05,9,843.91,5,9,843.91,5,5,3,13,Loyal Users,0.5731,Medium Risk,0.0
16501,2010-11-21,2010-11-21,1,1237.23,384,1,1237.23,2,2,3,7,At Risk (High Value),0.6513,Medium Risk,1.0
16502,2010-03-29,2010-03-29,2,266.5,621,2,266.5,1,2,1,4,Hibernating / Churned,0.8068,High Risk,1.0
16503,2010-06-21,2011-08-25,11,3614.34,107,11,3614.34,3,5,5,13,Needs Attention,0.1458,Low Risk,1.0
16504,2011-11-14,2011-11-14,1,484.38,26,1,484.38,4,2,2,8,New / Promising,,Not Scored (Recent),
16505,2011-11-08,2011-11-08,1,777.6,32,1,777.6,4,2,3,9,New / Promising,,Not Scored (Recent),
16506,2011-10-30,2011-11-20,2,90.3,20,2,90.3,4,2,1,7,New / Promising,,Not Scored (Recent),
16507,2010-05-16,2010-05-16,1,152.76,573,1,152.76,1,1,1,3,Hibernating / Churned,0.8222,High Risk,1.0
16508,2010-03-19,2010-03-19,1,248.8,631,1,248.8,1,1,1,3,Hibernating / Churned,0.8335,High Risk,1.0
16509,2011-02-16,2011-02-16,1,363.7,297,1,363.7,2,2,2,6,Hibernating / Churned,0.7779,High Risk,1.0
16510,2010-01-17,2010-12-02,6,2100.0,373,6,2100.0,2,4,4,10,At Risk (High Value),0.3959,Low Risk,1.0
16511,2010-03-01,2011-11-18,6,1819.02,22,6,1819.02,4,4,4,12,Champions,0.3594,Low Risk,0.0
16513,2011-10-27,2011-12-05,4,874.59,5,4,874.59,5,3,3,11,Loyal Users,,Not Scored (Recent),
16515,2010-06-17,2011-10-18,10,3216.3,53,10,3216.3,4,5,5,14,Champions,0.1374,Low Risk,0.0
16516,2011-11-09,2011-11-09,1,101.7,31,1,101.7,4,1,1,6,New / Promising,,Not Scored (Recent),
16517,2011-03-07,2011-03-07,1,162.7,278,1,162.7,2,1,1,4,Hibernating / Churned,0.8088,High Risk,1.0
16518,2010-06-01,2011-10-09,4,959.37,62,4,959.37,3,3,3,9,Needs Attention,0.5496,Medium Risk,0.0
16519,2010-03-01,2011-11-14,4,556.26,26,4,556.26,4,3,2,9,Loyal Users,0.5986,Medium Risk,0.0
16520,2010-03-02,2011-06-06,6,2482.62,187,6,2482.62,3,4,4,11,Needs Attention,0.2945,Low Risk,1.0
16521,2010-03-01,2010-10-20,3,1148.01,416,3,1148.01,1,3,3,7,Hibernating / Churned,0.5619,Medium Risk,1.0
16522,2010-09-15,2010-09-30,2,433.36,436,2,433.36,1,2,2,5,Hibernating / Churned,0.707,High Risk,1.0
16523,2010-01-24,2011-12-08,28,11916.33,2,28,11916.33,5,5,5,15,Champions,0.0808,Low Risk,0.0
16524,2010-01-17,2010-09-19,2,308.14,447,2,308.14,1,2,2,5,Hibernating / Churned,0.6821,Medium Risk,1.0
16525,2009-12-02,2011-12-07,48,24582.64,3,48,24582.64,5,5,5,15,Champions,0.0251,Low Risk,0.0
16526,2010-05-04,2011-06-21,2,717.21,172,2,717.21,3,2,3,8,Needs Attention,0.6859,Medium Risk,1.0
16527,2010-10-11,2011-09-19,2,1272.44,82,2,1272.44,3,3,4,10,Needs Attention,0.6835,Medium Risk,0.0
16528,2011-12-06,2011-12-06,1,244.41,4,1,244.41,5,1,1,7,New / Promising,,Not Scored (Recent),
16529,2010-06-27,2011-06-02,4,2012.0,191,4,2012.0,2,4,4,10,At Risk (High Value),0.4133,Medium Risk,1.0
16530,2010-02-09,2010-02-09,1,48.35,669,1,48.35,1,1,1,3,Hibernating / Churned,0.8823,High Risk,1.0
16531,2010-09-24,2011-11-17,11,2298.33,23,11,2298.33,4,5,4,13,Champions,0.2274,Low Risk,0.0
16532,2010-03-29,2011-11-22,5,8756.64,18,5,8756.64,5,4,5,14,Champions,0.4554,Medium Risk,0.0
16533,2011-10-02,2011-11-20,3,1095.56,20,3,1095.56,4,3,3,10,Loyal Users,,Not Scored (Recent),
16534,2010-03-07,2010-03-07,1,635.9,643,1,635.9,1,2,3,6,Hibernating / Churned,0.7232,High Risk,1.0
16535,2010-01-28,2011-12-04,3,1001.59,6,3,1001.59,5,3,3,11,Loyal Users,0.666,Medium Risk,0.0
16536,2011-08-21,2011-08-21,1,548.97,111,1,548.97,3,2,2,7,Needs Attention,0.4368,Medium Risk,1.0
16537,2010-03-08,2010-03-08,1,23.35,642,1,23.35,1,1,1,3,Hibernating / Churned,0.8506,High Risk,1.0
16538,2010-04-23,2010-06-16,3,399.62,542,3,399.62,1,3,2,6,Hibernating / Churned,0.8331,High Risk,1.0
16539,2010-06-25,2011-12-07,10,3732.01,3,10,3732.01,5,5,5,15,Champions,0.2801,Low Risk,0.0
16540,2010-10-21,2010-10-21,1,226.7,415,1,226.7,1,1,1,3,Hibernating / Churned,0.7435,High Risk,1.0
16541,2009-12-04,2009-12-04,1,424.03000000000003,736,1,424.03000000000003,1,2,2,5,Hibernating / Churned,0.8375,High Risk,1.0
16542,2010-11-03,2011-10-17,2,257.32,54,2,257.32,4,2,1,7,New / Promising,0.803,High Risk,0.0
16543,2010-04-27,2010-04-27,1,292.21,592,1,292.21,1,1,2,4,Hibernating / Churned,0.8278,High Risk,1.0
16544,2010-02-15,2010-07-08,4,376.7,520,4,376.7,1,3,2,6,Hibernating / Churned,0.8257,High Risk,1.0
16545,2010-11-29,2011-06-28,2,689.82,165,2,689.82,3,2,3,8,Needs Attention,0.5436,Medium Risk,1.0
16546,2010-09-23,2011-02-22,5,5606.47,291,5,5606.47,2,4,5,11,At Risk (High Value),0.4633,Medium Risk,1.0
16547,2010-06-11,2010-06-11,1,111.71,547,1,111.71,1,1,1,3,Hibernating / Churned,0.8322,High Risk,1.0
16548,2010-04-19,2010-04-19,1,30.15,600,1,30.15,1,1,1,3,Hibernating / Churned,0.8474,High Risk,1.0
16549,2010-03-28,2011-11-29,34,13182.19,11,34,13182.19,5,5,5,15,Champions,0.1496,Low Risk,0.0
16550,2009-12-02,2011-08-23,18,9435.13,109,18,9435.13,3,5,5,13,Needs Attention,0.0737,Low Risk,1.0
16551,2009-12-13,2011-09-05,7,2237.12,96,7,2237.12,3,4,4,11,Needs Attention,0.3601,Low Risk,1.0
16552,2010-12-01,2011-04-11,2,475.02,243,2,475.02,2,2,2,6,Hibernating / Churned,0.5852,Medium Risk,1.0
16553,2010-02-11,2011-06-29,33,16644.01,164,33,16644.01,3,5,5,13,Needs Attention,0.1328,Low Risk,1.0
16554,2009-12-15,2011-10-28,8,2841.72,43,8,2841.72,4,4,4,12,Champions,0.2974,Low Risk,0.0
16555,2010-07-22,2011-11-04,6,1915.68,36,6,1915.68,4,4,4,12,Champions,0.4214,Medium Risk,0.0
16556,2009-12-07,2011-10-04,17,8012.58,67,17,8012.58,3,5,5,13,Needs Attention,0.0589,Low Risk,0.0
16557,2011-07-25,2011-11-15,2,281.85,25,2,281.85,4,2,1,7,New / Promising,0.5923,Medium Risk,0.0
16558,2009-12-03,2011-12-09,38,13873.51,1,38,13873.51,5,5,5,15,Champions,0.0467,Low Risk,0.0
16559,2010-11-07,2010-11-07,1,185.2,398,1,185.2,2,1,1,4,Hibernating / Churned,0.8014,High Risk,1.0
16560,2009-12-08,2011-11-13,8,3048.38,27,8,3048.38,4,4,5,13,Champions,0.3079,Low Risk,0.0
16561,2011-10-11,2011-12-04,2,511.12,6,2,511.12,5,2,2,9,New / Promising,,Not Scored (Recent),
16562,2010-08-20,2010-08-20,1,223.86,477,1,223.86,1,1,1,3,Hibernating / Churned,0.8113,High Risk,1.0
16563,2009-12-01,2011-10-17,6,4422.76,54,6,4422.76,4,4,5,13,Champions,0.4131,Medium Risk,0.0
16564,2010-05-19,2010-05-19,1,87.80000000000001,570,1,87.80000000000001,1,1,1,3,Hibernating / Churned,0.8473,High Risk,1.0
16565,2010-06-02,2010-12-10,4,773.05,365,4,773.05,2,3,3,8,At Risk (High Value),0.609,Medium Risk,1.0
16566,2011-02-20,2011-11-24,5,614.66,16,5,614.66,5,4,2,11,Loyal Users,0.4301,Medium Risk,0.0
16567,2011-01-07,2011-05-29,2,865.6,195,2,865.6,2,3,3,8,At Risk (High Value),0.4648,Medium Risk,1.0
16568,2010-03-08,2010-10-08,2,1020.9,428,2,1020.9,1,3,3,7,Hibernating / Churned,0.6903,Medium Risk,1.0
16569,2009-12-16,2011-12-06,5,1455.23,4,5,1455.23,5,4,4,13,Champions,0.7036,High Risk,0.0
16570,2010-03-30,2011-11-24,20,7434.31,16,20,7434.31,5,5,5,15,Champions,0.0749,Low Risk,0.0
16571,2010-03-18,2011-11-13,10,4248.74,27,10,4248.74,4,5,5,14,Champions,0.1512,Low Risk,0.0
16572,2011-03-09,2011-08-04,3,1009.6,128,3,1009.6,3,3,3,9,Needs Attention,0.3655,Low Risk,1.0
16573,2011-02-22,2011-09-16,2,663.61,85,2,663.61,3,2,3,8,Needs Attention,0.7332,High Risk,0.0
16574,2010-02-19,2011-09-29,3,1301.78,72,3,1301.78,3,3,4,10,Needs Attention,0.6571,Medium Risk,0.0
16576,2010-07-06,2010-10-15,2,540.87,421,2,540.87,1,2,2,5,Hibernating / Churned,0.6581,Medium Risk,1.0
16577,2010-02-11,2010-02-11,1,380.0,667,1,380.0,1,2,2,5,Hibernating / Churned,0.851,High Risk,1.0
16578,2010-03-23,2010-03-23,1,156.6,627,1,156.6,1,1,1,3,Hibernating / Churned,0.8538,High Risk,1.0
16579,2010-10-10,2010-10-10,1,295.05,426,1,295.05,1,1,2,4,Hibernating / Churned,0.7503,High Risk,1.0
16581,2011-06-10,2011-06-10,1,105.84,183,1,105.84,3,1,1,5,Needs Attention,0.6791,Medium Risk,1.0
16582,2011-08-18,2011-08-18,1,313.62,114,1,313.62,3,1,2,6,Needs Attention,0.6169,Medium Risk,1.0
16583,2010-02-04,2010-12-01,2,531.4,374,2,531.4,2,2,2,6,Hibernating / Churned,0.6651,Medium Risk,1.0
16584,2010-02-16,2011-09-20,5,3163.67,81,5,3163.67,3,4,5,12,Needs Attention,0.4145,Medium Risk,0.0
16585,2010-01-13,2010-04-25,2,341.59000000000003,594,2,341.59000000000003,1,2,2,5,Hibernating / Churned,0.8338,High Risk,1.0
16586,2010-03-14,2011-04-05,3,1462.78,249,3,1462.78,2,3,4,9,At Risk (High Value),0.5996,Medium Risk,1.0
16587,2011-04-21,2011-04-21,1,225.15,233,1,225.15,2,1,1,4,Hibernating / Churned,0.7015,High Risk,1.0
16588,2010-05-14,2010-11-18,4,1361.28,387,4,1361.28,2,4,4,10,At Risk (High Value),0.5653,Medium Risk,1.0
16589,2010-09-15,2011-09-29,4,612.36,72,4,612.36,3,3,2,8,Needs Attention,0.4874,Medium Risk,0.0
16590,2010-10-21,2010-11-04,2,605.9,401,2,605.9,2,2,2,6,Hibernating / Churned,0.6195,Medium Risk,1.0
16591,2011-10-02,2011-10-02,1,213.5,69,1,213.5,3,1,1,5,Needs Attention,,Not Scored (Recent),
16592,2009-12-18,2011-12-05,28,7807.91,5,28,7807.91,5,5,5,15,Champions,0.0585,Low Risk,0.0
16593,2009-12-05,2011-10-20,8,1071.14,51,8,1071.14,4,4,3,11,Loyal Users,0.3758,Low Risk,0.0
16594,2011-09-25,2011-09-25,1,181.09,76,1,181.09,3,1,1,5,Needs Attention,,Not Scored (Recent),
16595,2010-01-17,2011-10-09,5,1810.18,62,5,1810.18,3,4,4,11,Needs Attention,0.4536,Medium Risk,0.0
16596,2009-12-10,2011-11-24,4,579.63,16,4,579.63,5,3,2,10,Loyal Users,0.6482,Medium Risk,0.0
16597,2011-12-05,2011-12-05,1,90.03999999999999,5,1,90.03999999999999,5,1,1,7,New / Promising,,Not Scored (Recent),
16598,2011-02-27,2011-02-27,1,145.05,286,1,145.05,2,1,1,4,Hibernating / Churned,0.8033,High Risk,1.0
16599,2010-11-19,2010-11-19,1,172.8,386,1,172.8,2,1,1,4,Hibernating / Churned,0.8149,High Risk,1.0
16600,2009-12-18,2011-12-05,13,2153.41,5,13,2153.41,5,5,4,14,Champions,0.362,Low Risk,0.0
16601,2010-03-26,2011-10-30,3,684.25,41,3,684.25,4,3,3,10,Loyal Users,0.7003,High Risk,0.0
16602,2010-11-16,2011-11-03,2,763.33,37,2,763.33,4,2,3,9,New / Promising,0.7469,High Risk,0.0
16603,2011-09-09,2011-09-26,2,482.46999999999997,75,2,482.46999999999997,3,2,2,7,Needs Attention,,Not Scored (Recent),
16604,2010-05-20,2010-05-26,2,432.45,563,2,432.45,1,2,2,5,Hibernating / Churned,0.758,High Risk,1.0
16605,2009-12-15,2009-12-15,1,60.48,725,1,60.48,1,1,1,3,Hibernating / Churned,0.8834,High Risk,1.0
16606,2010-10-01,2010-10-31,2,357.66,405,2,357.66,2,2,2,6,Hibernating / Churned,0.7195,High Risk,1.0
16607,2010-04-29,2011-11-22,25,5706.87,18,25,5706.87,5,5,5,15,Champions,0.0786,Low Risk,0.0
16608,2010-02-14,2010-09-12,2,1288.72,454,2,1288.72,1,3,4,8,Hibernating / Churned,0.6915,Medium Risk,1.0
16609,2011-04-01,2011-11-24,7,5493.46,16,7,5493.46,5,4,5,14,Champions,0.2063,Low Risk,0.0
16610,2011-05-04,2011-05-04,1,75.66,220,1,75.66,2,1,1,4,Hibernating / Churned,0.8149,High Risk,1.0
16611,2010-03-10,2011-06-06,6,1785.1299999999999,187,6,1785.1299999999999,3,4,4,11,Needs Attention,0.3866,Low Risk,1.0
16612,2009-12-03,2011-11-07,9,3245.43,33,9,3245.43,4,5,5,14,Champions,0.1744,Low Risk,0.0
16613,2011-09-30,2011-09-30,1,618.59,71,1,618.59,3,2,3,8,Needs Attention,,Not Scored (Recent),
16614,2010-05-10,2011-06-10,3,1179.79,183,3,1179.79,3,3,3,9,Needs Attention,0.5103,Medium Risk,1.0
16615,2010-03-23,2010-03-23,1,291.5,627,1,291.5,1,1,2,4,Hibernating / Churned,0.853,High Risk,1.0
16616,2011-07-05,2011-11-24,2,500.42,16,2,500.42,5,2,2,9,New / Promising,0.5926,Medium Risk,0.0
16617,2011-04-18,2011-04-18,1,151.85,236,1,151.85,2,1,1,4,Hibernating / Churned,0.7917,High Risk,1.0
16618,2011-01-21,2011-11-08,5,2647.59,32,5,2647.59,4,4,4,12,Champions,0.3204,Low Risk,0.0
16619,2010-02-22,2011-03-21,4,1938.33,264,4,1938.33,2,4,4,10,At Risk (High Value),0.4622,Medium Risk,1.0
16620,2009-12-01,2011-12-06,6,1758.93,4,6,1758.93,5,4,4,13,Champions,0.4073,Medium Risk,0.0
16621,2011-03-07,2011-10-19,4,813.48,52,4,813.48,4,3,3,10,Loyal Users,0.3661,Low Risk,0.0
16622,2010-06-14,2010-06-14,1,225.4,544,1,225.4,1,1,1,3,Hibernating / Churned,0.8195,High Risk,1.0
16623,2010-04-26,2011-04-08,4,1015.24,246,4,1015.24,2,3,3,8,At Risk (High Value),0.5189,Medium Risk,1.0
16624,2011-05-26,2011-09-20,2,810.5699999999999,81,2,810.5699999999999,3,2,3,8,Needs Attention,0.589,Medium Risk,0.0
16625,2010-06-14,2011-03-10,5,1654.03,275,5,1654.03,2,4,4,10,At Risk (High Value),0.4244,Medium Risk,1.0
16626,2011-03-18,2011-12-09,17,4413.1,1,17,4413.1,5,5,5,15,Champions,0.1907,Low Risk,0.0
16627,2011-09-21,2011-09-21,1,322.8,80,1,322.8,3,1,2,6,Needs Attention,,Not Scored (Recent),
16628,2010-03-08,2011-11-10,7,2318.1,30,7,2318.1,4,4,4,12,Champions,0.3998,Low Risk,0.0
16629,2011-09-04,2011-09-27,2,417.73,74,2,417.73,3,2,2,7,Needs Attention,0.4728,Medium Risk,0.0
16630,2010-10-28,2010-10-28,1,106.8,408,1,106.8,2,1,1,4,Hibernating / Churned,0.8328,High Risk,1.0
16631,2010-02-26,2010-08-15,7,1892.52,482,7,1892.52,1,4,4,9,Hibernating / Churned,0.6858,Medium Risk,1.0
16632,2010-05-07,2010-08-11,2,406.4,486,2,406.4,1,2,2,5,Hibernating / Churned,0.8393,High Risk,1.0
16633,2011-04-19,2011-11-22,6,2883.1,18,6,2883.1,5,4,4,13,Champions,0.3174,Low Risk,0.0
16634,2010-01-21,2011-05-01,6,1814.61,223,6,1814.61,2,4,4,10,At Risk (High Value),0.405,Medium Risk,1.0
16635,2010-10-29,2010-10-29,1,473.0,407,1,473.0,2,2,2,6,Hibernating / Churned,0.6853,Medium Risk,1.0
16636,2010-03-03,2010-09-27,4,3802.04,439,4,3802.04,1,4,5,10,Hibernating / Churned,0.6041,Medium Risk,1.0
16637,2011-04-28,2011-11-07,4,1154.47,33,4,1154.47,4,3,3,10,Loyal Users,0.3779,Low Risk,0.0
16638,2010-08-18,2011-11-17,15,2430.53,23,15,2430.53,4,5,4,13,Champions,0.164,Low Risk,0.0
16639,2010-10-26,2011-11-08,4,1747.98,32,4,1747.98,4,4,4,12,Champions,0.4075,Medium Risk,0.0
16640,2010-11-07,2010-11-07,1,179.4,398,1,179.4,2,1,1,4,Hibernating / Churned,0.8052,High Risk,1.0
16641,2010-01-07,2011-08-26,2,554.5,106,2,554.5,3,2,2,7,Needs Attention,0.6654,Medium Risk,1.0
16642,2010-10-20,2011-12-05,3,1077.45,5,3,1077.45,5,3,3,11,Loyal Users,0.479,Medium Risk,0.0
16643,2010-10-13,2011-04-08,2,923.11,246,2,923.11,2,3,3,8,At Risk (High Value),0.58,Medium Risk,1.0
16644,2011-05-11,2011-06-15,2,833.78,178,2,833.78,3,2,3,8,Needs Attention,0.3213,Low Risk,1.0
16645,2009-12-04,2009-12-04,1,160.39000000000001,736,1,160.39000000000001,1,1,1,3,Hibernating / Churned,0.8722,High Risk,1.0
16646,2010-09-16,2010-09-16,1,678.8,450,1,678.8,1,2,3,6,Hibernating / Churned,0.6979,Medium Risk,1.0
16647,2010-06-13,2011-06-23,4,541.9,170,4,541.9,3,3,2,8,Needs Attention,0.4456,Medium Risk,1.0
16648,2010-04-28,2011-10-28,3,672.8,43,3,672.8,4,3,3,10,Loyal Users,0.7719,High Risk,0.0
16649,2010-07-07,2010-07-07,1,306.58,521,1,306.58,1,1,2,4,Hibernating / Churned,0.8209,High Risk,1.0
16650,2010-07-08,2011-09-29,7,1916.11,72,7,1916.11,3,4,4,11,Needs Attention,0.6257,Medium Risk,0.0
16651,2010-05-02,2010-05-02,1,136.2,587,1,136.2,1,1,1,3,Hibernating / Churned,0.8528,High Risk,1.0
16652,2010-03-17,2011-10-12,16,17550.39,59,16,17550.39,4,5,5,14,Champions,0.1382,Low Risk,0.0
16653,2011-09-29,2011-11-23,2,1212.66,17,2,1212.66,5,3,3,11,Loyal Users,,Not Scored (Recent),
16654,2010-04-06,2011-07-21,8,1711.47,142,8,1711.47,3,4,4,11,Needs Attention,0.2579,Low Risk,1.0
16655,2010-01-31,2011-11-22,13,6548.37,18,13,6548.37,5,5,5,15,Champions,0.1225,Low Risk,0.0
16656,2009-12-04,2011-11-17,30,16833.170000000002,23,30,16833.170000000002,4,5,5,14,Champions,0.0338,Low Risk,0.0
16657,2011-03-30,2011-11-30,4,933.62,10,4,933.62,5,3,3,11,Loyal Users,0.3475,Low Risk,0.0
16658,2010-03-30,2010-12-06,6,814.0699999999999,369,6,814.0699999999999,2,4,3,9,At Risk (High Value),0.5581,Medium Risk,1.0
16659,2011-06-03,2011-06-03,1,39.12,190,1,39.12,2,1,1,4,Hibernating / Churned,0.7127,High Risk,1.0
16660,2010-01-14,2011-11-23,7,1879.55,17,7,1879.55,5,4,4,13,Champions,0.4894,Medium Risk,0.0
16661,2009-12-17,2010-06-17,4,986.63,541,4,986.63,1,3,3,7,Hibernating / Churned,0.7246,High Risk,1.0
16662,2010-11-10,2010-11-10,1,163.8,395,1,163.8,2,1,1,4,Hibernating / Churned,0.7996,High Risk,1.0
16663,2009-12-10,2009-12-10,1,165.0,730,1,165.0,1,1,1,3,Hibernating / Churned,0.8692,High Risk,1.0
16664,2010-05-19,2010-05-19,1,109.2,570,1,109.2,1,1,1,3,Hibernating / Churned,0.8636,High Risk,1.0
16665,2010-12-12,2010-12-12,1,135.4,363,1,135.4,2,1,1,4,Hibernating / Churned,0.8113,High Risk,1.0
16666,2010-03-28,2011-11-20,2,225.94,20,2,225.94,4,2,1,7,New / Promising,0.8375,High Risk,0.0
16667,2011-02-28,2011-10-02,2,570.13,69,2,570.13,3,2,2,7,Needs Attention,0.7774,High Risk,0.0
16668,2010-03-18,2011-11-24,13,862.42,16,13,862.42,5,5,3,13,Loyal Users,0.2583,Low Risk,0.0
16669,2011-09-22,2011-11-16,3,1374.87,24,3,1374.87,4,3,4,11,Loyal Users,,Not Scored (Recent),
16670,2009-12-10,2011-11-23,20,8030.15,17,20,8030.15,5,5,5,15,Champions,0.0758,Low Risk,0.0
16671,2011-06-28,2011-11-11,3,1692.27,29,3,1692.27,4,3,4,11,Loyal Users,0.603,Medium Risk,0.0
16672,2011-03-18,2011-12-07,20,8134.94,3,20,8134.94,5,5,5,15,Champions,0.1445,Low Risk,0.0
16673,2010-01-29,2010-01-29,1,188.82999999999998,680,1,188.82999999999998,1,1,1,3,Hibernating / Churned,0.8767,High Risk,1.0
16674,2011-09-02,2011-10-16,2,319.61,55,2,319.61,4,2,2,8,New / Promising,0.5788,Medium Risk,0.0
16675,2010-08-18,2010-09-24,2,608.86,442,2,608.86,1,2,2,5,Hibernating / Churned,0.6444,Medium Risk,1.0
16676,2010-10-17,2011-11-06,6,2361.9,34,6,2361.9,4,4,4,12,Champions,0.3368,Low Risk,0.0
16677,2010-02-25,2010-10-24,2,880.62,412,2,880.62,1,3,3,7,Hibernating / Churned,0.6677,Medium Risk,1.0
16678,2011-03-02,2011-12-07,12,3109.99,3,12,3109.99,5,5,5,15,Champions,0.1769,Low Risk,0.0
16679,2010-06-10,2010-12-08,3,793.06,367,3,793.06,2,3,3,8,At Risk (High Value),0.5757,Medium Risk,1.0
16680,2010-06-23,2011-10-27,3,821.45,44,3,821.45,4,3,3,10,Loyal Users,0.6611,Medium Risk,0.0
16681,2010-03-08,2011-09-28,7,1921.84,73,7,1921.84,3,4,4,11,Needs Attention,0.4616,Medium Risk,0.0
16682,2011-06-05,2011-12-05,5,1028.0,5,5,1028.0,5,4,3,12,Loyal Users,0.4147,Medium Risk,0.0
16683,2010-06-24,2010-06-24,1,320.25,534,1,320.25,1,1,2,4,Hibernating / Churned,0.7967,High Risk,1.0
16684,2009-12-07,2011-12-05,55,147142.77,5,55,147142.77,5,5,5,15,Champions,0.0536,Low Risk,0.0
16685,2011-10-09,2011-10-09,2,324.24,62,2,324.24,3,2,2,7,Needs Attention,,Not Scored (Recent),
16686,2009-12-06,2011-10-23,16,5070.92,48,16,5070.92,4,5,5,14,Champions,0.0638,Low Risk,0.0
16687,2010-11-14,2010-11-14,1,157.63,391,1,157.63,2,1,1,4,Hibernating / Churned,0.8064,High Risk,1.0
16688,2011-10-10,2011-12-08,4,1260.86,2,4,1260.86,5,4,4,13,Champions,,Not Scored (Recent),
16689,2011-09-18,2011-09-25,2,422.6,76,2,422.6,3,2,2,7,Needs Attention,,Not Scored (Recent),
16690,2010-09-14,2011-09-28,4,353.03000000000003,73,4,353.03000000000003,3,3,2,8,Needs Attention,0.5139,Medium Risk,0.0
16691,2010-05-27,2010-10-17,2,178.83,419,2,178.83,1,2,1,4,Hibernating / Churned,0.735,High Risk,1.0
16692,2010-09-24,2011-03-28,4,1914.7,257,4,1914.7,2,4,4,10,At Risk (High Value),0.4998,Medium Risk,1.0
16693,2010-02-21,2011-10-02,5,1199.46,69,5,1199.46,3,4,3,10,Needs Attention,0.4417,Medium Risk,0.0
16694,2009-12-16,2009-12-16,1,98.3,724,1,98.3,1,1,1,3,Hibernating / Churned,0.8713,High Risk,1.0
16695,2010-05-27,2010-05-27,2,193.15,562,2,193.15,1,2,1,4,Hibernating / Churned,0.8178,High Risk,1.0
16696,2011-04-05,2011-07-27,4,657.9,136,4,657.9,3,3,3,9,Needs Attention,0.4104,Medium Risk,1.0
16697,2011-04-12,2011-04-12,1,112.75,242,1,112.75,2,1,1,4,Hibernating / Churned,0.7884,High Risk,1.0
16698,2011-03-31,2011-04-27,2,1998.0,227,2,1998.0,2,3,4,9,At Risk (High Value),0.551,Medium Risk,1.0
16699,2009-12-04,2010-11-24,7,994.6,381,7,994.6,2,4,3,9,At Risk (High Value),0.5396,Medium Risk,1.0
16700,2009-12-02,2011-12-01,25,9167.71,9,25,9167.71,5,5,5,15,Champions,0.0391,Low Risk,0.0
16701,2009-12-01,2011-12-01,26,9916.73,9,26,9916.73,5,5,5,15,Champions,0.0429,Low Risk,0.0
16702,2009-12-07,2010-10-20,4,1110.83,416,4,1110.83,1,3,3,7,Hibernating / Churned,0.5758,Medium Risk,1.0
16704,2010-02-05,2010-03-31,2,695.66,619,2,695.66,1,2,3,6,Hibernating / Churned,0.7251,High Risk,1.0
16705,2009-12-09,2011-12-09,42,43515.05,1,42,43515.05,5,5,5,15,Champions,0.025,Low Risk,0.0
16706,2011-08-17,2011-11-02,3,531.35,38,3,531.35,4,3,2,9,Loyal Users,0.3432,Low Risk,0.0
16707,2010-03-09,2010-11-04,4,551.11,401,4,551.11,2,3,2,7,At Risk (High Value),0.5921,Medium Risk,1.0
16708,2011-10-25,2011-10-25,1,656.63,46,1,656.63,4,2,3,9,New / Promising,,Not Scored (Recent),
16709,2009-12-09,2011-09-16,14,9087.46,85,14,9087.46,3,5,5,13,Needs Attention,0.1409,Low Risk,0.0
16710,2009-12-04,2011-11-20,22,6349.09,20,22,6349.09,5,5,5,15,Champions,0.0703,Low Risk,0.0
16711,2009-12-02,2011-12-06,9,2868.48,4,9,2868.48,5,5,4,14,Champions,0.3667,Low Risk,0.0
16712,2010-11-03,2011-11-30,13,4266.99,10,13,4266.99,5,5,5,15,Champions,0.1269,Low Risk,0.0
16713,2009-12-15,2011-11-21,32,14560.69,19,32,14560.69,5,5,5,15,Champions,0.0364,Low Risk,0.0
16714,2010-02-07,2011-05-05,4,1529.8,219,4,1529.8,2,4,4,10,At Risk (High Value),0.6232,Medium Risk,1.0
16715,2010-05-26,2011-09-22,2,625.52,79,2,625.52,3,2,3,8,Needs Attention,0.8211,High Risk,0.0
16716,2010-03-19,2011-03-18,3,2149.68,267,3,2149.68,2,3,4,9,At Risk (High Value),0.6128,Medium Risk,1.0
16717,2009-12-07,2011-11-16,14,6986.23,24,14,6986.23,4,5,5,14,Champions,0.1617,Low Risk,0.0
16718,2009-12-06,2010-12-05,5,3647.53,370,5,3647.53,2,4,5,11,At Risk (High Value),0.4171,Medium Risk,1.0
16719,2009-12-13,2011-11-25,14,3973.3,15,14,3973.3,5,5,5,15,Champions,0.1093,Low Risk,0.0
16720,2009-12-17,2011-11-13,3,795.48,27,3,795.48,4,3,3,10,Loyal Users,0.5801,Medium Risk,0.0
16721,2011-03-22,2011-03-22,1,292.47,263,1,292.47,2,1,2,5,Hibernating / Churned,0.7462,High Risk,1.0
16722,2009-12-03,2011-11-22,22,8989.08,18,22,8989.08,5,5,5,15,Champions,0.0275,Low Risk,0.0
16723,2009-12-04,2011-09-09,4,1301.63,92,4,1301.63,3,4,4,11,Needs Attention,0.4961,Medium Risk,0.0
16724,2010-10-31,2010-10-31,1,147.35,405,1,147.35,2,1,1,4,Hibernating / Churned,0.8076,High Risk,1.0
16725,2009-12-13,2011-02-10,14,1882.11,303,14,1882.11,2,5,4,11,At Risk (High Value),0.3646,Low Risk,1.0
16726,2010-10-24,2011-11-13,7,2088.41,27,7,2088.41,4,4,4,12,Champions,0.2708,Low Risk,0.0
16727,2010-01-20,2010-12-10,4,1437.42,365,4,1437.42,2,4,4,10,At Risk (High Value),0.4668,Medium Risk,1.0
16728,2011-03-20,2011-10-24,4,1054.67,47,4,1054.67,4,3,3,10,Loyal Users,0.3183,Low Risk,0.0
16729,2011-04-12,2011-11-01,21,7239.92,39,21,7239.92,4,5,5,14,Champions,0.1389,Low Risk,0.0
16730,2011-01-24,2011-10-18,3,743.11,53,3,743.11,4,3,3,10,Loyal Users,0.5173,Medium Risk,0.0
16731,2010-03-01,2010-03-01,1,174.05,649,1,174.05,1,1,1,3,Hibernating / Churned,0.8395,High Risk,1.0
16732,2009-12-08,2011-11-08,4,4387.64,32,4,4387.64,4,4,5,13,Champions,0.5339,Medium Risk,0.0
16733,2010-06-28,2010-06-28,1,259.68,530,1,259.68,1,1,1,3,Hibernating / Churned,0.8126,High Risk,1.0
16734,2011-08-17,2011-10-18,3,650.51,53,3,650.51,4,3,3,10,Loyal Users,0.4831,Medium Risk,0.0
16735,2009-12-08,2011-09-22,14,6270.56,79,14,6270.56,3,5,5,13,Needs Attention,0.11,Low Risk,0.0
16736,2009-12-03,2010-07-22,5,2956.56,506,5,2956.56,1,4,4,9,Hibernating / Churned,0.5812,Medium Risk,1.0
16737,2010-05-11,2011-10-17,2,835.2,54,2,835.2,4,2,3,9,New / Promising,0.8177,High Risk,0.0
16738,2011-02-15,2011-02-15,1,3.75,298,1,3.75,2,1,1,4,Hibernating / Churned,0.8248,High Risk,1.0
16739,2010-06-21,2011-06-16,2,786.43,177,2,786.43,3,2,3,8,Needs Attention,0.655,Medium Risk,1.0
16740,2010-11-09,2010-11-09,1,236.81,396,1,236.81,2,1,1,4,Hibernating / Churned,0.7474,High Risk,1.0
16741,2010-03-24,2010-03-24,1,173.06,626,1,173.06,1,1,1,3,Hibernating / Churned,0.8694,High Risk,1.0
16742,2009-12-16,2011-10-24,14,2852.61,47,14,2852.61,4,5,4,13,Champions,0.6442,Medium Risk,0.0
16743,2010-04-22,2011-11-10,14,4253.26,30,14,4253.26,4,5,5,14,Champions,0.108,Low Risk,0.0
16744,2011-06-19,2011-11-28,7,1304.76,12,7,1304.76,5,4,4,13,Champions,0.3241,Low Risk,0.0
16745,2011-02-01,2011-09-14,17,7194.3,87,17,7194.3,3,5,5,13,Needs Attention,0.1054,Low Risk,0.0
16746,2009-12-04,2011-12-05,42,18066.4,5,42,18066.4,5,5,5,15,Champions,0.0206,Low Risk,0.0
16747,2011-10-03,2011-11-02,2,836.0600000000001,38,2,836.0600000000001,4,2,3,9,New / Promising,,Not Scored (Recent),
16748,2009-12-10,2011-11-22,14,3637.33,18,14,3637.33,5,5,5,15,Champions,0.2406,Low Risk,0.0
16749,2009-12-15,2010-04-27,2,4387.08,592,2,4387.08,1,3,5,9,Hibernating / Churned,0.7675,High Risk,1.0
16750,2011-04-21,2011-10-26,5,623.93,45,5,623.93,4,4,3,11,Loyal Users,0.3456,Low Risk,0.0
16751,2011-11-09,2011-11-09,1,1764.72,31,1,1764.72,4,2,4,10,New / Promising,,Not Scored (Recent),
16752,2010-12-02,2010-12-02,1,415.0,373,1,415.0,2,2,2,6,Hibernating / Churned,0.7514,High Risk,1.0
16753,2011-10-12,2011-10-12,1,223.92000000000002,59,1,223.92000000000002,3,1,1,5,Needs Attention,,Not Scored (Recent),
16754,2010-03-08,2010-12-02,29,67502.47,373,29,67502.47,2,5,5,12,At Risk (High Value),0.5457,Medium Risk,1.0
16755,2009-12-09,2011-08-17,7,2900.58,115,7,2900.58,3,4,4,11,Needs Attention,0.2137,Low Risk,1.0
16756,2010-03-09,2011-05-09,7,1312.37,215,7,1312.37,2,4,4,10,At Risk (High Value),0.4002,Medium Risk,1.0
16757,2010-10-26,2011-01-25,2,270.48,319,2,270.48,2,2,1,5,Hibernating / Churned,0.6531,Medium Risk,1.0
16758,2011-10-05,2011-10-05,1,369.34,66,1,369.34,3,2,2,7,Needs Attention,,Not Scored (Recent),
16759,2011-11-09,2011-12-02,3,789.79,8,3,789.79,5,3,3,11,Loyal Users,,Not Scored (Recent),
16760,2010-10-05,2010-10-05,1,228.0,431,1,228.0,1,1,1,3,Hibernating / Churned,0.7584,High Risk,1.0
16761,2011-09-04,2011-09-04,1,316.62,97,1,316.62,3,1,2,6,Needs Attention,0.5658,Medium Risk,1.0
16762,2011-07-18,2011-11-20,3,1501.3799999999999,20,3,1501.3799999999999,4,3,4,11,Loyal Users,0.5791,Medium Risk,0.0
16763,2009-12-01,2011-05-25,2,964.7,199,2,964.7,2,3,3,8,At Risk (High Value),0.6811,Medium Risk,1.0
16764,2011-07-19,2011-12-06,13,2799.25,4,13,2799.25,5,5,4,14,Champions,0.2746,Low Risk,0.0
16765,2010-11-22,2011-02-18,2,454.75,295,2,454.75,2,2,2,6,Hibernating / Churned,0.6052,Medium Risk,1.0
16766,2011-03-11,2011-03-11,2,1145.6,274,2,1145.6,2,3,3,8,At Risk (High Value),0.6972,Medium Risk,1.0
16767,2010-04-28,2011-11-09,15,8073.8,31,15,8073.8,4,5,5,14,Champions,0.1098,Low Risk,0.0
16768,2009-12-07,2011-10-23,9,1708.1200000000001,48,9,1708.1200000000001,4,5,4,13,Champions,0.2744,Low Risk,0.0
16769,2009-12-14,2011-03-24,4,1141.75,261,4,1141.75,2,3,3,8,At Risk (High Value),0.5601,Medium Risk,1.0
16770,2010-08-22,2011-10-13,9,1932.1299999999999,58,9,1932.1299999999999,4,5,4,13,Champions,0.3268,Low Risk,0.0
16771,2009-12-09,2011-11-06,10,3967.6,34,10,3967.6,4,5,5,14,Champions,0.2717,Low Risk,0.0
16772,2009-12-18,2010-10-12,3,3723.55,424,3,3723.55,1,3,5,9,Hibernating / Churned,0.6392,Medium Risk,1.0
16773,2009-12-06,2011-10-13,3,421.24,58,3,421.24,4,3,2,9,Loyal Users,0.6422,Medium Risk,0.0
16774,2010-02-16,2011-10-03,8,1594.45,68,8,1594.45,3,4,4,11,Needs Attention,0.3219,Low Risk,0.0
16775,2010-09-23,2011-11-29,16,3056.89,11,16,3056.89,5,5,5,15,Champions,0.0976,Low Risk,0.0
16776,2010-10-20,2011-10-10,2,619.85,61,2,619.85,3,2,3,8,Needs Attention,0.7367,High Risk,0.0
16777,2010-03-17,2011-09-20,5,1307.76,81,5,1307.76,3,4,4,11,Needs Attention,0.4531,Medium Risk,0.0
16778,2011-03-10,2011-09-26,2,245.94,75,2,245.94,3,2,1,6,Needs Attention,0.8267,High Risk,0.0
16779,2009-12-03,2011-12-07,53,33268.24,3,53,33268.24,5,5,5,15,Champions,0.0187,Low Risk,0.0
16780,2010-10-28,2011-08-31,3,605.55,101,3,605.55,3,3,2,8,Needs Attention,0.4427,Medium Risk,1.0
16781,2010-02-08,2010-12-02,2,934.25,373,2,934.25,2,3,3,8,At Risk (High Value),0.6522,Medium Risk,1.0
16782,2009-12-09,2011-11-29,38,10438.41,11,38,10438.41,5,5,5,15,Champions,0.052,Low Risk,0.0
16783,2010-09-29,2010-09-29,1,391.95,437,1,391.95,1,2,2,5,Hibernating / Churned,0.7488,High Risk,1.0
16784,2010-03-28,2011-11-20,5,896.53,20,5,896.53,4,4,3,11,Loyal Users,0.4867,Medium Risk,0.0
16785,2010-10-26,2010-10-26,1,533.78,410,1,533.78,2,2,2,6,Hibernating / Churned,0.6797,Medium Risk,1.0
16786,2010-11-11,2010-11-11,1,51.84,394,1,51.84,2,1,1,4,Hibernating / Churned,0.8497,High Risk,1.0
16787,2010-01-10,2010-11-07,4,1035.43,398,4,1035.43,2,3,3,8,At Risk (High Value),0.5549,Medium Risk,1.0
16788,2010-02-07,2011-08-08,5,1950.3,124,5,1950.3,3,4,4,11,Needs Attention,0.3847,Low Risk,1.0
16789,2011-12-01,2011-12-01,1,80.8,9,1,80.8,5,1,1,7,New / Promising,,Not Scored (Recent),
16790,2011-11-02,2011-12-06,6,1545.62,4,6,1545.62,5,4,4,13,Champions,,Not Scored (Recent),
16791,2009-12-03,2011-11-10,15,4038.69,30,15,4038.69,4,5,5,14,Champions,0.0872,Low Risk,0.0
16792,2010-01-04,2011-03-02,5,623.46,283,5,623.46,2,4,3,9,At Risk (High Value),0.4586,Medium Risk,1.0
16793,2011-10-13,2011-10-13,1,243.84,58,1,243.84,4,1,1,6,New / Promising,,Not Scored (Recent),
16794,2010-03-25,2011-12-08,15,2090.91,2,15,2090.91,5,5,4,14,Champions,0.253,Low Risk,0.0
16795,2010-01-25,2010-12-09,3,2492.39,366,3,2492.39,2,3,4,9,At Risk (High Value),0.5054,Medium Risk,1.0
16796,2011-09-11,2011-09-11,1,305.62,90,1,305.62,3,1,2,6,Needs Attention,,Not Scored (Recent),
16797,2009-12-02,2010-11-11,5,1827.77,394,5,1827.77,2,4,4,10,At Risk (High Value),0.4167,Medium Risk,1.0
16798,2009-12-10,2010-06-03,3,848.71,555,3,848.71,1,3,3,7,Hibernating / Churned,0.6413,Medium Risk,1.0
16799,2010-09-12,2010-10-03,2,495.98,433,2,495.98,1,2,2,5,Hibernating / Churned,0.6256,Medium Risk,1.0
16800,2011-11-28,2011-11-28,1,1201.49,12,1,1201.49,5,2,3,10,New / Promising,,Not Scored (Recent),
16801,2011-03-11,2011-06-29,4,1619.73,164,4,1619.73,3,4,4,11,Needs Attention,0.2934,Low Risk,1.0
16802,2009-12-09,2010-01-29,2,582.61,680,2,582.61,1,2,2,5,Hibernating / Churned,0.7421,High Risk,1.0
16803,2011-10-05,2011-10-05,1,332.3,66,1,332.3,3,1,2,6,Needs Attention,,Not Scored (Recent),
16804,2011-03-14,2011-11-16,3,536.99,24,3,536.99,4,3,2,9,Loyal Users,0.7998,High Risk,0.0
16805,2009-12-08,2011-06-19,5,1097.24,174,5,1097.24,3,4,3,10,Needs Attention,0.4374,Medium Risk,1.0
16806,2011-04-14,2011-08-28,4,801.49,104,4,801.49,3,3,3,9,Needs Attention,0.3018,Low Risk,1.0
16807,2010-03-26,2011-07-20,6,2123.88,143,6,2123.88,3,4,4,11,Needs Attention,0.3444,Low Risk,1.0
16808,2011-03-10,2011-09-01,2,288.42,100,2,288.42,3,2,1,6,Needs Attention,0.4863,Medium Risk,1.0
16809,2010-04-13,2011-11-16,9,1727.43,24,9,1727.43,4,5,4,13,Champions,0.3058,Low Risk,0.0
16810,2010-10-15,2011-05-31,2,842.04,193,2,842.04,2,2,3,7,At Risk (High Value),0.4907,Medium Risk,1.0
16811,2011-11-22,2011-12-05,2,547.0699999999999,5,2,547.0699999999999,5,2,2,9,New / Promising,,Not Scored (Recent),
16812,2010-11-22,2010-12-14,4,2392.0,361,4,2392.0,2,4,4,10,At Risk (High Value),0.5254,Medium Risk,1.0
16813,2011-05-19,2011-12-01,10,1692.98,9,10,1692.98,5,5,4,14,Champions,0.2041,Low Risk,0.0
16814,2010-04-11,2011-11-25,36,12499.71,15,36,12499.71,5,5,5,15,Champions,0.049,Low Risk,0.0
16815,2010-06-21,2010-09-12,2,410.97,454,2,410.97,1,2,2,5,Hibernating / Churned,0.7607,High Risk,1.0
16816,2010-12-16,2011-08-28,4,417.06,104,4,417.06,3,3,2,8,Needs Attention,0.4152,Medium Risk,1.0
16817,2010-10-04,2011-12-07,13,2804.9,3,13,2804.9,5,5,4,14,Champions,0.163,Low Risk,0.0
16818,2011-05-18,2011-11-29,11,3349.57,11,11,3349.57,5,5,5,15,Champions,0.1511,Low Risk,0.0
16819,2010-08-31,2010-08-31,2,182.59,466,2,182.59,1,2,1,4,Hibernating / Churned,0.8374,High Risk,1.0
16820,2011-09-05,2011-09-05,1,497.61,96,1,497.61,3,2,2,7,Needs Attention,0.4753,Medium Risk,1.0
16821,2010-11-23,2010-11-23,1,113.35,382,1,113.35,2,1,1,4,Hibernating / Churned,0.8292,High Risk,1.0
16822,2010-01-22,2010-01-22,1,181.39,687,1,181.39,1,1,1,3,Hibernating / Churned,0.8629,High Risk,1.0
16823,2009-12-02,2011-04-26,7,2260.09,228,7,2260.09,2,4,4,10,At Risk (High Value),0.3538,Low Risk,1.0
16824,2010-11-11,2011-11-24,3,686.24,16,3,686.24,5,3,3,11,Loyal Users,0.4821,Medium Risk,0.0
16825,2010-06-23,2011-11-01,5,1826.8899999999999,39,5,1826.8899999999999,4,4,4,12,Champions,0.3736,Low Risk,0.0
16826,2011-10-19,2011-10-19,1,341.7,52,1,341.7,4,1,2,7,New / Promising,,Not Scored (Recent),
16827,2010-04-29,2010-11-11,5,392.13,394,5,392.13,2,4,2,8,At Risk (High Value),0.6929,Medium Risk,1.0
16828,2011-08-19,2011-09-07,2,128.5,94,2,128.5,3,2,1,6,Needs Attention,0.432,Medium Risk,1.0
16829,2010-11-16,2011-07-06,2,513.32,157,2,513.32,3,2,2,7,Needs Attention,0.4744,Medium Risk,1.0
16830,2009-12-13,2011-11-01,4,1207.5,39,4,1207.5,4,3,3,10,Loyal Users,0.59,Medium Risk,0.0
16831,2010-05-24,2010-05-24,1,91.8,565,1,91.8,1,1,1,3,Hibernating / Churned,0.8698,High Risk,1.0
16832,2010-09-07,2011-06-08,5,417.61,185,5,417.61,3,4,2,9,Needs Attention,0.4756,Medium Risk,1.0
16833,2010-03-26,2011-12-08,6,2409.04,2,6,2409.04,5,4,4,13,Champions,0.3777,Low Risk,0.0
16834,2010-02-03,2011-04-26,2,898.9599999999999,228,2,898.9599999999999,2,3,3,8,At Risk (High Value),0.697,Medium Risk,1.0
16835,2010-05-19,2011-08-03,6,1538.41,129,6,1538.41,3,4,4,11,Needs Attention,0.3913,Low Risk,1.0
16836,2010-05-14,2011-10-31,4,782.37,40,4,782.37,4,3,3,10,Loyal Users,0.4699,Medium Risk,0.0
16837,2011-04-08,2011-11-08,11,3170.98,32,11,3170.98,4,5,5,14,Champions,0.1903,Low Risk,0.0
16838,2010-02-14,2011-05-26,4,1159.61,198,4,1159.61,2,3,3,8,At Risk (High Value),0.4974,Medium Risk,1.0
16839,2010-02-11,2011-12-01,44,22310.489999999998,9,44,22310.489999999998,5,5,5,15,Champions,0.0475,Low Risk,0.0
16840,2010-02-03,2010-04-15,2,139.85,604,2,139.85,1,2,1,4,Hibernating / Churned,0.8402,High Risk,1.0
16841,2010-01-12,2011-11-03,12,4006.06,37,12,4006.06,4,5,5,14,Champions,0.1233,Low Risk,0.0
16842,2011-02-10,2011-08-31,3,1264.19,101,3,1264.19,3,3,4,10,Needs Attention,0.3686,Low Risk,1.0
16843,2009-12-10,2011-10-28,35,19571.43,43,35,19571.43,4,5,5,14,Champions,0.0257,Low Risk,0.0
16844,2010-05-06,2010-05-26,2,614.34,563,2,614.34,1,2,2,5,Hibernating / Churned,0.7157,High Risk,1.0
16845,2010-03-31,2010-03-31,1,253.88,619,1,253.88,1,1,1,3,Hibernating / Churned,0.8348,High Risk,1.0
16846,2010-03-10,2011-10-20,3,842.41,51,3,842.41,4,3,3,10,Loyal Users,0.7145,High Risk,0.0
16847,2010-03-31,2011-10-27,2,614.89,44,2,614.89,4,2,2,8,New / Promising,0.7759,High Risk,0.0
16848,2010-10-03,2011-10-18,4,1411.62,53,4,1411.62,4,4,4,12,Champions,0.5999,Medium Risk,0.0
16849,2011-06-06,2011-06-06,1,124.57,187,1,124.57,3,1,1,5,Needs Attention,0.6668,Medium Risk,1.0
16850,2011-01-10,2011-01-10,1,332.40999999999997,334,1,332.40999999999997,2,1,2,5,Hibernating / Churned,0.7398,High Risk,1.0
16851,2011-10-19,2011-12-05,3,342.45,5,3,342.45,5,3,2,10,Loyal Users,,Not Scored (Recent),
16852,2011-06-16,2011-11-29,2,144.91,11,2,144.91,5,2,1,8,New / Promising,0.661,Medium Risk,0.0
16854,2010-03-09,2010-10-18,2,1408.96,418,2,1408.96,1,3,4,8,Hibernating / Churned,0.664,Medium Risk,1.0
16855,2011-10-27,2011-11-16,2,328.4,24,2,328.4,4,2,2,8,New / Promising,,Not Scored (Recent),
16856,2010-09-23,2011-11-25,3,358.49,15,3,358.49,5,3,2,10,Loyal Users,0.7047,High Risk,0.0
16857,2010-09-23,2010-09-23,1,352.8,443,1,352.8,1,1,2,4,Hibernating / Churned,0.7594,High Risk,1.0
16858,2009-12-15,2010-12-06,10,4668.28,369,10,4668.28,2,5,5,12,At Risk (High Value),0.4457,Medium Risk,1.0
16859,2010-03-04,2011-07-18,7,1932.4099999999999,145,7,1932.4099999999999,3,4,4,11,Needs Attention,0.3119,Low Risk,1.0
16860,2010-02-15,2010-09-13,3,1610.62,453,3,1610.62,1,3,4,8,Hibernating / Churned,0.6443,Medium Risk,1.0
16861,2010-07-19,2011-10-11,5,946.59,60,5,946.59,3,4,3,10,Needs Attention,0.4111,Medium Risk,0.0
16862,2010-01-07,2010-06-10,4,662.3299999999999,548,4,662.3299999999999,1,3,3,7,Hibernating / Churned,0.7324,High Risk,1.0
16863,2010-10-26,2011-11-08,3,998.52,32,3,998.52,4,3,3,10,Loyal Users,0.5946,Medium Risk,0.0
16864,2010-04-20,2010-10-01,2,409.25,435,2,409.25,1,2,2,5,Hibernating / Churned,0.718,High Risk,1.0
16865,2010-11-03,2010-11-03,1,130.95,402,1,130.95,2,1,1,4,Hibernating / Churned,0.818,High Risk,1.0
16866,2011-07-01,2011-07-22,3,207.74,141,3,207.74,3,3,1,7,Needs Attention,0.4062,Medium Risk,1.0
16867,2010-01-19,2010-01-19,1,76.74,690,1,76.74,1,1,1,3,Hibernating / Churned,0.8873,High Risk,1.0
16868,2010-04-25,2010-11-10,3,393.39,395,3,393.39,2,3,2,7,At Risk (High Value),0.6852,Medium Risk,1.0
16869,2011-06-17,2011-11-17,4,825.42,23,4,825.42,4,3,3,10,Loyal Users,0.387,Low Risk,0.0
16870,2010-08-27,2010-08-27,1,450.15999999999997,470,1,450.15999999999997,1,2,2,5,Hibernating / Churned,0.7606,High Risk,1.0
16871,2011-03-14,2011-11-17,6,2812.34,23,6,2812.34,4,4,4,12,Champions,0.3082,Low Risk,0.0
16872,2010-09-02,2011-09-23,6,1213.1299999999999,78,6,1213.1299999999999,3,4,3,10,Needs Attention,0.4424,Medium Risk,0.0
16873,2010-02-09,2011-12-05,12,14617.39,5,12,14617.39,5,5,5,15,Champions,0.1223,Low Risk,0.0
16874,2010-11-25,2010-11-25,1,217.74,380,1,217.74,2,1,1,4,Hibernating / Churned,0.7493,High Risk,1.0
16875,2010-01-05,2011-10-03,11,4234.53,68,11,4234.53,3,5,5,13,Needs Attention,0.1195,Low Risk,0.0
16876,2010-11-01,2010-11-01,1,136.01,404,1,136.01,2,1,1,4,Hibernating / Churned,0.8002,High Risk,1.0
16877,2011-05-15,2011-11-27,6,853.72,13,6,853.72,5,4,3,12,Loyal Users,0.4216,Medium Risk,0.0
16878,2011-09-16,2011-09-16,1,13.3,85,1,13.3,3,1,1,5,Needs Attention,,Not Scored (Recent),
16880,2010-08-03,2011-11-09,8,1840.86,31,8,1840.86,4,4,4,12,Champions,0.2728,Low Risk,0.0
16881,2011-10-04,2011-10-04,1,432.0,67,1,432.0,3,2,2,7,Needs Attention,,Not Scored (Recent),
16882,2011-01-26,2011-10-04,3,705.12,67,3,705.12,3,3,3,9,Needs Attention,0.5554,Medium Risk,0.0
16883,2009-12-04,2011-06-05,19,2396.59,188,19,2396.59,3,5,4,12,Needs Attention,0.1789,Low Risk,1.0
16884,2010-05-18,2011-11-02,4,1073.92,38,4,1073.92,4,3,3,10,Loyal Users,0.6801,Medium Risk,0.0
16885,2010-11-19,2011-11-24,4,710.74,16,4,710.74,5,3,3,11,Loyal Users,0.65,Medium Risk,0.0
16886,2010-09-09,2010-09-09,1,134.0,457,1,134.0,1,1,1,3,Hibernating / Churned,0.8243,High Risk,1.0
16887,2009-12-01,2011-11-04,3,660.72,36,3,660.72,4,3,3,10,Loyal Users,0.5989,Medium Risk,0.0
16888,2010-01-07,2010-11-04,3,437.15,401,3,437.15,2,3,2,7,At Risk (High Value),0.6529,Medium Risk,1.0
16889,2010-05-23,2011-05-29,6,2530.9,195,6,2530.9,2,4,4,10,At Risk (High Value),0.2695,Low Risk,1.0
16890,2010-05-06,2010-08-20,3,285.40999999999997,477,3,285.40999999999997,1,3,1,5,Hibernating / Churned,0.8354,High Risk,1.0
16891,2009-12-04,2011-12-08,11,2056.82,2,11,2056.82,5,5,4,14,Champions,0.3203,Low Risk,0.0
16892,2009-12-08,2011-12-08,7,762.1,2,7,762.1,5,4,3,12,Loyal Users,0.6416,Medium Risk,0.0
16893,2010-11-28,2010-12-08,2,401.77,367,2,401.77,2,2,2,6,Hibernating / Churned,0.6209,Medium Risk,1.0
16894,2010-06-22,2010-07-25,3,1324.06,503,3,1324.06,1,3,4,8,Hibernating / Churned,0.6435,Medium Risk,1.0
16895,2010-02-12,2011-10-06,5,1121.42,65,5,1121.42,3,4,3,10,Needs Attention,0.5916,Medium Risk,0.0
16896,2010-06-02,2010-06-02,1,103.95,556,1,103.95,1,1,1,3,Hibernating / Churned,0.8376,High Risk,1.0
16897,2011-01-30,2011-02-13,2,289.78000000000003,300,2,289.78000000000003,2,2,1,5,Hibernating / Churned,0.6572,Medium Risk,1.0
16898,2010-05-12,2011-11-13,5,1016.37,27,5,1016.37,4,4,3,11,Loyal Users,0.3915,Low Risk,0.0
16899,2010-11-07,2011-12-02,8,1721.02,8,8,1721.02,5,4,4,13,Champions,0.3268,Low Risk,0.0
16900,2011-10-07,2011-11-23,3,887.11,17,3,887.11,5,3,3,11,Loyal Users,,Not Scored (Recent),
16901,2009-12-10,2009-12-10,1,204.26,730,1,204.26,1,1,1,3,Hibernating / Churned,0.8677,High Risk,1.0
16902,2011-08-15,2011-08-15,1,1706.88,117,1,1706.88,3,2,4,9,Needs Attention,0.5388,Medium Risk,1.0
16903,2010-10-20,2011-11-10,3,1062.28,30,3,1062.28,4,3,3,10,Loyal Users,0.5314,Medium Risk,0.0
16904,2010-10-24,2011-12-05,21,5132.37,5,21,5132.37,5,5,5,15,Champions,0.075,Low Risk,0.0
16905,2009-12-10,2011-12-04,17,5034.15,6,17,5034.15,5,5,5,15,Champions,0.2634,Low Risk,0.0
16906,2010-05-13,2011-09-19,7,1448.8,82,7,1448.8,3,4,4,11,Needs Attention,0.3526,Low Risk,0.0
16907,2010-07-01,2011-11-10,9,1707.9,30,9,1707.9,4,5,4,13,Champions,0.1853,Low Risk,0.0
16908,2009-12-17,2009-12-17,1,252.59,723,1,252.59,1,1,1,3,Hibernating / Churned,0.8561,High Risk,1.0
16909,2011-09-28,2011-09-28,1,379.14,73,1,379.14,3,2,2,7,Needs Attention,,Not Scored (Recent),
16910,2011-09-09,2011-12-05,8,1510.06,5,8,1510.06,5,4,4,13,Champions,,Not Scored (Recent),
16911,2010-02-16,2010-03-14,2,255.25,636,2,255.25,1,2,1,4,Hibernating / Churned,0.8228,High Risk,1.0
16912,2009-12-09,2011-11-11,15,4480.31,29,15,4480.31,4,5,5,14,Champions,0.1763,Low Risk,0.0
16913,2010-02-26,2011-02-22,3,423.91,291,3,423.91,2,3,2,7,At Risk (High Value),0.7259,High Risk,1.0
16914,2011-11-03,2011-11-03,1,208.46,37,1,208.46,4,1,1,6,New / Promising,,Not Scored (Recent),
16915,2010-05-19,2011-11-30,11,1543.18,10,11,1543.18,5,5,4,14,Champions,0.2081,Low Risk,0.0
16916,2010-10-20,2011-11-16,4,1123.4,24,4,1123.4,4,3,3,10,Loyal Users,0.4645,Medium Risk,0.0
16917,2010-03-17,2011-03-08,2,1857.83,277,2,1857.83,2,3,4,9,At Risk (High Value),0.6613,Medium Risk,1.0
16918,2009-12-03,2011-10-21,16,3213.29,50,16,3213.29,4,5,5,14,Champions,0.1228,Low Risk,0.0
16919,2010-08-19,2011-07-06,24,5125.91,157,24,5125.91,3,5,5,13,Needs Attention,0.1295,Low Risk,1.0
16920,2010-10-24,2010-10-24,1,355.45,412,1,355.45,1,1,2,4,Hibernating / Churned,0.7613,High Risk,1.0
16921,2010-04-18,2011-10-09,3,446.67,62,3,446.67,3,3,2,8,Needs Attention,0.6942,Medium Risk,0.0
16922,2010-05-16,2010-05-16,1,611.08,573,1,611.08,1,2,2,5,Hibernating / Churned,0.6645,Medium Risk,1.0
16923,2010-01-31,2011-11-27,32,13378.36,13,32,13378.36,5,5,5,15,Champions,0.0344,Low Risk,0.0
16924,2011-09-16,2011-11-18,3,846.75,22,3,846.75,4,3,3,10,Loyal Users,,Not Scored (Recent),
16925,2010-06-17,2010-06-17,1,125.65,541,1,125.65,1,1,1,3,Hibernating / Churned,0.8431,High Risk,1.0
16926,2010-07-01,2010-12-03,5,1421.35,372,5,1421.35,2,4,4,10,At Risk (High Value),0.5096,Medium Risk,1.0
16927,2010-12-13,2011-08-16,3,543.05,116,3,543.05,3,3,2,8,Needs Attention,0.475,Medium Risk,1.0
16928,2010-02-03,2011-09-20,29,4113.23,81,29,4113.23,3,5,5,13,Needs Attention,0.145,Low Risk,0.0
16929,2011-07-07,2011-12-06,7,1295.39,4,7,1295.39,5,4,4,13,Champions,0.3407,Low Risk,0.0
16930,2011-10-02,2011-11-13,3,380.55,27,3,380.55,4,3,2,9,Loyal Users,,Not Scored (Recent),
16931,2010-11-07,2011-12-04,23,5233.62,6,23,5233.62,5,5,5,15,Champions,0.0891,Low Risk,0.0
16932,2010-05-17,2011-10-17,3,440.71,54,3,440.71,4,3,2,9,Loyal Users,0.6606,Medium Risk,0.0
16933,2009-12-09,2011-12-08,9,3181.25,2,9,3181.25,5,5,5,15,Champions,0.2693,Low Risk,0.0
16934,2010-03-28,2011-10-16,6,2110.99,55,6,2110.99,4,4,4,12,Champions,0.5904,Medium Risk,0.0
16935,2010-10-14,2010-11-23,3,535.1,382,3,535.1,2,3,2,7,At Risk (High Value),0.598,Medium Risk,1.0
16936,2010-11-19,2011-11-14,2,551.17,26,2,551.17,4,2,2,8,New / Promising,0.7231,High Risk,0.0
16937,2010-07-28,2010-07-28,1,202.1,500,1,202.1,1,1,1,3,Hibernating / Churned,0.8127,High Risk,1.0
16938,2010-02-17,2011-12-01,9,7043.18,9,9,7043.18,5,5,5,15,Champions,0.1474,Low Risk,0.0
16939,2010-02-28,2010-08-08,3,449.0,489,3,449.0,1,3,2,6,Hibernating / Churned,0.7932,High Risk,1.0
16940,2009-12-08,2011-10-18,8,6427.66,53,8,6427.66,4,5,5,14,Champions,0.2027,Low Risk,0.0
16941,2010-04-07,2010-04-07,1,33.0,612,1,33.0,1,1,1,3,Hibernating / Churned,0.8596,High Risk,1.0
16942,2011-04-26,2011-11-27,9,1920.59,13,9,1920.59,5,5,4,14,Champions,0.175,Low Risk,0.0
16943,2010-03-25,2011-05-12,5,1299.49,212,5,1299.49,2,4,4,10,At Risk (High Value),0.4288,Medium Risk,1.0
16944,2010-04-09,2010-04-09,1,101.36,610,1,101.36,1,1,1,3,Hibernating / Churned,0.8695,High Risk,1.0
16945,2009-12-09,2011-11-18,33,8548.16,22,33,8548.16,4,5,5,14,Champions,0.0257,Low Risk,0.0
16946,2010-03-02,2010-11-21,5,1222.04,384,5,1222.04,2,4,3,9,At Risk (High Value),0.5949,Medium Risk,1.0
16947,2010-03-03,2011-04-18,5,955.21,236,5,955.21,2,4,3,9,At Risk (High Value),0.5254,Medium Risk,1.0
16948,2010-02-21,2011-07-24,7,868.77,139,7,868.77,3,4,3,10,Needs Attention,0.3431,Low Risk,1.0
16949,2011-01-27,2011-12-06,6,1286.27,4,6,1286.27,5,4,4,13,Champions,0.3487,Low Risk,0.0
16950,2010-01-24,2011-10-14,10,3784.37,57,10,3784.37,4,5,5,14,Champions,0.1964,Low Risk,0.0
16951,2011-02-08,2011-07-28,3,1277.75,135,3,1277.75,3,3,4,10,Needs Attention,0.3281,Low Risk,1.0
16952,2009-12-11,2011-08-22,5,798.78,110,5,798.78,3,4,3,10,Needs Attention,0.4896,Medium Risk,1.0
16953,2011-11-09,2011-11-09,1,20.8,31,1,20.8,4,1,1,6,New / Promising,,Not Scored (Recent),
16954,2010-01-18,2011-12-09,20,6081.88,1,20,6081.88,5,5,5,15,Champions,0.114,Low Risk,0.0
16955,2010-01-31,2011-06-08,6,1309.41,185,6,1309.41,3,4,4,11,Needs Attention,0.3681,Low Risk,1.0
16956,2011-11-22,2011-11-22,1,308.74,18,1,308.74,5,1,2,8,New / Promising,,Not Scored (Recent),
16957,2011-03-03,2011-04-14,2,416.64,240,2,416.64,2,2,2,6,Hibernating / Churned,0.6015,Medium Risk,1.0
16958,2010-09-30,2010-09-30,1,809.44,436,1,809.44,1,2,3,6,Hibernating / Churned,0.6866,Medium Risk,1.0
16959,2011-09-13,2011-09-13,1,117.35,88,1,117.35,3,1,1,5,Needs Attention,,Not Scored (Recent),
16960,2010-03-02,2011-11-01,8,2043.43,39,8,2043.43,4,4,4,12,Champions,0.3284,Low Risk,0.0
16961,2010-06-25,2011-08-15,3,794.56,117,3,794.56,3,3,3,9,Needs Attention,0.4721,Medium Risk,1.0
16962,2010-10-26,2010-10-26,1,251.04,410,1,251.04,2,1,1,4,Hibernating / Churned,0.7295,High Risk,1.0
16963,2011-06-05,2011-06-05,1,110.55,188,1,110.55,3,1,1,5,Needs Attention,0.6733,Medium Risk,1.0
16964,2009-12-06,2009-12-06,2,207.85,734,2,207.85,1,2,1,4,Hibernating / Churned,0.8342,High Risk,1.0
16965,2011-04-27,2011-04-27,1,201.19,227,1,201.19,2,1,1,4,Hibernating / Churned,0.7569,High Risk,1.0
16966,2011-04-13,2011-12-01,7,2154.97,9,7,2154.97,5,4,4,13,Champions,0.3491,Low Risk,0.0
16967,2011-06-03,2011-06-03,1,319.02,190,1,319.02,2,1,2,5,Hibernating / Churned,0.5943,Medium Risk,1.0
16968,2011-08-24,2011-12-05,2,439.43,5,2,439.43,5,2,2,9,New / Promising,0.469,Medium Risk,0.0
16969,2011-06-01,2011-10-31,3,650.41,40,3,650.41,4,3,3,10,Loyal Users,0.3181,Low Risk,0.0
16970,2010-03-23,2010-03-23,1,71.4,627,1,71.4,1,1,1,3,Hibernating / Churned,0.8786,High Risk,1.0
16971,2011-11-01,2011-11-01,1,357.21,39,1,357.21,4,1,2,7,New / Promising,,Not Scored (Recent),
16972,2010-09-09,2010-11-22,2,786.25,383,2,786.25,2,2,3,7,At Risk (High Value),0.5881,Medium Risk,1.0
16973,2010-11-18,2010-11-18,1,127.0,387,1,127.0,2,1,1,4,Hibernating / Churned,0.8207,High Risk,1.0
16974,2010-05-24,2010-07-05,2,365.5,523,2,365.5,1,2,2,5,Hibernating / Churned,0.83,High Risk,1.0
16975,2010-07-22,2010-10-12,3,926.12,424,3,926.12,1,3,3,7,Hibernating / Churned,0.6517,Medium Risk,1.0
16976,2011-03-17,2011-03-17,1,251.51999999999998,268,1,251.51999999999998,2,1,1,4,Hibernating / Churned,0.7781,High Risk,1.0
16977,2010-03-18,2010-11-09,4,496.0,396,4,496.0,2,3,2,7,At Risk (High Value),0.6542,Medium Risk,1.0
16978,2010-02-11,2011-09-23,3,768.88,78,3,768.88,3,3,3,9,Needs Attention,0.8277,High Risk,0.0
16979,2010-09-15,2011-12-06,9,2859.74,4,9,2859.74,5,5,4,14,Champions,0.3131,Low Risk,0.0
16980,2010-10-07,2011-03-29,3,1473.33,256,3,1473.33,2,3,4,9,At Risk (High Value),0.4745,Medium Risk,1.0
16982,2011-10-10,2011-10-10,1,384.06,61,1,384.06,3,2,2,7,Needs Attention,,Not Scored (Recent),
16983,2010-09-19,2011-11-27,11,3710.22,13,11,3710.22,5,5,5,15,Champions,0.1158,Low Risk,0.0
16984,2010-03-07,2011-09-12,9,10754.8,89,9,10754.8,3,5,5,13,Needs Attention,0.2099,Low Risk,0.0
16985,2009-12-10,2011-11-22,23,10923.16,18,23,10923.16,5,5,5,15,Champions,0.0668,Low Risk,0.0
16986,2010-02-04,2011-11-10,11,4888.75,30,11,4888.75,4,5,5,14,Champions,0.5306,Medium Risk,0.0
16987,2009-12-02,2011-12-06,11,2535.9,4,11,2535.9,5,5,4,14,Champions,0.3411,Low Risk,0.0
16988,2010-11-25,2011-12-04,2,382.67,6,2,382.67,5,2,2,9,New / Promising,0.7445,High Risk,0.0
16989,2011-07-12,2011-12-02,6,1133.25,8,6,1133.25,5,4,3,12,Loyal Users,0.4332,Medium Risk,0.0
16990,2010-10-13,2011-05-05,2,344.0,219,2,344.0,2,2,2,6,Hibernating / Churned,0.6816,Medium Risk,1.0
16991,2010-10-14,2010-10-14,1,1041.21,422,1,1041.21,1,2,3,6,Hibernating / Churned,0.6941,Medium Risk,1.0
16992,2010-02-11,2011-11-29,13,5476.5,11,13,5476.5,5,5,5,15,Champions,0.1213,Low Risk,0.0
16993,2010-05-12,2010-09-02,2,1950.95,464,2,1950.95,1,3,4,8,Hibernating / Churned,0.76,High Risk,1.0
16996,2010-10-18,2011-11-09,9,2123.61,31,9,2123.61,4,5,4,13,Champions,0.2147,Low Risk,0.0
16997,2011-01-18,2011-02-24,3,702.0,289,3,702.0,2,3,3,8,At Risk (High Value),0.5964,Medium Risk,1.0
16998,2010-09-21,2011-07-13,5,402.0,150,5,402.0,3,4,2,9,Needs Attention,0.4682,Medium Risk,1.0
16999,2011-09-26,2011-11-16,2,484.82,24,2,484.82,4,2,2,8,New / Promising,,Not Scored (Recent),
17000,2010-10-27,2010-11-08,2,406.3,397,2,406.3,2,2,2,6,Hibernating / Churned,0.6884,Medium Risk,1.0
17001,2010-03-25,2011-12-09,19,6640.8,1,19,6640.8,5,5,5,15,Champions,0.0857,Low Risk,0.0
17002,2010-03-08,2011-09-15,7,2571.55,86,7,2571.55,3,4,4,11,Needs Attention,0.3371,Low Risk,0.0
17003,2010-05-10,2010-11-02,4,830.16,403,4,830.16,2,3,3,8,At Risk (High Value),0.5883,Medium Risk,1.0
17004,2010-10-11,2011-10-24,4,2425.16,47,4,2425.16,4,4,4,12,Champions,0.5081,Medium Risk,0.0
17005,2010-04-30,2010-08-26,2,742.36,471,2,742.36,1,2,3,6,Hibernating / Churned,0.7455,High Risk,1.0
17006,2010-03-05,2011-12-05,8,1636.32,5,8,1636.32,5,4,4,13,Champions,0.5817,Medium Risk,0.0
17007,2010-09-28,2011-10-20,7,1120.1,51,7,1120.1,4,4,3,11,Loyal Users,0.3397,Low Risk,0.0
17008,2010-10-06,2010-10-06,1,81.36,430,1,81.36,1,1,1,3,Hibernating / Churned,0.8578,High Risk,1.0
17009,2010-06-06,2010-06-06,1,242.06,552,1,242.06,1,1,1,3,Hibernating / Churned,0.8218,High Risk,1.0
17010,2011-11-21,2011-11-21,1,195.35999999999999,19,1,195.35999999999999,5,1,1,7,New / Promising,,Not Scored (Recent),
17011,2010-02-26,2011-11-09,3,671.7,31,3,671.7,4,3,3,10,Loyal Users,0.8099,High Risk,0.0
17012,2009-12-14,2009-12-14,1,384.15999999999997,726,1,384.15999999999997,1,2,2,5,Hibernating / Churned,0.8619,High Risk,1.0
17014,2011-10-04,2011-12-01,3,586.33,9,3,586.33,5,3,2,10,Loyal Users,,Not Scored (Recent),
17015,2011-06-07,2011-11-11,3,1842.56,29,3,1842.56,4,3,4,11,Loyal Users,0.5133,Medium Risk,0.0
17016,2010-05-12,2010-05-12,1,552.4,577,1,552.4,1,2,2,5,Hibernating / Churned,0.7081,High Risk,1.0
17017,2009-12-03,2011-12-07,29,14110.61,3,29,14110.61,5,5,5,15,Champions,0.1414,Low Risk,0.0
17018,2009-12-05,2011-10-30,6,2287.7,41,6,2287.7,4,4,4,12,Champions,0.4182,Medium Risk,0.0
17019,2009-12-02,2011-11-28,11,4012.2,12,11,4012.2,5,5,5,15,Champions,0.2583,Low Risk,0.0
17020,2010-03-03,2010-06-15,2,935.62,543,2,935.62,1,3,3,7,Hibernating / Churned,0.729,High Risk,1.0
17021,2010-04-29,2010-09-23,6,1182.22,443,6,1182.22,1,4,3,8,Hibernating / Churned,0.6723,Medium Risk,1.0
17022,2010-10-03,2011-11-08,2,260.0,32,2,260.0,4,2,1,7,New / Promising,0.7811,High Risk,0.0
17023,2010-01-11,2010-10-18,3,800.18,418,3,800.18,1,3,3,7,Hibernating / Churned,0.5977,Medium Risk,1.0
17024,2011-07-05,2011-10-25,3,95.85,46,3,95.85,4,3,1,8,Loyal Users,0.4397,Medium Risk,0.0
17025,2010-03-08,2011-10-10,5,1510.64,61,5,1510.64,3,4,4,11,Needs Attention,0.5699,Medium Risk,0.0
17026,2010-10-18,2011-06-07,3,208.98000000000002,186,3,208.98000000000002,3,3,1,7,Needs Attention,0.5266,Medium Risk,1.0
17027,2009-12-10,2011-09-22,9,1327.1100000000001,79,9,1327.1100000000001,3,5,4,12,Needs Attention,0.3401,Low Risk,0.0
17028,2009-12-18,2010-05-07,3,1593.83,582,3,1593.83,1,3,4,8,Hibernating / Churned,0.7056,High Risk,1.0
17029,2010-02-14,2011-08-21,7,2137.3,111,7,2137.3,3,4,4,11,Needs Attention,0.3351,Low Risk,1.0
17030,2011-10-07,2011-10-07,1,146.87,64,1,146.87,3,1,1,5,Needs Attention,,Not Scored (Recent),
17031,2010-05-07,2011-11-28,6,2773.85,12,6,2773.85,5,4,4,13,Champions,0.3568,Low Risk,0.0
17032,2009-12-10,2010-06-10,8,3004.6,548,8,3004.6,1,4,5,10,Hibernating / Churned,0.6556,Medium Risk,1.0
17033,2010-11-07,2011-09-14,4,1332.79,87,4,1332.79,3,4,4,11,Needs Attention,0.4436,Medium Risk,0.0
17034,2010-07-14,2011-11-23,5,1283.92,17,5,1283.92,5,4,4,13,Champions,0.5508,Medium Risk,0.0
17035,2009-12-03,2011-04-08,4,613.59,246,4,613.59,2,3,2,7,At Risk (High Value),0.5528,Medium Risk,1.0
17036,2010-11-21,2010-11-21,1,176.9,384,1,176.9,2,1,1,4,Hibernating / Churned,0.8149,High Risk,1.0
17037,2011-09-13,2011-09-13,1,1267.32,88,1,1267.32,3,2,4,9,Needs Attention,,Not Scored (Recent),
17038,2010-10-20,2011-11-09,2,743.17,31,2,743.17,4,2,3,9,New / Promising,0.6743,Medium Risk,0.0
17039,2010-04-14,2010-04-14,1,1954.99,605,1,1954.99,1,2,4,7,Hibernating / Churned,0.7816,High Risk,1.0
17040,2010-06-07,2011-07-25,2,463.25,138,2,463.25,3,2,2,7,Needs Attention,0.7076,High Risk,1.0
17041,2010-04-18,2011-11-13,6,1686.28,27,6,1686.28,4,4,4,12,Champions,0.391,Low Risk,0.0
17042,2011-04-06,2011-12-07,5,1044.3799999999999,3,5,1044.3799999999999,5,4,3,12,Loyal Users,0.2759,Low Risk,0.0
17043,2009-12-09,2011-11-07,8,2616.55,33,8,2616.55,4,4,4,12,Champions,0.3552,Low Risk,0.0
17044,2009-12-07,2011-11-14,12,11962.3,26,12,11962.3,4,5,5,14,Champions,0.4252,Medium Risk,0.0
17045,2010-10-06,2011-08-18,5,827.6800000000001,114,5,827.6800000000001,3,4,3,10,Needs Attention,0.3516,Low Risk,1.0
17046,2010-03-29,2011-07-05,5,1906.07,158,5,1906.07,3,4,4,11,Needs Attention,0.4095,Medium Risk,1.0
17047,2009-12-08,2011-09-15,6,2289.23,86,6,2289.23,3,4,4,11,Needs Attention,0.3979,Low Risk,0.0
17048,2010-01-18,2011-08-14,7,2071.68,118,7,2071.68,3,4,4,11,Needs Attention,0.3401,Low Risk,1.0
17049,2010-03-04,2011-12-07,19,9947.48,3,19,9947.48,5,5,5,15,Champions,0.0827,Low Risk,0.0
17050,2010-01-26,2011-09-04,11,4691.79,97,11,4691.79,3,5,5,13,Needs Attention,0.117,Low Risk,1.0
17051,2010-03-21,2011-05-29,4,714.39,195,4,714.39,2,3,3,8,At Risk (High Value),0.4607,Medium Risk,1.0
17052,2011-11-11,2011-11-11,1,413.75,29,1,413.75,4,2,2,8,New / Promising,,Not Scored (Recent),
17053,2011-08-01,2011-08-01,1,498.48,131,1,498.48,3,2,2,7,Needs Attention,0.574,Medium Risk,1.0
17054,2011-04-08,2011-11-11,5,1356.33,29,5,1356.33,4,4,4,12,Champions,0.2933,Low Risk,0.0
17055,2010-09-20,2010-09-20,1,239.55,446,1,239.55,1,1,1,3,Hibernating / Churned,0.7437,High Risk,1.0
17056,2009-12-01,2009-12-01,1,128.6,739,1,128.6,1,1,1,3,Hibernating / Churned,0.8709,High Risk,1.0
17057,2010-04-22,2010-04-22,1,294.74,597,1,294.74,1,1,2,4,Hibernating / Churned,0.8146,High Risk,1.0
17058,2011-04-14,2011-09-19,3,1179.89,82,3,1179.89,3,3,3,9,Needs Attention,0.3676,Low Risk,0.0
17059,2010-01-26,2011-11-10,9,5602.53,30,9,5602.53,4,5,5,14,Champions,0.1551,Low Risk,0.0
17060,2011-03-18,2011-03-18,1,234.23999999999998,267,1,234.23999999999998,2,1,1,4,Hibernating / Churned,0.7749,High Risk,1.0
17061,2011-04-21,2011-09-27,11,5232.23,74,11,5232.23,3,5,5,13,Needs Attention,0.1955,Low Risk,0.0
17062,2010-09-26,2011-01-30,6,1208.22,314,6,1208.22,2,4,3,9,At Risk (High Value),0.4912,Medium Risk,1.0
17063,2009-12-01,2011-11-18,13,3638.53,22,13,3638.53,4,5,5,14,Champions,0.116,Low Risk,0.0
17064,2011-01-16,2011-10-12,3,859.35,59,3,859.35,4,3,3,10,Loyal Users,0.4486,Medium Risk,0.0
17065,2010-03-12,2010-03-12,2,194.70000000000002,638,2,194.70000000000002,1,2,1,4,Hibernating / Churned,0.8484,High Risk,1.0
17066,2009-12-13,2009-12-13,1,228.34,727,1,228.34,1,1,1,3,Hibernating / Churned,0.8582,High Risk,1.0
17067,2009-12-08,2009-12-15,3,454.53999999999996,725,3,454.53999999999996,1,3,2,6,Hibernating / Churned,0.7703,High Risk,1.0
17068,2010-03-28,2011-11-27,47,9161.08,13,47,9161.08,5,5,5,15,Champions,0.0456,Low Risk,0.0
17069,2009-12-03,2011-11-11,14,5794.28,29,14,5794.28,4,5,5,14,Champions,0.1162,Low Risk,0.0
17070,2010-10-25,2011-08-17,2,445.32,115,2,445.32,3,2,2,7,Needs Attention,0.4461,Medium Risk,1.0
17071,2010-01-24,2011-11-11,13,3801.2,29,13,3801.2,4,5,5,14,Champions,0.1171,Low Risk,0.0
17072,2010-03-24,2010-03-24,1,282.05,626,1,282.05,1,1,1,3,Hibernating / Churned,0.8495,High Risk,1.0
17073,2011-08-22,2011-11-22,4,1446.09,18,4,1446.09,5,4,4,13,Champions,0.4258,Medium Risk,0.0
17074,2010-05-26,2010-05-26,1,203.05,563,1,203.05,1,1,1,3,Hibernating / Churned,0.8337,High Risk,1.0
17075,2009-12-14,2011-11-22,10,2241.73,18,10,2241.73,5,5,4,14,Champions,0.3049,Low Risk,0.0
17076,2009-12-04,2011-11-03,6,1242.75,37,6,1242.75,4,4,3,11,Loyal Users,0.5168,Medium Risk,0.0
17077,2010-05-10,2010-05-10,1,306.0,579,1,306.0,1,1,2,4,Hibernating / Churned,0.8313,High Risk,1.0
17078,2011-11-03,2011-11-03,2,378.2,37,2,378.2,4,2,2,8,New / Promising,,Not Scored (Recent),
17079,2011-09-22,2011-09-22,1,118.8,79,1,118.8,3,1,1,5,Needs Attention,,Not Scored (Recent),
17080,2010-07-01,2011-11-17,7,957.53,23,7,957.53,4,4,3,11,Loyal Users,0.5314,Medium Risk,0.0
17081,2010-02-22,2011-11-14,6,964.39,26,6,964.39,4,4,3,11,Loyal Users,0.4853,Medium Risk,0.0
17082,2009-12-15,2011-11-06,6,4732.03,34,6,4732.03,4,4,5,13,Champions,0.3619,Low Risk,0.0
17083,2010-02-09,2011-08-22,9,4049.79,110,9,4049.79,3,5,5,13,Needs Attention,0.2081,Low Risk,1.0
17084,2010-11-08,2011-11-04,3,5202.97,36,3,5202.97,4,3,5,12,Loyal Users,0.6332,Medium Risk,0.0
17085,2009-12-06,2011-08-08,28,7891.41,124,28,7891.41,3,5,5,13,Needs Attention,0.0956,Low Risk,1.0
17086,2011-10-07,2011-12-02,6,2050.08,8,6,2050.08,5,4,4,13,Champions,,Not Scored (Recent),
17087,2009-12-02,2009-12-02,1,221.53,738,1,221.53,1,1,1,3,Hibernating / Churned,0.8417,High Risk,1.0
17088,2011-03-31,2011-11-11,4,1991.01,29,4,1991.01,4,4,4,12,Champions,0.3164,Low Risk,0.0
17089,2010-11-18,2010-11-18,1,128.45,387,1,128.45,2,1,1,4,Hibernating / Churned,0.8265,High Risk,1.0
17090,2010-07-19,2011-12-05,13,3149.48,5,13,3149.48,5,5,5,15,Champions,0.2201,Low Risk,0.0
17091,2009-12-16,2011-12-07,19,7811.1,3,19,7811.1,5,5,5,15,Champions,0.0525,Low Risk,0.0
17092,2010-02-02,2011-10-20,11,5594.96,51,11,5594.96,4,5,5,14,Champions,0.1258,Low Risk,0.0
17093,2010-04-26,2010-04-26,1,235.88,593,1,235.88,1,1,1,3,Hibernating / Churned,0.827,High Risk,1.0
17094,2010-10-12,2011-01-21,2,402.2,323,2,402.2,2,2,2,6,Hibernating / Churned,0.6757,Medium Risk,1.0
17095,2009-12-15,2011-11-17,7,2572.25,23,7,2572.25,4,4,4,12,Champions,0.3532,Low Risk,0.0
17096,2010-06-02,2011-11-24,11,3759.18,16,11,3759.18,5,5,5,15,Champions,0.1432,Low Risk,0.0
17097,2010-10-05,2011-12-07,9,1340.45,3,9,1340.45,5,5,4,14,Champions,0.2997,Low Risk,0.0
17098,2010-06-17,2010-11-23,3,591.07,382,3,591.07,2,3,2,7,At Risk (High Value),0.593,Medium Risk,1.0
17099,2010-06-24,2010-06-24,1,582.17,534,1,582.17,1,2,2,5,Hibernating / Churned,0.6984,Medium Risk,1.0
17100,2011-11-21,2011-11-21,2,971.74,19,2,971.74,5,3,3,11,Loyal Users,,Not Scored (Recent),
17101,2010-06-07,2011-11-29,7,2507.05,11,7,2507.05,5,4,4,13,Champions,0.4097,Medium Risk,0.0
17102,2011-03-23,2011-03-23,1,25.5,262,1,25.5,2,1,1,4,Hibernating / Churned,0.8375,High Risk,1.0
17103,2009-12-17,2009-12-17,1,424.3,723,1,424.3,1,2,2,5,Hibernating / Churned,0.8374,High Risk,1.0
17104,2010-10-12,2010-10-12,1,474.03000000000003,424,1,474.03000000000003,1,2,2,5,Hibernating / Churned,0.7192,High Risk,1.0
17105,2011-02-06,2011-07-03,2,665.78,160,2,665.78,3,2,3,8,Needs Attention,0.438,Medium Risk,1.0
17106,2010-11-15,2010-11-15,1,491.23,390,1,491.23,2,2,2,6,Hibernating / Churned,0.6859,Medium Risk,1.0
17107,2010-01-31,2011-11-06,10,16075.42,34,10,16075.42,4,5,5,14,Champions,0.1826,Low Risk,0.0
17108,2010-02-14,2010-02-14,1,174.95,664,1,174.95,1,1,1,3,Hibernating / Churned,0.8684,High Risk,1.0
17109,2010-07-30,2011-11-10,8,1295.46,30,8,1295.46,4,4,4,12,Champions,0.4939,Medium Risk,0.0
17110,2010-04-08,2011-06-27,3,510.7,166,3,510.7,3,3,2,8,Needs Attention,0.6193,Medium Risk,1.0
17111,2010-10-10,2011-10-23,2,476.58,48,2,476.58,4,2,2,8,New / Promising,0.755,High Risk,0.0
17112,2010-07-25,2010-07-25,1,205.17,503,1,205.17,1,1,1,3,Hibernating / Churned,0.8123,High Risk,1.0
17113,2010-01-11,2010-05-14,6,2322.59,575,6,2322.59,1,4,4,9,Hibernating / Churned,0.677,Medium Risk,1.0
17114,2011-01-09,2011-12-04,8,808.62,6,8,808.62,5,4,3,12,Loyal Users,0.2857,Low Risk,0.0
17115,2009-12-05,2011-12-01,7,2761.49,9,7,2761.49,5,4,4,13,Champions,0.3327,Low Risk,0.0
17116,2010-03-01,2010-03-01,1,389.78,649,1,389.78,1,2,2,5,Hibernating / Churned,0.8528,High Risk,1.0
17117,2011-02-24,2011-02-24,1,116.2,289,1,116.2,2,1,1,4,Hibernating / Churned,0.8213,High Risk,1.0
17118,2011-01-26,2011-01-26,1,157.02,318,1,157.02,2,1,1,4,Hibernating / Churned,0.8087,High Risk,1.0
17119,2011-10-11,2011-12-06,2,606.91,4,2,606.91,5,2,2,9,New / Promising,,Not Scored (Recent),
17120,2011-04-20,2011-04-20,1,307.46,234,1,307.46,2,1,2,5,Hibernating / Churned,0.7029,High Risk,1.0
17121,2010-11-02,2010-11-02,1,314.74,403,1,314.74,2,1,2,5,Hibernating / Churned,0.7639,High Risk,1.0
17122,2010-07-28,2011-08-12,4,570.5,120,4,570.5,3,3,2,8,Needs Attention,0.4211,Medium Risk,1.0
17123,2010-05-16,2011-07-01,3,977.17,162,3,977.17,3,3,3,9,Needs Attention,0.5241,Medium Risk,1.0
17124,2011-06-07,2011-06-07,1,298.89,186,1,298.89,3,1,2,6,Needs Attention,0.5931,Medium Risk,1.0
17125,2011-10-20,2011-10-20,1,259.35,51,1,259.35,4,1,1,6,New / Promising,,Not Scored (Recent),
17126,2010-08-31,2011-07-10,9,2070.44,153,9,2070.44,3,5,4,12,Needs Attention,0.209,Low Risk,1.0
17127,2009-12-04,2010-10-07,5,1155.03,429,5,1155.03,1,4,3,8,Hibernating / Churned,0.5867,Medium Risk,1.0
17128,2011-01-09,2011-01-09,1,157.09,335,1,157.09,2,1,1,4,Hibernating / Churned,0.8111,High Risk,1.0
17129,2010-07-07,2010-07-07,1,31.85,521,1,31.85,1,1,1,3,Hibernating / Churned,0.8674,High Risk,1.0
17131,2011-09-25,2011-12-04,5,2463.17,6,5,2463.17,5,4,4,13,Champions,,Not Scored (Recent),
17132,2010-08-08,2010-09-13,2,1272.8,453,2,1272.8,1,3,4,8,Hibernating / Churned,0.6625,Medium Risk,1.0
17133,2010-03-21,2011-11-24,12,14622.33,16,12,14622.33,5,5,5,15,Champions,0.2302,Low Risk,0.0
17134,2010-09-23,2011-08-25,3,637.1,107,3,637.1,3,3,3,9,Needs Attention,0.462,Medium Risk,1.0
17135,2010-05-09,2011-11-23,10,1954.16,17,10,1954.16,5,5,4,14,Champions,0.3923,Low Risk,0.0
17136,2010-02-15,2010-02-15,1,231.68,663,1,231.68,1,1,1,3,Hibernating / Churned,0.8461,High Risk,1.0
17137,2010-01-31,2010-10-19,6,1133.6299999999999,417,6,1133.6299999999999,1,4,3,8,Hibernating / Churned,0.5588,Medium Risk,1.0
17138,2010-02-04,2011-03-09,7,4417.2699999999995,276,7,4417.2699999999995,2,4,5,11,At Risk (High Value),0.3216,Low Risk,1.0
17139,2010-01-11,2011-11-24,25,19584.46,16,25,19584.46,5,5,5,15,Champions,0.0602,Low Risk,0.0
17140,2011-04-06,2011-04-06,1,465.32,248,1,465.32,2,2,2,6,Hibernating / Churned,0.6955,Medium Risk,1.0
17141,2010-01-24,2010-10-17,4,754.33,419,4,754.33,1,3,3,7,Hibernating / Churned,0.5329,Medium Risk,1.0
17142,2010-01-24,2011-04-14,4,1283.75,240,4,1283.75,2,4,4,10,At Risk (High Value),0.5383,Medium Risk,1.0
17143,2010-07-12,2010-10-18,2,924.11,418,2,924.11,1,3,3,7,Hibernating / Churned,0.634,Medium Risk,1.0
17144,2011-09-16,2011-12-08,2,984.57,2,2,984.57,5,3,3,11,Loyal Users,,Not Scored (Recent),
17145,2010-02-19,2010-07-15,4,3120.91,513,4,3120.91,1,4,5,10,Hibernating / Churned,0.7034,High Risk,1.0
17146,2010-02-02,2011-08-26,13,5860.24,106,13,5860.24,3,5,5,13,Needs Attention,0.1359,Low Risk,1.0
17147,2010-01-11,2011-11-17,9,3199.95,23,9,3199.95,4,5,5,14,Champions,0.2473,Low Risk,0.0
17148,2011-10-19,2011-10-19,1,124.88,52,1,124.88,4,1,1,6,New / Promising,,Not Scored (Recent),
17149,2010-09-14,2010-09-14,1,143.10000000000002,452,1,143.10000000000002,1,1,1,3,Hibernating / Churned,0.7964,High Risk,1.0
17150,2009-12-06,2010-11-28,6,1375.65,377,6,1375.65,2,4,4,10,At Risk (High Value),0.4842,Medium Risk,1.0
17151,2009-12-04,2009-12-04,1,231.90000000000003,736,1,231.90000000000003,1,1,1,3,Hibernating / Churned,0.8567,High Risk,1.0
17152,2010-10-10,2011-05-29,4,2016.5,195,4,2016.5,2,4,4,10,At Risk (High Value),0.453,Medium Risk,1.0
17153,2011-11-15,2011-11-15,1,213.78,25,1,213.78,4,1,1,6,New / Promising,,Not Scored (Recent),
17154,2011-09-25,2011-09-25,1,329.34,76,1,329.34,3,1,2,6,Needs Attention,,Not Scored (Recent),
17155,2009-12-03,2011-11-22,7,892.46,18,7,892.46,5,4,3,12,Loyal Users,0.4637,Medium Risk,0.0
17156,2010-08-05,2010-08-05,1,591.87,492,1,591.87,1,2,2,5,Hibernating / Churned,0.6954,Medium Risk,1.0
17157,2009-12-04,2011-12-02,19,5151.9,8,19,5151.9,5,5,5,15,Champions,0.19,Low Risk,0.0
17158,2010-03-07,2011-11-07,5,1980.0,33,5,1980.0,4,4,4,12,Champions,0.4844,Medium Risk,0.0
17159,2010-03-04,2011-11-18,5,2099.59,22,5,2099.59,4,4,4,12,Champions,0.4927,Medium Risk,0.0
17160,2009-12-04,2011-11-08,17,10209.16,32,17,10209.16,4,5,5,14,Champions,0.0879,Low Risk,0.0
17161,2010-09-21,2010-09-21,1,856.01,445,1,856.01,1,2,3,6,Hibernating / Churned,0.6784,Medium Risk,1.0
17162,2011-02-07,2011-11-11,10,1715.46,29,10,1715.46,4,5,4,13,Champions,0.1719,Low Risk,0.0
17163,2010-02-02,2011-11-18,4,699.78,22,4,699.78,4,3,3,10,Loyal Users,0.7014,High Risk,0.0
17164,2011-03-11,2011-11-07,7,2467.35,33,7,2467.35,4,4,4,12,Champions,0.3143,Low Risk,0.0
17165,2009-12-11,2011-02-28,6,1794.32,285,6,1794.32,2,4,4,10,At Risk (High Value),0.3837,Low Risk,1.0
17166,2011-05-20,2011-11-01,2,206.34,39,2,206.34,4,2,1,7,New / Promising,0.6747,Medium Risk,0.0
17167,2010-09-20,2010-11-25,3,867.11,380,3,867.11,2,3,3,8,At Risk (High Value),0.5834,Medium Risk,1.0
17168,2010-07-29,2010-07-29,1,400.2,499,1,400.2,1,2,2,5,Hibernating / Churned,0.812,High Risk,1.0
17169,2010-05-10,2011-10-13,3,1156.73,58,3,1156.73,4,3,3,10,Loyal Users,0.669,Medium Risk,0.0
17170,2010-11-15,2010-11-30,2,178.68,375,2,178.68,2,2,1,5,Hibernating / Churned,0.7154,High Risk,1.0
17171,2010-02-16,2011-02-23,2,384.59,290,2,384.59,2,2,2,6,Hibernating / Churned,0.7504,High Risk,1.0
17172,2009-12-13,2011-09-22,3,956.5699999999999,79,3,956.5699999999999,3,3,3,9,Needs Attention,0.6257,Medium Risk,0.0
17173,2011-07-31,2011-12-04,8,3766.6,6,8,3766.6,5,5,5,15,Champions,0.3632,Low Risk,0.0
17174,2011-05-06,2011-05-06,1,59.9,218,1,59.9,2,1,1,4,Hibernating / Churned,0.8066,High Risk,1.0
17175,2011-02-16,2011-10-26,4,1443.69,45,4,1443.69,4,4,4,12,Champions,0.3493,Low Risk,0.0
17176,2010-01-31,2011-05-22,3,902.3199999999999,202,3,902.3199999999999,2,3,3,8,At Risk (High Value),0.5368,Medium Risk,1.0
17177,2010-07-22,2010-07-22,1,119.5,506,1,119.5,1,1,1,3,Hibernating / Churned,0.8325,High Risk,1.0
17178,2009-12-08,2009-12-08,1,436.71,732,1,436.71,1,2,2,5,Hibernating / Churned,0.833,High Risk,1.0
17179,2010-05-26,2011-06-14,6,1507.26,179,6,1507.26,3,4,4,11,Needs Attention,0.3278,Low Risk,1.0
17180,2010-01-21,2011-10-14,11,2256.98,57,11,2256.98,4,5,4,13,Champions,0.2651,Low Risk,0.0
17181,2010-04-23,2011-10-13,3,465.37,58,3,465.37,4,3,2,9,Loyal Users,0.7074,High Risk,0.0
17182,2009-12-21,2010-10-13,2,321.3,423,2,321.3,1,2,2,5,Hibernating / Churned,0.6947,Medium Risk,1.0
17183,2011-08-26,2011-12-02,6,3347.31,8,6,3347.31,5,4,5,14,Champions,0.5845,Medium Risk,0.0
17184,2009-12-09,2010-05-19,2,198.41,570,2,198.41,1,2,1,4,Hibernating / Churned,0.8225,High Risk,1.0
17185,2010-04-20,2010-04-27,3,229.46,592,3,229.46,1,3,1,5,Hibernating / Churned,0.7805,High Risk,1.0
17186,2011-10-10,2011-10-24,2,144.0,47,2,144.0,4,2,1,7,New / Promising,,Not Scored (Recent),
17187,2010-07-01,2011-04-27,2,467.71,227,2,467.71,2,2,2,6,Hibernating / Churned,0.604,Medium Risk,1.0
17188,2009-12-08,2011-11-28,13,4592.93,12,13,4592.93,5,5,5,15,Champions,0.135,Low Risk,0.0
17189,2009-12-02,2011-08-25,5,957.63,107,5,957.63,3,4,3,10,Needs Attention,0.459,Medium Risk,1.0
17190,2010-03-05,2011-10-12,7,1743.04,59,7,1743.04,4,4,4,12,Champions,0.3402,Low Risk,0.0
17191,2009-12-01,2011-11-11,15,4836.05,29,15,4836.05,4,5,5,14,Champions,0.0648,Low Risk,0.0
17192,2010-06-21,2010-06-21,1,77.83,537,1,77.83,1,1,1,3,Hibernating / Churned,0.8435,High Risk,1.0
17193,2009-12-02,2011-11-04,9,2310.04,36,9,2310.04,4,5,4,13,Champions,0.5993,Medium Risk,0.0
17194,2010-06-27,2011-03-11,3,812.5,274,3,812.5,2,3,3,8,At Risk (High Value),0.5656,Medium Risk,1.0
17195,2010-02-22,2010-02-22,1,562.98,656,1,562.98,1,2,2,5,Hibernating / Churned,0.7418,High Risk,1.0
17196,2010-10-08,2010-10-08,1,352.9,428,1,352.9,1,1,2,4,Hibernating / Churned,0.7382,High Risk,1.0
17197,2011-11-10,2011-11-10,1,1013.01,30,1,1013.01,4,2,3,9,New / Promising,,Not Scored (Recent),
17198,2010-12-03,2011-11-16,3,1213.8799999999999,24,3,1213.8799999999999,4,3,3,10,Loyal Users,0.5244,Medium Risk,0.0
17199,2010-05-06,2010-05-06,1,145.12,583,1,145.12,1,1,1,3,Hibernating / Churned,0.8469,High Risk,1.0
17200,2010-02-25,2010-11-17,4,356.71,388,4,356.71,2,3,2,7,At Risk (High Value),0.6932,Medium Risk,1.0
17201,2010-02-10,2011-10-17,4,1242.04,54,4,1242.04,4,3,3,10,Loyal Users,0.6488,Medium Risk,0.0
17202,2010-10-15,2010-10-15,1,160.65,421,1,160.65,1,1,1,3,Hibernating / Churned,0.8066,High Risk,1.0
17203,2010-11-16,2011-11-04,10,5575.88,36,10,5575.88,4,5,5,14,Champions,0.6216,Medium Risk,0.0
17204,2010-06-10,2011-06-17,9,5504.69,176,9,5504.69,3,5,5,13,Needs Attention,0.1662,Low Risk,1.0
17205,2010-05-24,2011-10-17,3,999.35,54,3,999.35,4,3,3,10,Loyal Users,0.6419,Medium Risk,0.0
17206,2011-10-17,2011-10-17,1,204.24,54,1,204.24,4,1,1,6,New / Promising,,Not Scored (Recent),
17207,2010-02-25,2010-02-25,1,303.21999999999997,653,1,303.21999999999997,1,1,2,4,Hibernating / Churned,0.8325,High Risk,1.0
17208,2010-11-09,2010-11-09,1,115.35,396,1,115.35,2,1,1,4,Hibernating / Churned,0.8179,High Risk,1.0
17209,2009-12-03,2010-02-28,3,611.6,650,3,611.6,1,3,2,6,Hibernating / Churned,0.7334,High Risk,1.0
17210,2010-11-12,2010-11-12,1,253.37,393,1,253.37,2,1,1,4,Hibernating / Churned,0.7368,High Risk,1.0
17211,2009-12-13,2011-11-13,13,4046.65,27,13,4046.65,4,5,5,14,Champions,0.1766,Low Risk,0.0
17212,2010-08-10,2011-03-31,3,794.41,254,3,794.41,2,3,3,8,At Risk (High Value),0.5591,Medium Risk,1.0
17213,2009-12-15,2011-10-30,13,5182.3,41,13,5182.3,4,5,5,14,Champions,0.1338,Low Risk,0.0
17214,2010-12-15,2011-10-10,6,1069.1200000000001,61,6,1069.1200000000001,3,4,3,10,Needs Attention,0.4728,Medium Risk,0.0
17215,2010-09-01,2010-09-01,1,186.15,465,1,186.15,1,1,1,3,Hibernating / Churned,0.8261,High Risk,1.0
17216,2010-06-03,2010-06-03,1,65.05,555,1,65.05,1,1,1,3,Hibernating / Churned,0.8497,High Risk,1.0
17217,2010-03-30,2011-04-19,2,218.0,235,2,218.0,2,2,1,5,Hibernating / Churned,0.7232,High Risk,1.0
17218,2010-01-25,2011-12-05,18,4192.68,5,18,4192.68,5,5,5,15,Champions,0.2394,Low Risk,0.0
17219,2010-10-19,2011-11-08,2,259.13,32,2,259.13,4,2,1,7,New / Promising,0.7879,High Risk,0.0
17220,2010-01-20,2011-11-15,21,4481.75,25,21,4481.75,4,5,5,14,Champions,0.1426,Low Risk,0.0
17221,2010-04-11,2011-12-02,5,978.52,8,5,978.52,5,4,3,12,Loyal Users,0.6699,Medium Risk,0.0
17222,2010-01-10,2011-10-05,6,1605.01,66,6,1605.01,3,4,4,11,Needs Attention,0.6651,Medium Risk,0.0
17223,2010-11-29,2011-02-02,3,873.53,311,3,873.53,2,3,3,8,At Risk (High Value),0.5658,Medium Risk,1.0
17224,2010-07-26,2010-07-26,1,100.86,502,1,100.86,1,1,1,3,Hibernating / Churned,0.8685,High Risk,1.0
17225,2010-05-07,2010-05-07,1,131.15,582,1,131.15,1,1,1,3,Hibernating / Churned,0.8506,High Risk,1.0
17226,2010-02-12,2011-02-04,3,900.12,309,3,900.12,2,3,3,8,At Risk (High Value),0.6144,Medium Risk,1.0
17227,2010-01-15,2011-11-21,12,2022.03,19,12,2022.03,5,5,4,14,Champions,0.2254,Low Risk,0.0
17228,2010-03-12,2011-11-24,13,3177.24,16,13,3177.24,5,5,5,15,Champions,0.2142,Low Risk,0.0
17229,2011-07-20,2011-09-04,2,318.76,97,2,318.76,3,2,2,7,Needs Attention,0.3674,Low Risk,1.0
17230,2009-12-08,2011-03-20,18,9924.95,265,18,9924.95,2,5,5,12,At Risk (High Value),0.352,Low Risk,1.0
17231,2009-12-07,2011-11-27,25,7197.04,13,25,7197.04,5,5,5,15,Champions,0.0498,Low Risk,0.0
17232,2011-11-25,2011-12-07,2,421.52,3,2,421.52,5,2,2,9,New / Promising,,Not Scored (Recent),
17233,2009-12-15,2011-11-04,3,560.86,36,3,560.86,4,3,2,9,Loyal Users,0.6853,Medium Risk,0.0
17234,2011-06-10,2011-06-10,1,149.89000000000001,183,1,149.89000000000001,3,1,1,5,Needs Attention,0.675,Medium Risk,1.0
17235,2010-06-04,2011-11-14,8,1904.88,26,8,1904.88,4,4,4,12,Champions,0.4594,Medium Risk,0.0
17236,2010-03-07,2011-11-27,12,1929.26,13,12,1929.26,5,5,4,14,Champions,0.2171,Low Risk,0.0
17237,2010-11-23,2011-11-28,4,1002.08,12,4,1002.08,5,3,3,11,Loyal Users,0.5737,Medium Risk,0.0
17238,2009-12-01,2011-12-07,32,7783.1,3,32,7783.1,5,5,5,15,Champions,0.06,Low Risk,0.0
17239,2010-07-01,2011-01-31,4,1189.45,313,4,1189.45,2,3,3,8,At Risk (High Value),0.5626,Medium Risk,1.0
17240,2010-04-22,2010-04-22,1,130.6,597,1,130.6,1,1,1,3,Hibernating / Churned,0.8582,High Risk,1.0
17241,2010-02-15,2010-11-19,12,2744.14,386,12,2744.14,2,5,4,11,At Risk (High Value),0.5314,Medium Risk,1.0
17242,2010-01-24,2011-08-23,5,2889.2799999999997,109,5,2889.2799999999997,3,4,4,11,Needs Attention,0.4378,Medium Risk,1.0
17243,2009-12-01,2011-12-08,69,20889.86,2,69,20889.86,5,5,5,15,Champions,0.0204,Low Risk,0.0
17244,2009-12-06,2011-10-17,5,1826.04,54,5,1826.04,4,4,4,12,Champions,0.5704,Medium Risk,0.0
17245,2010-01-19,2011-05-19,2,371.63,205,2,371.63,2,2,2,6,Hibernating / Churned,0.7006,High Risk,1.0
17246,2009-12-01,2010-06-11,2,38.92,547,2,38.92,1,2,1,4,Hibernating / Churned,0.7889,High Risk,1.0
17247,2011-11-24,2011-11-24,1,282.19,16,1,282.19,5,1,1,7,New / Promising,,Not Scored (Recent),
17248,2010-08-15,2011-08-11,2,546.16,121,2,546.16,3,2,2,7,Needs Attention,0.6451,Medium Risk,1.0
17249,2010-10-07,2010-10-07,1,68.03,429,1,68.03,1,1,1,3,Hibernating / Churned,0.8344,High Risk,1.0
17250,2011-03-23,2011-12-06,2,384.52,4,2,384.52,5,2,2,9,New / Promising,0.7923,High Risk,0.0
17251,2009-12-15,2010-12-12,3,812.43,363,3,812.43,2,3,3,8,At Risk (High Value),0.6353,Medium Risk,1.0
17252,2011-06-06,2011-08-15,2,353.86,117,2,353.86,3,2,2,7,Needs Attention,0.364,Low Risk,1.0
17253,2011-11-21,2011-11-21,1,178.26,19,1,178.26,5,1,1,7,New / Promising,,Not Scored (Recent),
17254,2010-11-03,2011-12-05,3,470.73,5,3,470.73,5,3,2,10,Loyal Users,0.7572,High Risk,0.0
17255,2010-09-19,2011-10-30,4,799.13,41,4,799.13,4,3,3,10,Loyal Users,0.4361,Medium Risk,0.0
17256,2010-04-18,2011-08-24,5,498.93,108,5,498.93,3,4,2,9,Needs Attention,0.4385,Medium Risk,1.0
17257,2010-09-29,2010-09-29,2,192.73,437,2,192.73,1,2,1,4,Hibernating / Churned,0.7764,High Risk,1.0
17258,2010-02-12,2010-11-08,2,417.3,397,2,417.3,2,2,2,6,Hibernating / Churned,0.7189,High Risk,1.0
17259,2010-02-22,2011-07-14,6,1889.34,149,6,1889.34,3,4,4,11,Needs Attention,0.3972,Low Risk,1.0
17260,2010-10-24,2010-10-24,1,120.95,412,1,120.95,1,1,1,3,Hibernating / Churned,0.8247,High Risk,1.0
17261,2010-07-18,2010-07-18,1,230.44,510,1,230.44,1,1,1,3,Hibernating / Churned,0.8145,High Risk,1.0
17262,2009-12-15,2011-10-18,11,2757.62,53,11,2757.62,4,5,4,13,Champions,0.27,Low Risk,0.0
17263,2011-05-15,2011-05-15,1,63.44,209,1,63.44,2,1,1,4,Hibernating / Churned,0.7268,High Risk,1.0
17264,2010-10-11,2010-10-11,1,279.59,425,1,279.59,1,1,1,3,Hibernating / Churned,0.7298,High Risk,1.0
17265,2011-06-12,2011-07-24,2,562.9,139,2,562.9,3,2,2,7,Needs Attention,0.3168,Low Risk,1.0
17266,2010-03-09,2011-12-07,5,517.73,3,5,517.73,5,4,2,11,Loyal Users,0.6186,Medium Risk,0.0
17267,2011-08-04,2011-08-04,2,317.62,128,2,317.62,3,2,2,7,Needs Attention,0.488,Medium Risk,1.0
17268,2009-12-08,2011-08-24,11,1733.89,108,11,1733.89,3,5,4,12,Needs Attention,0.2961,Low Risk,1.0
17269,2010-11-19,2010-11-19,1,537.46,386,1,537.46,2,2,2,6,Hibernating / Churned,0.6222,Medium Risk,1.0
17270,2009-12-07,2010-08-27,2,604.4,470,2,604.4,1,2,2,5,Hibernating / Churned,0.7372,High Risk,1.0
17271,2009-12-03,2009-12-03,1,210.39,737,1,210.39,1,1,1,3,Hibernating / Churned,0.8275,High Risk,1.0
17272,2011-03-22,2011-10-28,4,2148.63,43,4,2148.63,4,4,4,12,Champions,0.3281,Low Risk,0.0
17273,2010-10-11,2010-10-11,1,141.12,425,1,141.12,1,1,1,3,Hibernating / Churned,0.8057,High Risk,1.0
17274,2010-11-09,2011-11-04,2,577.38,36,2,577.38,4,2,2,8,New / Promising,0.6854,Medium Risk,0.0
17275,2010-11-21,2010-11-21,1,114.52,384,1,114.52,2,1,1,4,Hibernating / Churned,0.8189,High Risk,1.0
17276,2010-11-02,2010-11-02,1,508.39,403,1,508.39,2,2,2,6,Hibernating / Churned,0.6783,Medium Risk,1.0
17277,2011-01-21,2011-04-26,2,1065.35,228,2,1065.35,2,3,3,8,At Risk (High Value),0.5193,Medium Risk,1.0
17278,2010-05-23,2011-04-12,2,271.24,242,2,271.24,2,2,1,5,Hibernating / Churned,0.6458,Medium Risk,1.0
17279,2011-10-13,2011-10-13,1,187.83,58,1,187.83,4,1,1,6,New / Promising,,Not Scored (Recent),
17280,2010-09-27,2010-09-27,1,118.86,439,1,118.86,1,1,1,3,Hibernating / Churned,0.8159,High Risk,1.0
17281,2010-02-04,2010-11-30,6,797.85,375,6,797.85,2,4,3,9,At Risk (High Value),0.58,Medium Risk,1.0
17282,2010-06-09,2011-08-01,5,2339.66,131,5,2339.66,3,4,4,11,Needs Attention,0.3057,Low Risk,1.0
17283,2010-11-26,2010-11-26,1,188.46,379,1,188.46,2,1,1,4,Hibernating / Churned,0.7983,High Risk,1.0
17284,2010-09-20,2011-10-10,8,2793.16,61,8,2793.16,3,4,4,11,Needs Attention,0.1435,Low Risk,0.0
17285,2010-02-14,2010-03-21,2,428.34,629,2,428.34,1,2,2,5,Hibernating / Churned,0.8457,High Risk,1.0
17286,2010-11-04,2011-11-18,3,395.48,22,3,395.48,4,3,2,9,Loyal Users,0.7425,High Risk,0.0
17287,2009-12-03,2011-11-13,21,4111.96,27,21,4111.96,4,5,5,14,Champions,0.0997,Low Risk,0.0
17288,2010-11-10,2011-11-30,11,2499.98,10,11,2499.98,5,5,4,14,Champions,0.2123,Low Risk,0.0
17289,2010-03-08,2011-11-08,9,2079.39,32,9,2079.39,4,5,4,13,Champions,0.3182,Low Risk,0.0
17290,2009-12-13,2011-12-06,8,1501.44,4,8,1501.44,5,4,4,13,Champions,0.4936,Medium Risk,0.0
17291,2011-02-04,2011-02-04,1,550.8,309,1,550.8,2,2,2,6,Hibernating / Churned,0.7349,High Risk,1.0
17292,2010-05-09,2010-08-24,2,271.75,473,2,271.75,1,2,1,4,Hibernating / Churned,0.8159,High Risk,1.0
17293,2009-12-03,2011-12-01,17,3774.23,9,17,3774.23,5,5,5,15,Champions,0.1183,Low Risk,0.0
17294,2010-02-08,2010-02-08,2,467.79,670,2,467.79,1,2,2,5,Hibernating / Churned,0.7921,High Risk,1.0
17295,2011-10-06,2011-11-11,3,556.95,29,3,556.95,4,3,2,9,Loyal Users,,Not Scored (Recent),
17296,2009-12-09,2009-12-09,1,338.13,731,1,338.13,1,1,2,4,Hibernating / Churned,0.8626,High Risk,1.0
17297,2011-11-22,2011-11-22,1,131.78,18,1,131.78,5,1,1,7,New / Promising,,Not Scored (Recent),
17298,2010-03-08,2011-08-30,5,957.5600000000001,102,5,957.5600000000001,3,4,3,10,Needs Attention,0.4403,Medium Risk,1.0
17299,2010-08-15,2011-11-28,6,1016.08,12,6,1016.08,5,4,3,12,Loyal Users,0.4089,Medium Risk,0.0
17300,2010-08-15,2010-11-14,2,393.64,391,2,393.64,2,2,2,6,Hibernating / Churned,0.6995,Medium Risk,1.0
17301,2010-03-25,2011-11-18,2,330.43,22,2,330.43,4,2,2,8,New / Promising,0.8265,High Risk,0.0
17302,2011-02-07,2011-11-25,5,1135.6299999999999,15,5,1135.6299999999999,5,4,3,12,Loyal Users,0.3294,Low Risk,0.0
17303,2010-12-13,2010-12-13,1,250.04,362,1,250.04,2,1,1,4,Hibernating / Churned,0.7362,High Risk,1.0
17304,2010-06-23,2010-06-23,1,111.5,535,1,111.5,1,1,1,3,Hibernating / Churned,0.8556,High Risk,1.0
17305,2010-03-01,2010-03-01,1,2135.46,649,1,2135.46,1,2,4,7,Hibernating / Churned,0.8261,High Risk,1.0
17306,2010-11-01,2011-11-29,21,9782.35,11,21,9782.35,5,5,5,15,Champions,0.1016,Low Risk,0.0
17307,2010-01-19,2010-11-09,11,3999.89,396,11,3999.89,2,5,5,12,At Risk (High Value),0.5465,Medium Risk,1.0
17308,2010-09-13,2010-11-11,2,4511.76,394,2,4511.76,2,3,5,10,At Risk (High Value),0.6211,Medium Risk,1.0
17309,2010-02-04,2011-09-05,3,330.59,96,3,330.59,3,3,2,8,Needs Attention,0.5166,Medium Risk,1.0
17310,2010-06-23,2010-11-17,2,1025.1,388,2,1025.1,2,3,3,8,At Risk (High Value),0.6667,Medium Risk,1.0
17311,2010-02-03,2011-09-22,6,3566.56,79,6,3566.56,3,4,5,12,Needs Attention,0.3489,Low Risk,0.0
17312,2011-07-03,2011-07-24,3,644.3000000000001,139,3,644.3000000000001,3,3,3,9,Needs Attention,0.4157,Medium Risk,1.0
17313,2011-11-08,2011-11-08,1,2328.84,32,1,2328.84,4,2,4,10,New / Promising,,Not Scored (Recent),
17314,2009-12-03,2011-11-15,17,4904.43,25,17,4904.43,4,5,5,14,Champions,0.0945,Low Risk,0.0
17315,2010-09-27,2011-12-08,43,9650.6,2,43,9650.6,5,5,5,15,Champions,0.061,Low Risk,0.0
17316,2010-10-15,2010-10-15,1,124.45,421,1,124.45,1,1,1,3,Hibernating / Churned,0.8079,High Risk,1.0
17317,2011-09-11,2011-10-24,3,2600.34,47,3,2600.34,4,3,4,11,Loyal Users,,Not Scored (Recent),
17318,2009-12-14,2009-12-14,1,164.28,726,1,164.28,1,1,1,3,Hibernating / Churned,0.8763,High Risk,1.0
17319,2010-02-08,2010-02-08,1,29.099999999999998,670,1,29.099999999999998,1,1,1,3,Hibernating / Churned,0.8807,High Risk,1.0
17320,2010-01-21,2011-08-31,6,2895.77,101,6,2895.77,3,4,4,11,Needs Attention,0.3362,Low Risk,1.0
17321,2010-05-11,2011-12-01,6,1741.18,9,6,1741.18,5,4,4,13,Champions,0.5168,Medium Risk,0.0
17322,2009-12-03,2010-11-28,5,922.59,377,5,922.59,2,4,3,9,At Risk (High Value),0.5048,Medium Risk,1.0
17323,2010-01-10,2011-11-24,12,1565.59,16,12,1565.59,5,5,4,14,Champions,0.2411,Low Risk,0.0
17324,2009-12-18,2011-11-22,12,2301.87,18,12,2301.87,5,5,4,14,Champions,0.3513,Low Risk,0.0
17325,2010-03-08,2011-03-04,3,609.5699999999999,281,3,609.5699999999999,2,3,2,7,At Risk (High Value),0.603,Medium Risk,1.0
17326,2010-06-28,2010-10-27,2,321.95,409,2,321.95,2,2,2,6,Hibernating / Churned,0.6632,Medium Risk,1.0
17327,2010-05-26,2010-10-26,2,152.35,410,2,152.35,2,2,1,5,Hibernating / Churned,0.7258,High Risk,1.0
17328,2010-02-04,2010-02-04,1,104.7,674,1,104.7,1,1,1,3,Hibernating / Churned,0.8653,High Risk,1.0
17329,2009-12-03,2011-11-25,5,1004.43,15,5,1004.43,5,4,3,12,Loyal Users,0.6075,Medium Risk,0.0
17330,2010-03-02,2011-11-17,4,423.8,23,4,423.8,4,3,2,9,Loyal Users,0.8183,High Risk,0.0
17331,2011-08-08,2011-08-08,1,175.2,124,1,175.2,3,1,1,5,Needs Attention,0.6972,Medium Risk,1.0
17332,2010-02-21,2010-06-29,5,838.27,529,5,838.27,1,4,3,8,Hibernating / Churned,0.6873,Medium Risk,1.0
17333,2011-09-15,2011-09-15,1,494.25,86,1,494.25,3,2,2,7,Needs Attention,,Not Scored (Recent),
17334,2010-10-29,2011-02-10,3,635.15,303,3,635.15,2,3,3,8,At Risk (High Value),0.5822,Medium Risk,1.0
17335,2010-01-24,2010-11-21,2,508.0,384,2,508.0,2,2,2,6,Hibernating / Churned,0.6474,Medium Risk,1.0
17336,2010-08-24,2010-08-24,1,81.12,473,1,81.12,1,1,1,3,Hibernating / Churned,0.8665,High Risk,1.0
17337,2011-02-02,2011-07-11,4,2027.8700000000001,152,4,2027.8700000000001,3,4,4,11,Needs Attention,0.2689,Low Risk,1.0
17338,2010-03-10,2011-11-22,17,12142.57,18,17,12142.57,5,5,5,15,Champions,0.0607,Low Risk,0.0
17339,2010-07-18,2011-09-06,3,362.36,95,3,362.36,3,3,2,8,Needs Attention,0.569,Medium Risk,1.0
17340,2010-02-14,2011-11-10,18,22404.82,30,18,22404.82,4,5,5,14,Champions,0.1028,Low Risk,0.0
17341,2010-06-17,2011-07-06,5,1889.83,157,5,1889.83,3,4,4,11,Needs Attention,0.3888,Low Risk,1.0
17342,2010-02-08,2010-11-25,4,1227.54,380,4,1227.54,2,3,3,8,At Risk (High Value),0.5709,Medium Risk,1.0
17343,2009-12-03,2010-12-19,6,1259.94,356,6,1259.94,2,4,4,10,At Risk (High Value),0.4499,Medium Risk,1.0
17344,2009-12-11,2011-10-24,2,468.11,47,2,468.11,4,2,2,8,New / Promising,0.8571,High Risk,0.0
17345,2009-12-01,2011-11-24,10,1604.68,16,10,1604.68,5,5,4,14,Champions,0.2566,Low Risk,0.0
17346,2010-04-18,2011-12-06,26,5323.0,4,26,5323.0,5,5,5,15,Champions,0.0702,Low Risk,0.0
17347,2011-09-14,2011-09-14,1,228.96,87,1,228.96,3,1,1,5,Needs Attention,,Not Scored (Recent),
17348,2010-03-10,2011-11-25,9,2476.41,15,9,2476.41,5,5,4,14,Champions,0.3652,Low Risk,0.0
17349,2010-03-18,2011-06-13,5,852.25,180,5,852.25,3,4,3,10,Needs Attention,0.3969,Low Risk,1.0
17350,2010-02-01,2011-12-01,7,1906.04,9,7,1906.04,5,4,4,13,Champions,0.5503,Medium Risk,0.0
17351,2009-12-10,2011-11-03,12,1988.23,37,12,1988.23,4,5,4,13,Champions,0.2302,Low Risk,0.0
17352,2010-01-12,2010-01-12,1,36.25,697,1,36.25,1,1,1,3,Hibernating / Churned,0.8701,High Risk,1.0
17353,2010-03-25,2011-08-02,4,3242.0,130,4,3242.0,3,4,5,12,Needs Attention,0.5601,Medium Risk,1.0
17354,2010-10-07,2011-10-20,4,3143.46,51,4,3143.46,4,4,5,13,Champions,0.6772,Medium Risk,0.0
17355,2010-11-18,2010-11-18,1,285.11,387,1,285.11,2,1,1,4,Hibernating / Churned,0.7473,High Risk,1.0
17356,2010-01-20,2011-02-01,5,946.47,312,5,946.47,2,4,3,9,At Risk (High Value),0.515,Medium Risk,1.0
17357,2011-11-15,2011-11-15,2,388.14,25,2,388.14,4,2,2,8,New / Promising,,Not Scored (Recent),
17358,2010-02-24,2011-02-09,5,866.05,304,5,866.05,2,4,3,9,At Risk (High Value),0.4756,Medium Risk,1.0
17359,2010-03-01,2011-11-28,2,284.46,12,2,284.46,5,2,1,8,New / Promising,0.8516,High Risk,0.0
17360,2010-10-01,2011-11-22,6,1231.38,18,6,1231.38,5,4,3,12,Loyal Users,0.3727,Low Risk,0.0
17361,2010-02-01,2011-10-21,5,880.64,50,5,880.64,4,4,3,11,Loyal Users,0.61,Medium Risk,0.0
17362,2010-01-06,2011-04-14,7,1024.04,240,7,1024.04,2,4,3,9,At Risk (High Value),0.4605,Medium Risk,1.0
17363,2010-11-02,2010-11-09,3,940.86,396,3,940.86,2,3,3,8,At Risk (High Value),0.6467,Medium Risk,1.0
17364,2009-12-07,2011-12-09,28,12070.42,1,28,12070.42,5,5,5,15,Champions,0.0441,Low Risk,0.0
17365,2010-02-01,2011-11-27,15,8224.98,13,15,8224.98,5,5,5,15,Champions,0.1249,Low Risk,0.0
17366,2010-09-09,2010-10-03,2,1096.24,433,2,1096.24,1,3,3,7,Hibernating / Churned,0.6569,Medium Risk,1.0
17367,2011-04-15,2011-04-15,1,168.4,239,1,168.4,2,1,1,4,Hibernating / Churned,0.7828,High Risk,1.0
17368,2009-12-15,2011-11-16,14,2826.14,24,14,2826.14,4,5,4,13,Champions,0.1606,Low Risk,0.0
17369,2010-09-10,2010-09-10,1,979.2,456,1,979.2,1,2,3,6,Hibernating / Churned,0.7739,High Risk,1.0
17370,2011-06-23,2011-09-28,4,446.18,73,4,446.18,3,3,2,8,Needs Attention,0.495,Medium Risk,0.0
17371,2009-12-08,2011-11-22,6,662.55,18,6,662.55,5,4,3,12,Loyal Users,0.5815,Medium Risk,0.0
17372,2009-12-03,2011-10-30,28,4377.56,41,28,4377.56,4,5,5,14,Champions,0.072,Low Risk,0.0
17373,2010-02-28,2011-10-30,7,1167.5,41,7,1167.5,4,4,3,11,Loyal Users,0.3983,Low Risk,0.0
17374,2010-11-09,2011-05-05,3,727.11,219,3,727.11,2,3,3,8,At Risk (High Value),0.5057,Medium Risk,1.0
17375,2010-10-04,2011-05-24,4,660.55,200,4,660.55,2,3,3,8,At Risk (High Value),0.3858,Low Risk,1.0
17376,2010-07-05,2011-09-30,4,453.64,71,4,453.64,3,3,2,8,Needs Attention,0.6389,Medium Risk,0.0
17377,2009-12-02,2011-11-16,78,18319.41,24,78,18319.41,4,5,5,14,Champions,0.0471,Low Risk,0.0
17378,2010-11-30,2010-11-30,1,10.95,375,1,10.95,2,1,1,4,Hibernating / Churned,0.844,High Risk,1.0
17379,2011-11-28,2011-11-28,1,404.66,12,1,404.66,5,2,2,9,New / Promising,,Not Scored (Recent),
17380,2010-06-23,2010-10-01,3,645.0,435,3,645.0,1,3,3,7,Hibernating / Churned,0.6744,Medium Risk,1.0
17381,2010-06-09,2011-12-01,38,40002.37,9,38,40002.37,5,5,5,15,Champions,0.0887,Low Risk,0.0
17382,2010-05-19,2011-10-05,8,902.28,66,8,902.28,3,4,3,10,Needs Attention,0.6549,Medium Risk,0.0
17383,2010-09-12,2011-12-05,2,309.99,5,2,309.99,5,2,2,9,New / Promising,0.8162,High Risk,0.0
17384,2010-08-29,2011-11-20,3,507.55,20,3,507.55,4,3,2,9,Loyal Users,0.6713,Medium Risk,0.0
17385,2011-11-25,2011-11-25,1,261.11,15,1,261.11,5,1,1,7,New / Promising,,Not Scored (Recent),
17386,2010-11-19,2011-12-02,7,2812.77,8,7,2812.77,5,4,4,13,Champions,0.3303,Low Risk,0.0
17387,2011-11-06,2011-11-20,2,784.11,20,2,784.11,4,2,3,9,New / Promising,,Not Scored (Recent),
17388,2009-12-10,2011-09-23,11,2691.57,78,11,2691.57,3,5,4,12,Needs Attention,0.1574,Low Risk,0.0
17389,2009-12-04,2011-12-09,61,57224.68,1,61,57224.68,5,5,5,15,Champions,0.0393,Low Risk,0.0
17390,2010-10-15,2010-10-15,1,149.3,421,1,149.3,1,1,1,3,Hibernating / Churned,0.8079,High Risk,1.0
17391,2011-06-28,2011-06-29,2,508.8,164,2,508.8,3,2,2,7,Needs Attention,0.6219,Medium Risk,1.0
17392,2010-09-15,2011-02-06,3,626.56,307,3,626.56,2,3,3,8,At Risk (High Value),0.5479,Medium Risk,1.0
17393,2010-08-08,2010-10-25,2,381.15,411,2,381.15,1,2,2,5,Hibernating / Churned,0.7055,High Risk,1.0
17394,2011-05-04,2011-05-04,1,203.87,220,1,203.87,2,1,1,4,Hibernating / Churned,0.7816,High Risk,1.0
17395,2010-07-19,2010-07-19,1,97.5,509,1,97.5,1,1,1,3,Hibernating / Churned,0.8528,High Risk,1.0
17396,2010-09-24,2011-10-31,14,8807.1,40,14,8807.1,4,5,5,14,Champions,0.2125,Low Risk,0.0
17397,2010-10-19,2011-11-17,3,1233.18,23,3,1233.18,4,3,3,10,Loyal Users,0.6791,Medium Risk,0.0
17398,2011-03-29,2011-08-17,3,653.38,115,3,653.38,3,3,3,9,Needs Attention,0.3703,Low Risk,1.0
17400,2009-12-17,2011-08-05,8,4677.05,127,8,4677.05,3,5,5,13,Needs Attention,0.2191,Low Risk,1.0
17401,2010-06-16,2010-06-16,1,114.85,542,1,114.85,1,1,1,3,Hibernating / Churned,0.8622,High Risk,1.0
17402,2009-12-16,2011-12-05,23,5096.18,5,23,5096.18,5,5,5,15,Champions,0.0481,Low Risk,0.0
17403,2010-09-15,2011-11-03,2,400.57,37,2,400.57,4,2,2,8,New / Promising,0.8079,High Risk,0.0
17404,2010-01-07,2011-12-05,23,47781.12,5,23,47781.12,5,5,5,15,Champions,0.0792,Low Risk,0.0
17405,2011-07-12,2011-12-08,3,1031.41,2,3,1031.41,5,3,3,11,Loyal Users,0.4811,Medium Risk,0.0
17406,2009-12-06,2011-01-10,13,4905.05,334,13,4905.05,2,5,5,12,At Risk (High Value),0.4125,Medium Risk,1.0
17407,2010-10-24,2010-10-24,1,552.9,412,1,552.9,1,2,2,5,Hibernating / Churned,0.6966,Medium Risk,1.0
17408,2010-07-13,2011-06-29,3,316.09,164,3,316.09,3,3,2,8,Needs Attention,0.6221,Medium Risk,1.0
17409,2009-12-11,2011-06-08,10,7793.51,185,10,7793.51,3,5,5,13,Needs Attention,0.1739,Low Risk,1.0
17410,2011-05-08,2011-11-23,5,1214.72,17,5,1214.72,5,4,3,12,Loyal Users,0.4033,Medium Risk,0.0
17411,2009-12-03,2011-11-27,5,1425.38,13,5,1425.38,5,4,4,13,Champions,0.6569,Medium Risk,0.0
17412,2009-12-02,2011-12-07,16,4417.52,3,16,4417.52,5,5,5,15,Champions,0.157,Low Risk,0.0
17413,2010-05-19,2010-10-31,2,560.14,405,2,560.14,2,2,2,6,Hibernating / Churned,0.6642,Medium Risk,1.0
17414,2009-12-03,2011-10-27,6,2249.52,44,6,2249.52,4,4,4,12,Champions,0.4317,Medium Risk,0.0
17415,2011-09-21,2011-09-21,1,507.84,80,1,507.84,3,2,2,7,Needs Attention,,Not Scored (Recent),
17416,2009-12-14,2011-11-10,22,17298.45,30,22,17298.45,4,5,5,14,Champions,0.0595,Low Risk,0.0
17417,2010-06-09,2010-06-09,1,164.18,549,1,164.18,1,1,1,3,Hibernating / Churned,0.8578,High Risk,1.0
17418,2010-11-17,2011-10-28,3,670.06,43,3,670.06,4,3,3,10,Loyal Users,0.6621,Medium Risk,0.0
17419,2010-01-25,2011-11-28,18,6500.5199999999995,12,18,6500.5199999999995,5,5,5,15,Champions,0.0955,Low Risk,0.0
17420,2010-11-03,2011-10-20,6,1084.43,51,6,1084.43,4,4,3,11,Loyal Users,0.3642,Low Risk,0.0
17421,2009-12-04,2010-11-18,3,1059.41,387,3,1059.41,2,3,3,8,At Risk (High Value),0.6175,Medium Risk,1.0
17422,2010-06-23,2011-11-23,11,3594.7599999999998,17,11,3594.7599999999998,5,5,5,15,Champions,0.1203,Low Risk,0.0
17423,2010-11-11,2011-10-24,3,1118.95,47,3,1118.95,4,3,3,10,Loyal Users,0.5531,Medium Risk,0.0
17425,2011-10-10,2011-11-20,2,759.17,20,2,759.17,4,2,3,9,New / Promising,,Not Scored (Recent),
17426,2010-02-17,2011-12-01,13,8077.7699999999995,9,13,8077.7699999999995,5,5,5,15,Champions,0.1487,Low Risk,0.0
17427,2011-09-29,2011-09-29,1,100.8,72,1,100.8,3,1,1,5,Needs Attention,,Not Scored (Recent),
17428,2009-12-01,2011-12-09,45,31819.76,1,45,31819.76,5,5,5,15,Champions,0.0325,Low Risk,0.0
17429,2010-10-06,2011-08-03,5,1357.46,129,5,1357.46,3,4,4,11,Needs Attention,0.3154,Low Risk,1.0
17430,2010-08-17,2011-11-07,4,735.17,33,4,735.17,4,3,3,10,Loyal Users,0.5891,Medium Risk,0.0
17431,2011-01-30,2011-01-30,1,403.3,314,1,403.3,2,2,2,6,Hibernating / Churned,0.7621,High Risk,1.0
17432,2009-12-03,2011-11-21,9,1751.39,19,9,1751.39,5,5,4,14,Champions,0.3925,Low Risk,0.0
17433,2010-11-19,2011-09-12,2,569.96,89,2,569.96,3,2,2,7,Needs Attention,0.7366,High Risk,0.0
17434,2011-09-15,2011-12-07,7,2373.82,3,7,2373.82,5,4,4,13,Champions,,Not Scored (Recent),
17435,2010-10-24,2010-10-24,1,331.34999999999997,412,1,331.34999999999997,1,1,2,4,Hibernating / Churned,0.7645,High Risk,1.0
17436,2009-12-07,2011-12-08,5,534.0600000000001,2,5,534.0600000000001,5,4,2,11,Loyal Users,0.5842,Medium Risk,0.0
17437,2010-06-28,2010-06-28,1,373.17,530,1,373.17,1,2,2,5,Hibernating / Churned,0.812,High Risk,1.0
17438,2010-03-08,2011-03-31,5,1422.77,254,5,1422.77,2,4,4,10,At Risk (High Value),0.4309,Medium Risk,1.0
17439,2010-02-22,2010-02-22,1,325.74,656,1,325.74,1,1,2,4,Hibernating / Churned,0.8717,High Risk,1.0
17440,2010-06-08,2011-07-06,4,323.58,157,4,323.58,3,3,2,8,Needs Attention,0.557,Medium Risk,1.0
17441,2009-12-07,2009-12-07,1,293.34999999999997,733,1,293.34999999999997,1,1,2,4,Hibernating / Churned,0.8521,High Risk,1.0
17442,2010-02-15,2011-11-03,15,4620.3,37,15,4620.3,4,5,5,14,Champions,0.0786,Low Risk,0.0
17443,2011-05-04,2011-05-04,1,534.24,220,1,534.24,2,2,2,6,Hibernating / Churned,0.7279,High Risk,1.0
17444,2011-06-20,2011-07-15,3,2940.04,148,3,2940.04,3,3,4,10,Needs Attention,0.2973,Low Risk,1.0
17446,2011-02-02,2011-06-16,2,120.89999999999999,177,2,120.89999999999999,3,2,1,6,Needs Attention,0.5242,Medium Risk,1.0
17447,2011-09-29,2011-10-30,2,541.53,41,2,541.53,4,2,2,8,New / Promising,,Not Scored (Recent),
17448,2010-03-04,2010-07-30,46,14556.97,498,46,14556.97,1,5,5,11,Hibernating / Churned,0.6863,Medium Risk,1.0
17449,2009-12-09,2011-12-07,13,4951.15,3,13,4951.15,5,5,5,15,Champions,0.1127,Low Risk,0.0
17450,2010-09-27,2011-12-01,51,246973.09,9,51,246973.09,5,5,5,15,Champions,0.0928,Low Risk,0.0
17451,2011-08-26,2011-12-08,7,1721.3999999999999,2,7,1721.3999999999999,5,4,4,13,Champions,0.4526,Medium Risk,0.0
17453,2011-10-06,2011-11-22,2,486.72,18,2,486.72,5,2,2,9,New / Promising,,Not Scored (Recent),
17454,2010-01-15,2011-05-31,10,1547.94,193,10,1547.94,2,5,4,11,At Risk (High Value),0.2181,Low Risk,1.0
17455,2011-05-20,2011-05-20,1,131.7,204,1,131.7,2,1,1,4,Hibernating / Churned,0.6745,Medium Risk,1.0
17456,2010-09-09,2010-12-09,2,1225.42,366,2,1225.42,2,3,3,8,At Risk (High Value),0.5955,Medium Risk,1.0
17457,2009-12-07,2011-08-05,14,5984.81,127,14,5984.81,3,5,5,13,Needs Attention,0.1159,Low Risk,1.0
17458,2010-11-23,2011-11-24,2,529.58,16,2,529.58,5,2,2,9,New / Promising,0.7487,High Risk,0.0
17459,2011-10-10,2011-10-27,2,657.3,44,2,657.3,4,2,3,9,New / Promising,,Not Scored (Recent),
17460,2010-01-22,2011-09-06,16,2228.27,95,16,2228.27,3,5,4,12,Needs Attention,0.172,Low Risk,1.0
17461,2011-11-10,2011-11-17,3,757.46,23,3,757.46,4,3,3,10,Loyal Users,,Not Scored (Recent),
17462,2011-02-28,2011-10-10,2,675.69,61,2,675.69,3,2,3,8,Needs Attention,0.7091,High Risk,0.0
17463,2010-04-29,2011-11-23,7,2557.91,17,7,2557.91,5,4,4,13,Champions,0.3737,Low Risk,0.0
17464,2010-03-30,2011-07-04,3,1000.94,159,3,1000.94,3,3,3,9,Needs Attention,0.6856,Medium Risk,1.0
17465,2009-12-03,2010-10-10,7,2542.79,426,7,2542.79,1,4,4,9,Hibernating / Churned,0.5478,Medium Risk,1.0
17466,2011-09-22,2011-11-29,2,763.28,11,2,763.28,5,2,3,10,New / Promising,,Not Scored (Recent),
17467,2010-11-09,2010-11-09,1,102.6,396,1,102.6,2,1,1,4,Hibernating / Churned,0.8303,High Risk,1.0
17468,2010-11-29,2011-11-29,3,194.8,11,3,194.8,5,3,1,9,Loyal Users,0.8408,High Risk,0.0
17469,2009-12-16,2011-11-23,17,5051.25,17,17,5051.25,5,5,5,15,Champions,0.1491,Low Risk,0.0
17470,2010-07-19,2011-10-26,11,2804.87,45,11,2804.87,4,5,4,13,Champions,0.1419,Low Risk,0.0
17471,2010-08-22,2010-08-22,1,321.65,475,1,321.65,1,1,2,4,Hibernating / Churned,0.791,High Risk,1.0
17472,2010-03-21,2011-06-01,4,935.1,192,4,935.1,2,3,3,8,At Risk (High Value),0.4997,Medium Risk,1.0
17473,2010-09-09,2010-10-27,2,607.0,409,2,607.0,2,2,2,6,Hibernating / Churned,0.6281,Medium Risk,1.0
17474,2010-04-19,2010-04-19,1,1047.0,600,1,1047.0,1,2,3,6,Hibernating / Churned,0.8053,High Risk,1.0
17475,2011-09-21,2011-09-21,1,194.37,80,1,194.37,3,1,1,5,Needs Attention,,Not Scored (Recent),
17476,2009-12-02,2010-11-09,2,489.86,396,2,489.86,2,2,2,6,Hibernating / Churned,0.6972,Medium Risk,1.0
17477,2010-03-02,2010-04-06,2,1144.3,613,2,1144.3,1,3,3,7,Hibernating / Churned,0.7546,High Risk,1.0
17478,2010-03-16,2010-10-27,2,1272.8,409,2,1272.8,2,3,4,9,At Risk (High Value),0.6542,Medium Risk,1.0
17479,2010-03-17,2010-03-17,1,389.26,633,1,389.26,1,2,2,5,Hibernating / Churned,0.8561,High Risk,1.0
17480,2010-09-21,2011-09-23,2,902.03,78,2,902.03,3,3,3,9,Needs Attention,0.7402,High Risk,0.0
17481,2011-09-07,2011-12-06,4,1255.59,4,4,1255.59,5,3,4,12,Loyal Users,0.4539,Medium Risk,0.0
17482,2010-05-10,2010-08-09,2,778.19,488,2,778.19,1,2,3,6,Hibernating / Churned,0.7373,High Risk,1.0
17483,2010-10-21,2011-10-05,4,591.73,66,4,591.73,3,3,2,8,Needs Attention,0.4324,Medium Risk,0.0
17484,2010-03-25,2010-05-12,2,209.57,577,2,209.57,1,2,1,4,Hibernating / Churned,0.8537,High Risk,1.0
17486,2011-03-23,2011-03-23,1,396.87,262,1,396.87,2,2,2,6,Hibernating / Churned,0.7379,High Risk,1.0
17487,2009-12-11,2009-12-11,1,160.55,729,1,160.55,1,1,1,3,Hibernating / Churned,0.8641,High Risk,1.0
17488,2010-03-08,2010-03-08,1,336.5,642,1,336.5,1,1,2,4,Hibernating / Churned,0.8564,High Risk,1.0
17489,2011-05-11,2011-10-12,2,376.64,59,2,376.64,4,2,2,8,New / Promising,0.6966,Medium Risk,0.0
17490,2010-05-19,2011-12-09,9,2750.5,1,9,2750.5,5,5,4,14,Champions,0.4852,Medium Risk,0.0
17491,2010-04-28,2011-12-08,17,5981.07,2,17,5981.07,5,5,5,15,Champions,0.1114,Low Risk,0.0
17492,2010-07-09,2011-04-05,3,1122.42,249,3,1122.42,2,3,3,8,At Risk (High Value),0.5781,Medium Risk,1.0
17493,2010-11-19,2010-11-19,1,100.91,386,1,100.91,2,1,1,4,Hibernating / Churned,0.8392,High Risk,1.0
17494,2010-07-26,2010-07-26,1,54.7,502,1,54.7,1,1,1,3,Hibernating / Churned,0.8605,High Risk,1.0
17495,2010-11-14,2011-12-02,3,806.72,8,3,806.72,5,3,3,11,Loyal Users,0.757,High Risk,0.0
17496,2010-01-14,2010-12-16,4,1412.89,359,4,1412.89,2,4,4,10,At Risk (High Value),0.5336,Medium Risk,1.0
17497,2010-04-08,2010-11-14,2,287.25,391,2,287.25,2,2,1,5,Hibernating / Churned,0.7091,High Risk,1.0
17498,2011-09-25,2011-09-25,1,272.21999999999997,76,1,272.21999999999997,3,1,1,5,Needs Attention,,Not Scored (Recent),
17499,2010-05-27,2011-02-23,2,1341.3899999999999,290,2,1341.3899999999999,2,3,4,9,At Risk (High Value),0.6579,Medium Risk,1.0
17500,2011-11-10,2011-11-22,3,1138.0,18,3,1138.0,5,3,3,11,Loyal Users,,Not Scored (Recent),
17501,2011-05-03,2011-05-03,2,288.6,221,2,288.6,2,2,1,5,Hibernating / Churned,0.7073,High Risk,1.0
17502,2011-11-10,2011-11-30,4,689.1,10,4,689.1,5,3,3,11,Loyal Users,,Not Scored (Recent),
17503,2011-11-01,2011-12-07,2,558.96,3,2,558.96,5,2,2,9,New / Promising,,Not Scored (Recent),
17504,2010-02-08,2011-05-17,18,9565.12,207,18,9565.12,2,5,5,12,At Risk (High Value),0.1449,Low Risk,1.0
17505,2010-04-13,2011-07-01,5,2435.48,162,5,2435.48,3,4,4,11,Needs Attention,0.4149,Medium Risk,1.0
17506,2011-09-25,2011-09-25,1,302.2,76,1,302.2,3,1,2,6,Needs Attention,,Not Scored (Recent),
17507,2011-02-03,2011-03-23,2,605.58,262,2,605.58,2,2,2,6,Hibernating / Churned,0.4962,Medium Risk,1.0
17508,2009-12-07,2011-03-04,8,4579.23,281,8,4579.23,2,5,5,12,At Risk (High Value),0.2925,Low Risk,1.0
17509,2011-10-07,2011-10-13,8,6115.14,58,8,6115.14,4,5,5,14,Champions,,Not Scored (Recent),
17510,2010-10-15,2011-11-15,2,514.56,25,2,514.56,4,2,2,8,New / Promising,0.7644,High Risk,0.0
17511,2009-12-02,2011-12-07,60,175603.55,3,60,175603.55,5,5,5,15,Champions,0.0254,Low Risk,0.0
17512,2009-12-10,2011-11-11,18,5467.82,29,18,5467.82,4,5,5,14,Champions,0.117,Low Risk,0.0
17513,2010-08-17,2011-09-28,3,1158.8,73,3,1158.8,3,3,3,9,Needs Attention,0.6197,Medium Risk,0.0
17514,2010-02-08,2011-08-03,2,542.83,129,2,542.83,3,2,2,7,Needs Attention,0.6675,Medium Risk,1.0
17515,2010-06-07,2011-11-08,9,1617.46,32,9,1617.46,4,5,4,13,Champions,0.2274,Low Risk,0.0
17516,2010-11-26,2011-11-24,6,957.55,16,6,957.55,5,4,3,12,Loyal Users,0.2952,Low Risk,0.0
17517,2011-02-04,2011-02-04,1,153.94,309,1,153.94,2,1,1,4,Hibernating / Churned,0.811,High Risk,1.0
17518,2010-03-28,2010-10-10,2,329.42,426,2,329.42,1,2,2,5,Hibernating / Churned,0.6761,Medium Risk,1.0
17519,2009-12-01,2011-11-22,15,5109.47,18,15,5109.47,5,5,5,15,Champions,0.0844,Low Risk,0.0
17520,2011-10-17,2011-10-17,1,546.81,54,1,546.81,4,2,2,8,New / Promising,,Not Scored (Recent),
17521,2010-10-01,2011-11-10,5,1278.06,30,5,1278.06,4,4,4,12,Champions,0.4309,Medium Risk,0.0
17522,2011-05-05,2011-12-08,5,1070.71,2,5,1070.71,5,4,3,12,Loyal Users,0.2746,Low Risk,0.0
17523,2011-11-20,2011-11-28,4,652.74,12,4,652.74,5,3,3,11,Loyal Users,,Not Scored (Recent),
17524,2010-09-27,2010-12-13,3,539.14,362,3,539.14,2,3,2,7,At Risk (High Value),0.5877,Medium Risk,1.0
17525,2010-10-07,2010-12-15,3,1161.9,360,3,1161.9,2,3,3,8,At Risk (High Value),0.5911,Medium Risk,1.0
17526,2009-12-17,2011-12-05,12,4166.04,5,12,4166.04,5,5,5,15,Champions,0.3382,Low Risk,0.0
17527,2011-05-05,2011-10-17,4,939.37,54,4,939.37,4,3,3,10,Loyal Users,0.3871,Low Risk,0.0
17528,2011-09-29,2011-12-08,8,3628.5,2,8,3628.5,5,4,5,14,Champions,,Not Scored (Recent),
17529,2010-01-11,2010-04-08,2,1240.25,611,2,1240.25,1,3,3,7,Hibernating / Churned,0.7403,High Risk,1.0
17530,2009-12-06,2011-12-08,12,3141.51,2,12,3141.51,5,5,5,15,Champions,0.3169,Low Risk,0.0
17531,2010-03-31,2011-06-02,3,1266.82,191,3,1266.82,2,3,4,9,At Risk (High Value),0.541,Medium Risk,1.0
17532,2010-11-19,2010-11-19,1,65.34,386,1,65.34,2,1,1,4,Hibernating / Churned,0.8517,High Risk,1.0
17533,2010-10-01,2010-10-01,1,34.8,435,1,34.8,1,1,1,3,Hibernating / Churned,0.8447,High Risk,1.0
17534,2010-02-25,2011-10-17,5,1668.83,54,5,1668.83,4,4,4,12,Champions,0.604,Medium Risk,0.0
17535,2011-03-04,2011-03-04,1,164.4,281,1,164.4,2,1,1,4,Hibernating / Churned,0.8087,High Risk,1.0
17536,2010-01-26,2011-06-15,3,364.83,178,3,364.83,3,3,2,8,Needs Attention,0.5549,Medium Risk,1.0
17537,2011-02-09,2011-11-10,2,897.62,30,2,897.62,4,3,3,10,Loyal Users,0.6697,Medium Risk,0.0
17538,2011-11-14,2011-11-14,1,98.42,26,1,98.42,4,1,1,6,New / Promising,,Not Scored (Recent),
17539,2009-12-13,2010-04-01,4,1226.57,618,4,1226.57,1,3,3,7,Hibernating / Churned,0.7072,High Risk,1.0
17540,2010-04-19,2011-11-15,6,1590.6,25,6,1590.6,4,4,4,12,Champions,0.4731,Medium Risk,0.0
17541,2010-07-18,2010-07-18,1,124.46,510,1,124.46,1,1,1,3,Hibernating / Churned,0.8307,High Risk,1.0
17542,2010-03-08,2011-03-15,3,341.7,270,3,341.7,2,3,2,7,At Risk (High Value),0.6966,Medium Risk,1.0
17543,2010-06-08,2010-06-08,1,120.05,550,1,120.05,1,1,1,3,Hibernating / Churned,0.8607,High Risk,1.0
17544,2010-11-14,2010-11-14,3,960.6899999999999,391,3,960.6899999999999,2,3,3,8,At Risk (High Value),0.675,Medium Risk,1.0
17545,2010-05-11,2011-10-27,6,1448.54,44,6,1448.54,4,4,4,12,Champions,0.4959,Medium Risk,0.0
17547,2010-02-12,2010-11-29,2,727.85,376,2,727.85,2,2,3,7,At Risk (High Value),0.6349,Medium Risk,1.0
17548,2010-11-08,2011-04-20,4,731.26,234,4,731.26,2,3,3,8,At Risk (High Value),0.5231,Medium Risk,1.0
17549,2011-10-19,2011-11-16,2,148.86,24,2,148.86,4,2,1,7,New / Promising,,Not Scored (Recent),
17550,2010-02-07,2011-05-26,9,2547.64,198,9,2547.64,2,5,4,11,At Risk (High Value),0.2016,Low Risk,1.0
17551,2010-12-15,2010-12-15,1,306.84,360,1,306.84,2,1,2,5,Hibernating / Churned,0.7434,High Risk,1.0
17552,2010-03-22,2011-10-10,12,3085.29,61,12,3085.29,3,5,5,13,Needs Attention,0.4754,Medium Risk,0.0
17553,2010-04-08,2011-08-02,4,3757.6,130,4,3757.6,3,4,5,12,Needs Attention,0.583,Medium Risk,1.0
17554,2011-07-14,2011-12-08,5,1952.45,2,5,1952.45,5,4,4,13,Champions,0.3164,Low Risk,0.0
17555,2010-05-02,2011-11-20,5,1057.74,20,5,1057.74,4,4,3,11,Loyal Users,0.4685,Medium Risk,0.0
17556,2010-11-25,2011-05-18,2,300.67,206,2,300.67,2,2,2,6,Hibernating / Churned,0.5685,Medium Risk,1.0
17557,2009-12-07,2011-11-25,4,575.46,15,4,575.46,5,3,2,10,Loyal Users,0.8665,High Risk,0.0
17558,2010-11-11,2010-11-11,1,259.17,394,1,259.17,2,1,1,4,Hibernating / Churned,0.7506,High Risk,1.0
17559,2010-07-15,2010-07-15,1,167.62,513,1,167.62,1,1,1,3,Hibernating / Churned,0.859,High Risk,1.0
17560,2010-02-17,2011-09-06,8,1895.8,95,8,1895.8,3,4,4,11,Needs Attention,0.3034,Low Risk,1.0
17561,2009-12-06,2011-11-20,4,722.34,20,4,722.34,4,3,3,10,Loyal Users,0.49,Medium Risk,0.0
17562,2011-06-19,2011-11-25,7,1122.3799999999999,15,7,1122.3799999999999,5,4,3,12,Loyal Users,0.3005,Low Risk,0.0
17563,2010-04-07,2010-05-10,2,392.38,579,2,392.38,1,2,2,5,Hibernating / Churned,0.8395,High Risk,1.0
17564,2011-09-20,2011-11-15,3,454.01,25,3,454.01,4,3,2,9,Loyal Users,,Not Scored (Recent),
17565,2010-05-02,2010-05-02,1,131.83,587,1,131.83,1,1,1,3,Hibernating / Churned,0.8408,High Risk,1.0
17566,2011-11-14,2011-12-01,2,901.21,9,2,901.21,5,3,3,11,Loyal Users,,Not Scored (Recent),
17567,2010-09-24,2011-12-02,9,5356.03,8,9,5356.03,5,5,5,15,Champions,0.1406,Low Risk,0.0
17568,2010-03-16,2010-03-16,1,382.79,634,1,382.79,1,2,2,5,Hibernating / Churned,0.8392,High Risk,1.0
17569,2011-01-11,2011-01-11,1,344.14,333,1,344.14,2,1,2,5,Hibernating / Churned,0.7685,High Risk,1.0
17570,2010-11-23,2010-11-23,1,100.0,382,1,100.0,2,1,1,4,Hibernating / Churned,0.8405,High Risk,1.0
17571,2010-06-15,2011-10-20,5,1703.75,51,5,1703.75,4,4,4,12,Champions,0.4089,Medium Risk,0.0
17572,2009-12-15,2011-09-29,10,723.01,72,10,723.01,3,5,3,11,Needs Attention,0.2999,Low Risk,0.0
17573,2011-09-07,2011-11-10,3,380.6,30,3,380.6,4,3,2,9,Loyal Users,0.5785,Medium Risk,0.0
17574,2011-04-11,2011-04-11,1,185.65,243,1,185.65,2,1,1,4,Hibernating / Churned,0.7834,High Risk,1.0
17575,2010-02-10,2010-02-10,1,171.7,668,1,171.7,1,1,1,3,Hibernating / Churned,0.865,High Risk,1.0
17576,2009-12-03,2011-12-01,41,9056.81,9,41,9056.81,5,5,5,15,Champions,0.0267,Low Risk,0.0
17577,2010-02-09,2010-03-04,2,348.75,646,2,348.75,1,2,2,5,Hibernating / Churned,0.8188,High Risk,1.0
17578,2010-06-28,2011-05-05,7,1047.33,219,7,1047.33,2,4,3,9,At Risk (High Value),0.5183,Medium Risk,1.0
17579,2010-05-10,2011-12-05,4,753.28,5,4,753.28,5,3,3,11,Loyal Users,0.631,Medium Risk,0.0
17580,2010-10-13,2011-04-01,5,545.27,253,5,545.27,2,4,2,8,At Risk (High Value),0.4574,Medium Risk,1.0
17581,2009-12-03,2011-12-09,43,18757.75,1,43,18757.75,5,5,5,15,Champions,0.0212,Low Risk,0.0
17582,2010-03-26,2011-04-17,5,1450.7,237,5,1450.7,2,4,4,10,At Risk (High Value),0.4356,Medium Risk,1.0
17583,2010-05-28,2010-05-28,1,135.95,561,1,135.95,1,1,1,3,Hibernating / Churned,0.8469,High Risk,1.0
17584,2010-01-25,2011-12-02,6,5309.42,8,6,5309.42,5,4,5,14,Champions,0.444,Medium Risk,0.0
17585,2010-08-18,2011-08-22,7,2093.3,110,7,2093.3,3,4,4,11,Needs Attention,0.2156,Low Risk,1.0
17586,2010-03-30,2010-03-30,1,167.4,620,1,167.4,1,1,1,3,Hibernating / Churned,0.8499,High Risk,1.0
17587,2010-03-21,2010-03-21,1,181.66,629,1,181.66,1,1,1,3,Hibernating / Churned,0.8508,High Risk,1.0
17588,2010-03-12,2011-08-31,7,2939.55,101,7,2939.55,3,4,4,11,Needs Attention,0.2348,Low Risk,1.0
17589,2010-03-07,2011-10-10,18,14049.87,61,18,14049.87,3,5,5,13,Needs Attention,0.1165,Low Risk,0.0
17590,2011-10-30,2011-12-07,3,1479.22,3,3,1479.22,5,3,4,12,Loyal Users,,Not Scored (Recent),
17591,2010-01-17,2011-09-27,8,2776.67,74,8,2776.67,3,4,4,11,Needs Attention,0.2985,Low Risk,0.0
17592,2009-12-01,2009-12-01,1,148.3,739,1,148.3,1,1,1,3,Hibernating / Churned,0.8677,High Risk,1.0
17593,2009-12-04,2011-12-06,11,8095.8,4,11,8095.8,5,5,5,15,Champions,0.169,Low Risk,0.0
17594,2010-04-14,2011-09-15,4,2497.88,86,4,2497.88,3,4,4,11,Needs Attention,0.5265,Medium Risk,0.0
17595,2011-11-02,2011-11-27,2,388.79,13,2,388.79,5,2,2,9,New / Promising,,Not Scored (Recent),
17596,2009-12-15,2011-11-16,13,4920.67,24,13,4920.67,4,5,5,14,Champions,0.1139,Low Risk,0.0
17597,2010-05-05,2011-05-10,5,3484.09,214,5,3484.09,2,4,5,11,At Risk (High Value),0.3465,Low Risk,1.0
17598,2010-11-23,2010-11-23,1,409.98,382,1,409.98,2,2,2,6,Hibernating / Churned,0.776,High Risk,1.0
17599,2010-08-19,2010-08-19,1,52.05,478,1,52.05,1,1,1,3,Hibernating / Churned,0.849,High Risk,1.0
17600,2011-11-22,2011-11-22,1,161.67,18,1,161.67,5,1,1,7,New / Promising,,Not Scored (Recent),
17601,2010-11-24,2011-04-14,2,421.48,240,2,421.48,2,2,2,6,Hibernating / Churned,0.5831,Medium Risk,1.0
17602,2010-03-30,2011-12-07,14,7451.13,3,14,7451.13,5,5,5,15,Champions,0.1633,Low Risk,0.0
17603,2009-12-10,2011-09-22,4,1793.48,79,4,1793.48,3,4,4,11,Needs Attention,0.6938,Medium Risk,0.0
17604,2010-01-27,2011-05-06,6,945.9300000000001,218,6,945.9300000000001,2,4,3,9,At Risk (High Value),0.4262,Medium Risk,1.0
17605,2010-04-28,2010-04-28,1,160.75,591,1,160.75,1,1,1,3,Hibernating / Churned,0.8615,High Risk,1.0
17606,2009-12-02,2009-12-02,1,87.3,738,1,87.3,1,1,1,3,Hibernating / Churned,0.8837,High Risk,1.0
17607,2010-11-28,2010-11-28,1,333.81,377,1,333.81,2,1,2,5,Hibernating / Churned,0.7656,High Risk,1.0
17608,2010-04-11,2011-11-06,4,498.53,34,4,498.53,4,3,2,9,Loyal Users,0.6532,Medium Risk,0.0
17609,2010-04-09,2011-10-30,11,1894.34,41,11,1894.34,4,5,4,13,Champions,0.3756,Low Risk,0.0
17610,2009-12-06,2010-06-17,5,1529.49,541,5,1529.49,1,4,4,9,Hibernating / Churned,0.6188,Medium Risk,1.0
17611,2009-12-01,2011-12-02,28,8371.98,8,28,8371.98,5,5,5,15,Champions,0.0448,Low Risk,0.0
17612,2009-12-17,2011-10-17,18,5394.86,54,18,5394.86,4,5,5,14,Champions,0.0557,Low Risk,0.0
17613,2011-02-07,2011-11-17,14,4559.15,23,14,4559.15,4,5,5,14,Champions,0.1401,Low Risk,0.0
17614,2011-10-13,2011-10-13,1,390.07,58,1,390.07,4,2,2,8,New / Promising,,Not Scored (Recent),
17615,2010-08-11,2011-08-01,6,733.2,131,6,733.2,3,4,3,10,Needs Attention,0.3592,Low Risk,1.0
17616,2010-09-14,2011-06-19,4,1060.8,174,4,1060.8,3,3,3,9,Needs Attention,0.4423,Medium Risk,1.0
17617,2010-05-30,2010-05-30,1,395.33,559,1,395.33,1,2,2,5,Hibernating / Churned,0.8187,High Risk,1.0
17618,2010-01-24,2011-12-04,11,4073.24,6,11,4073.24,5,5,5,15,Champions,0.2688,Low Risk,0.0
17619,2011-01-31,2011-01-31,1,218.52,313,1,218.52,2,1,1,4,Hibernating / Churned,0.7412,High Risk,1.0
17620,2011-10-11,2011-10-11,1,81.44,60,1,81.44,3,1,1,5,Needs Attention,,Not Scored (Recent),
17621,2010-10-04,2011-11-18,6,3175.12,22,6,3175.12,4,4,5,13,Champions,0.4373,Medium Risk,0.0
17622,2010-04-20,2010-04-21,2,1130.21,598,2,1130.21,1,3,3,7,Hibernating / Churned,0.7676,High Risk,1.0
17623,2009-12-14,2011-11-07,7,2383.67,33,7,2383.67,4,4,4,12,Champions,0.4477,Medium Risk,0.0
17624,2009-12-20,2011-11-25,4,1568.6299999999999,15,4,1568.6299999999999,5,4,4,13,Champions,0.5501,Medium Risk,0.0
17625,2009-12-15,2011-11-21,8,6067.8,19,8,6067.8,5,5,5,15,Champions,0.2928,Low Risk,0.0
17626,2010-04-16,2010-04-16,1,254.0,603,1,254.0,1,1,1,3,Hibernating / Churned,0.8372,High Risk,1.0
17627,2010-08-18,2010-08-18,1,296.36,479,1,296.36,1,1,2,4,Hibernating / Churned,0.8166,High Risk,1.0
17628,2011-09-19,2011-09-19,1,75.75,82,1,75.75,3,1,1,5,Needs Attention,,Not Scored (Recent),
17629,2010-10-14,2011-12-04,10,2455.52,6,10,2455.52,5,5,4,14,Champions,0.1899,Low Risk,0.0
17630,2011-04-21,2011-06-23,2,503.6,170,2,503.6,3,2,2,7,Needs Attention,0.3867,Low Risk,1.0
17631,2009-12-09,2011-12-08,7,998.49,2,7,998.49,5,4,3,12,Loyal Users,0.41,Medium Risk,0.0
17633,2010-11-15,2011-11-08,7,2057.39,32,7,2057.39,4,4,4,12,Champions,0.328,Low Risk,0.0
17634,2011-01-06,2011-11-03,9,2361.97,37,9,2361.97,4,5,4,13,Champions,0.2159,Low Risk,0.0
17635,2010-04-28,2010-10-11,3,1265.58,425,3,1265.58,1,3,4,8,Hibernating / Churned,0.6348,Medium Risk,1.0
17636,2011-11-20,2011-11-20,1,285.56,20,1,285.56,4,1,1,6,New / Promising,,Not Scored (Recent),
17637,2011-08-16,2011-11-08,2,547.06,32,2,547.06,4,2,2,8,New / Promising,0.4679,Medium Risk,0.0
17638,2009-12-18,2010-03-02,2,842.4000000000001,648,2,842.4000000000001,1,2,3,6,Hibernating / Churned,0.7816,High Risk,1.0
17639,2010-08-13,2011-03-08,6,615.17,277,6,615.17,2,4,2,8,At Risk (High Value),0.5077,Medium Risk,1.0
17640,2010-03-23,2011-09-14,6,3168.94,87,6,3168.94,3,4,5,12,Needs Attention,0.4176,Medium Risk,0.0
17642,2009-12-05,2011-08-12,5,1824.49,120,5,1824.49,3,4,4,11,Needs Attention,0.4657,Medium Risk,1.0
17643,2010-07-22,2010-12-01,2,541.25,374,2,541.25,2,2,2,6,Hibernating / Churned,0.6255,Medium Risk,1.0
17644,2010-02-16,2011-12-08,20,6028.6,2,20,6028.6,5,5,5,15,Champions,0.0998,Low Risk,0.0
17646,2009-12-16,2011-05-04,12,4149.79,220,12,4149.79,2,5,5,12,At Risk (High Value),0.2814,Low Risk,1.0
17647,2010-02-08,2011-10-05,3,331.66,66,3,331.66,3,3,2,8,Needs Attention,0.8395,High Risk,0.0
17648,2010-11-19,2011-10-10,5,2216.37,61,5,2216.37,3,4,4,11,Needs Attention,0.3184,Low Risk,0.0
17649,2010-08-24,2011-07-24,3,1578.89,139,3,1578.89,3,3,4,10,Needs Attention,0.5251,Medium Risk,1.0
17650,2011-11-18,2011-11-18,1,166.07999999999998,22,1,166.07999999999998,4,1,1,6,New / Promising,,Not Scored (Recent),
17651,2010-07-01,2011-11-28,16,5703.52,12,16,5703.52,5,5,5,15,Champions,0.2073,Low Risk,0.0
17652,2011-03-03,2011-11-14,12,4867.72,26,12,4867.72,4,5,5,14,Champions,0.2046,Low Risk,0.0
17653,2011-08-11,2011-11-03,4,1207.56,37,4,1207.56,4,3,3,10,Loyal Users,0.3821,Low Risk,0.0
17654,2011-03-07,2011-03-07,1,117.55,278,1,117.55,2,1,1,4,Hibernating / Churned,0.8044,High Risk,1.0
17655,2010-10-19,2011-11-29,9,3652.48,11,9,3652.48,5,5,5,15,Champions,0.1727,Low Risk,0.0
17656,2011-08-03,2011-09-27,5,1674.69,74,5,1674.69,3,4,4,11,Needs Attention,0.35,Low Risk,0.0
17657,2010-10-05,2010-10-05,1,126.0,431,1,126.0,1,1,1,3,Hibernating / Churned,0.8115,High Risk,1.0
17658,2011-05-12,2011-11-14,2,595.42,26,2,595.42,4,2,2,8,New / Promising,0.6955,Medium Risk,0.0
17659,2010-11-18,2011-11-22,14,3834.79,18,14,3834.79,5,5,5,15,Champions,0.1132,Low Risk,0.0
17660,2009-12-02,2011-07-21,2,359.46999999999997,142,2,359.46999999999997,3,2,2,7,Needs Attention,0.6859,Medium Risk,1.0
17662,2009-12-17,2010-02-16,2,412.92,662,2,412.92,1,2,2,5,Hibernating / Churned,0.8508,High Risk,1.0
17663,2010-03-04,2011-11-14,17,5175.83,26,17,5175.83,4,5,5,14,Champions,0.12,Low Risk,0.0
17664,2010-03-29,2011-11-21,4,1166.23,19,4,1166.23,5,3,3,11,Loyal Users,0.4999,Medium Risk,0.0
17665,2010-08-03,2010-08-03,1,563.1,494,1,563.1,1,2,2,5,Hibernating / Churned,0.7334,High Risk,1.0
17666,2010-06-30,2011-12-06,5,2047.8,4,5,2047.8,5,4,4,13,Champions,0.6956,Medium Risk,0.0
17667,2010-02-23,2011-10-04,9,3950.7,67,9,3950.7,3,5,5,13,Needs Attention,0.1533,Low Risk,0.0
17668,2011-11-01,2011-12-08,2,347.75,2,2,347.75,5,2,2,9,New / Promising,,Not Scored (Recent),
17669,2010-04-01,2011-10-28,10,6142.35,43,10,6142.35,4,5,5,14,Champions,0.21,Low Risk,0.0
17670,2011-04-26,2011-04-26,1,205.7,228,1,205.7,2,1,1,4,Hibernating / Churned,0.7504,High Risk,1.0
17671,2010-11-29,2011-11-24,5,2403.34,16,5,2403.34,5,4,4,13,Champions,0.3382,Low Risk,0.0
17672,2010-01-26,2011-10-20,7,5778.63,51,7,5778.63,4,4,5,13,Champions,0.3351,Low Risk,0.0
17673,2010-03-19,2011-12-08,13,4233.58,2,13,4233.58,5,5,5,15,Champions,0.1306,Low Risk,0.0
17674,2010-12-06,2011-09-26,2,851.6999999999999,75,2,851.6999999999999,3,3,3,9,Needs Attention,0.6832,Medium Risk,0.0
17675,2009-12-10,2011-12-08,70,38259.6,2,70,38259.6,5,5,5,15,Champions,0.0192,Low Risk,0.0
17676,2010-03-30,2011-12-05,10,2765.84,5,10,2765.84,5,5,4,14,Champions,0.3059,Low Risk,0.0
17677,2009-12-16,2011-12-08,54,36692.909999999996,2,54,36692.909999999996,5,5,5,15,Champions,0.0219,Low Risk,0.0
17678,2010-04-15,2011-03-21,2,599.76,264,2,599.76,2,2,2,6,Hibernating / Churned,0.6511,Medium Risk,1.0
17679,2009-12-03,2011-10-18,7,3577.61,53,7,3577.61,4,4,5,13,Champions,0.6277,Medium Risk,0.0
17680,2010-07-16,2011-11-16,3,497.45000000000005,24,3,497.45000000000005,4,3,2,9,Loyal Users,0.6922,Medium Risk,0.0
17681,2010-01-15,2010-04-21,5,731.2,598,5,731.2,1,4,3,8,Hibernating / Churned,0.7222,High Risk,1.0
17682,2010-03-08,2011-11-29,11,4456.78,11,11,4456.78,5,5,5,15,Champions,0.1274,Low Risk,0.0
17683,2010-06-03,2010-11-19,3,819.01,386,3,819.01,2,3,3,8,At Risk (High Value),0.6008,Medium Risk,1.0
17684,2011-10-27,2011-10-27,1,239.41,44,1,239.41,4,1,1,6,New / Promising,,Not Scored (Recent),
17685,2010-02-11,2011-11-23,12,5943.17,17,12,5943.17,5,5,5,15,Champions,0.2795,Low Risk,0.0
17686,2010-06-24,2011-12-02,9,8296.81,8,9,8296.81,5,5,5,15,Champions,0.1607,Low Risk,0.0
17687,2010-10-15,2010-10-15,1,432.68,421,1,432.68,1,2,2,5,Hibernating / Churned,0.7188,High Risk,1.0
17688,2010-11-11,2010-11-11,1,304.2,394,1,304.2,2,1,2,5,Hibernating / Churned,0.7517,High Risk,1.0
17689,2010-08-22,2010-11-16,2,317.08,389,2,317.08,2,2,2,6,Hibernating / Churned,0.6947,Medium Risk,1.0
17690,2010-02-03,2011-11-09,20,7448.1,31,20,7448.1,4,5,5,14,Champions,0.1619,Low Risk,0.0
17691,2010-06-11,2010-12-16,4,780.05,359,4,780.05,2,3,3,8,At Risk (High Value),0.5724,Medium Risk,1.0
17692,2010-06-17,2011-08-04,12,2975.8,128,12,2975.8,3,5,5,13,Needs Attention,0.1251,Low Risk,1.0
17693,2011-07-25,2011-07-25,1,200.47,138,1,200.47,3,1,1,5,Needs Attention,0.5818,Medium Risk,1.0
17694,2010-05-26,2011-07-21,3,1695.97,142,3,1695.97,3,3,4,10,Needs Attention,0.6438,Medium Risk,1.0
17695,2010-01-28,2011-07-31,5,1746.04,132,5,1746.04,3,4,4,11,Needs Attention,0.4219,Medium Risk,1.0
17696,2009-12-10,2011-11-01,27,7679.59,39,27,7679.59,4,5,5,14,Champions,0.0347,Low Risk,0.0
17697,2011-04-17,2011-04-17,1,338.95,237,1,338.95,2,1,2,5,Hibernating / Churned,0.7119,High Risk,1.0
17698,2011-03-24,2011-03-24,1,154.95,261,1,154.95,2,1,1,4,Hibernating / Churned,0.7975,High Risk,1.0
17699,2010-05-27,2010-08-20,2,442.0,477,2,442.0,1,2,2,5,Hibernating / Churned,0.8176,High Risk,1.0
17700,2009-12-01,2011-11-23,14,6679.97,17,14,6679.97,5,5,5,15,Champions,0.1007,Low Risk,0.0
17701,2011-04-01,2011-04-01,1,417.95,253,1,417.95,2,2,2,6,Hibernating / Churned,0.7077,High Risk,1.0
17702,2010-11-04,2011-11-09,6,3144.04,31,6,3144.04,4,4,5,13,Champions,0.2321,Low Risk,0.0
17703,2010-10-17,2011-11-04,4,1094.84,36,4,1094.84,4,3,3,10,Loyal Users,0.4371,Medium Risk,0.0
17704,2011-04-14,2011-06-24,2,885.1899999999999,169,2,885.1899999999999,3,3,3,9,Needs Attention,0.3784,Low Risk,1.0
17705,2010-05-12,2011-12-06,11,2083.9,4,11,2083.9,5,5,4,14,Champions,0.2531,Low Risk,0.0
17706,2010-01-19,2011-12-05,31,20749.98,5,31,20749.98,5,5,5,15,Champions,0.0856,Low Risk,0.0
17707,2009-12-07,2011-06-07,8,609.3,186,8,609.3,3,4,2,9,Needs Attention,0.3734,Low Risk,1.0
17708,2010-10-12,2011-06-05,4,887.93,188,4,887.93,3,3,3,9,Needs Attention,0.374,Low Risk,1.0
17709,2010-04-15,2011-06-23,5,671.01,170,5,671.01,3,4,3,10,Needs Attention,0.451,Medium Risk,1.0
17710,2010-10-12,2010-10-12,1,293.5,424,1,293.5,1,1,2,4,Hibernating / Churned,0.7522,High Risk,1.0
17711,2011-02-23,2011-11-29,2,385.1,11,2,385.1,5,2,2,9,New / Promising,0.7326,High Risk,0.0
17712,2011-10-26,2011-10-26,1,522.91,45,1,522.91,4,2,2,8,New / Promising,,Not Scored (Recent),
17713,2010-06-09,2010-11-22,4,1198.09,383,4,1198.09,2,3,3,8,At Risk (High Value),0.6223,Medium Risk,1.0
17714,2010-07-14,2011-01-23,5,1410.18,321,5,1410.18,2,4,4,10,At Risk (High Value),0.4997,Medium Risk,1.0
17715,2010-04-26,2011-05-23,2,489.59999999999997,201,2,489.59999999999997,2,2,2,6,Hibernating / Churned,0.7169,High Risk,1.0
17716,2009-12-02,2011-11-17,24,15956.97,23,24,15956.97,4,5,5,14,Champions,0.0678,Low Risk,0.0
17717,2010-10-14,2010-10-14,1,376.92,422,1,376.92,1,2,2,5,Hibernating / Churned,0.7631,High Risk,1.0
17718,2010-03-05,2011-04-21,2,439.18,233,2,439.18,2,2,2,6,Hibernating / Churned,0.7215,High Risk,1.0
17719,2011-03-29,2011-11-02,15,5396.04,38,15,5396.04,4,5,5,14,Champions,0.1471,Low Risk,0.0
17720,2010-05-10,2011-11-13,10,2768.91,27,10,2768.91,4,5,4,13,Champions,0.1471,Low Risk,0.0
17721,2010-02-18,2010-02-18,1,307.21,660,1,307.21,1,1,2,4,Hibernating / Churned,0.8662,High Risk,1.0
17722,2010-11-29,2011-09-04,5,4430.36,97,5,4430.36,3,4,5,12,Needs Attention,0.2085,Low Risk,1.0
17723,2010-11-29,2011-08-04,7,3378.4,128,7,3378.4,3,4,5,12,Needs Attention,0.2665,Low Risk,1.0
17724,2011-07-24,2011-09-29,3,1033.0,72,3,1033.0,3,3,3,9,Needs Attention,0.5902,Medium Risk,0.0
17725,2011-03-17,2011-11-23,11,3439.08,17,11,3439.08,5,5,5,15,Champions,0.1529,Low Risk,0.0
17726,2010-01-26,2010-11-09,7,1092.06,396,7,1092.06,2,4,3,9,At Risk (High Value),0.5877,Medium Risk,1.0
17727,2011-11-24,2011-11-24,1,1060.25,16,1,1060.25,5,2,3,10,New / Promising,,Not Scored (Recent),
17728,2010-09-12,2011-12-06,5,4238.76,4,5,4238.76,5,4,5,14,Champions,0.6084,Medium Risk,0.0
17729,2010-04-22,2010-04-22,1,438.65,597,1,438.65,1,2,2,5,Hibernating / Churned,0.8063,High Risk,1.0
17730,2010-04-29,2011-12-06,20,7773.8,4,20,7773.8,5,5,5,15,Champions,0.0698,Low Risk,0.0
17731,2010-02-09,2011-09-21,6,1708.99,80,6,1708.99,3,4,4,11,Needs Attention,0.4593,Medium Risk,0.0
17732,2010-08-09,2010-12-02,8,2470.39,373,8,2470.39,2,4,4,10,At Risk (High Value),0.5104,Medium Risk,1.0
17733,2011-03-23,2011-11-01,2,692.1899999999999,39,2,692.1899999999999,4,2,3,9,New / Promising,0.74,High Risk,0.0
17734,2010-03-07,2011-10-17,6,1442.32,54,6,1442.32,4,4,4,12,Champions,0.4054,Medium Risk,0.0
17735,2010-07-30,2011-12-07,26,17244.93,3,26,17244.93,5,5,5,15,Champions,0.058,Low Risk,0.0
17736,2011-08-18,2011-11-30,3,377.44,10,3,377.44,5,3,2,10,Loyal Users,0.4649,Medium Risk,0.0
17737,2011-10-12,2011-11-30,2,168.24,10,2,168.24,5,2,1,8,New / Promising,,Not Scored (Recent),
17738,2010-03-19,2011-11-20,13,4183.56,20,13,4183.56,5,5,5,15,Champions,0.1406,Low Risk,0.0
17739,2009-12-07,2011-11-28,18,7730.59,12,18,7730.59,5,5,5,15,Champions,0.1791,Low Risk,0.0
17740,2010-01-11,2010-11-15,6,426.9,390,6,426.9,2,4,2,8,At Risk (High Value),0.6168,Medium Risk,1.0
17741,2010-05-28,2010-10-29,2,101.1,407,2,101.1,2,2,1,5,Hibernating / Churned,0.743,High Risk,1.0
17742,2009-12-01,2011-08-18,11,2098.48,114,11,2098.48,3,5,4,12,Needs Attention,0.2798,Low Risk,1.0
17743,2010-09-17,2010-09-17,1,229.2,449,1,229.2,1,1,1,3,Hibernating / Churned,0.7647,High Risk,1.0
17744,2010-11-24,2011-12-06,7,2649.14,4,7,2649.14,5,4,4,13,Champions,0.3988,Low Risk,0.0
17745,2010-06-02,2010-08-19,2,600.34,478,2,600.34,1,2,2,5,Hibernating / Churned,0.7423,High Risk,1.0
17746,2010-04-08,2011-04-13,4,904.18,241,4,904.18,2,3,3,8,At Risk (High Value),0.5206,Medium Risk,1.0
17747,2011-08-19,2011-08-19,1,71.4,113,1,71.4,3,1,1,5,Needs Attention,0.7124,High Risk,1.0
17748,2010-06-30,2010-06-30,1,358.15,528,1,358.15,1,1,2,4,Hibernating / Churned,0.8205,High Risk,1.0
17749,2010-06-11,2011-06-14,3,1026.18,179,3,1026.18,3,3,3,9,Needs Attention,0.4934,Medium Risk,1.0
17750,2011-06-28,2011-12-04,9,1797.57,6,9,1797.57,5,5,4,14,Champions,0.2202,Low Risk,0.0
17751,2010-10-14,2010-10-14,1,157.85999999999999,422,1,157.85999999999999,1,1,1,3,Hibernating / Churned,0.8041,High Risk,1.0
17752,2010-12-15,2010-12-15,1,80.64,360,1,80.64,2,1,1,4,Hibernating / Churned,0.8522,High Risk,1.0
17753,2010-01-06,2010-09-01,4,390.56,465,4,390.56,1,3,2,6,Hibernating / Churned,0.7825,High Risk,1.0
17754,2009-12-11,2011-12-09,13,4577.53,1,13,4577.53,5,5,5,15,Champions,0.1112,Low Risk,0.0
17756,2010-11-10,2010-11-29,3,733.6999999999999,376,3,733.6999999999999,2,3,3,8,At Risk (High Value),0.5836,Medium Risk,1.0
17757,2010-01-13,2011-12-08,56,9422.45,2,56,9422.45,5,5,5,15,Champions,0.0438,Low Risk,0.0
17758,2010-05-20,2011-11-20,12,5012.53,20,12,5012.53,5,5,5,15,Champions,0.1667,Low Risk,0.0
17759,2010-05-05,2011-11-22,5,1276.91,18,5,1276.91,5,4,4,13,Champions,0.4386,Medium Risk,0.0
17760,2010-02-28,2011-11-18,6,918.93,22,6,918.93,4,4,3,11,Loyal Users,0.5646,Medium Risk,0.0
17761,2011-11-07,2011-11-07,1,712.78,33,1,712.78,4,2,3,9,New / Promising,,Not Scored (Recent),
17762,2010-09-09,2010-09-09,1,129.75,457,1,129.75,1,1,1,3,Hibernating / Churned,0.8434,High Risk,1.0
17763,2010-02-18,2011-03-21,4,86.14999999999999,264,4,86.14999999999999,2,3,1,6,At Risk (High Value),0.6371,Medium Risk,1.0
17764,2009-12-03,2011-10-20,5,1623.64,51,5,1623.64,4,4,4,12,Champions,0.4494,Medium Risk,0.0
17765,2010-09-17,2011-07-04,4,530.8,159,4,530.8,3,3,2,8,Needs Attention,0.4019,Medium Risk,1.0
17766,2010-11-23,2010-11-23,2,299.61,382,2,299.61,2,2,2,6,Hibernating / Churned,0.7548,High Risk,1.0
17767,2010-10-25,2011-11-24,2,413.05,16,2,413.05,5,2,2,9,New / Promising,0.803,High Risk,0.0
17768,2009-12-02,2011-12-01,7,3509.51,9,7,3509.51,5,4,5,14,Champions,0.4092,Medium Risk,0.0
17769,2010-01-19,2011-11-27,17,7103.08,13,17,7103.08,5,5,5,15,Champions,0.1225,Low Risk,0.0
17770,2011-03-02,2011-05-25,5,1143.27,199,5,1143.27,2,4,3,9,At Risk (High Value),0.349,Low Risk,1.0
17771,2010-04-29,2011-10-14,4,387.41,57,4,387.41,4,3,2,9,Loyal Users,0.6147,Medium Risk,0.0
17772,2010-11-12,2011-11-29,3,384.77,11,3,384.77,5,3,2,10,Loyal Users,0.7463,High Risk,0.0
17773,2010-01-18,2010-07-13,2,585.27,515,2,585.27,1,2,2,5,Hibernating / Churned,0.7353,High Risk,1.0
17774,2010-02-08,2011-09-04,9,3328.05,97,9,3328.05,3,5,5,13,Needs Attention,0.1408,Low Risk,1.0
17775,2011-03-30,2011-03-30,1,56.4,255,1,56.4,2,1,1,4,Hibernating / Churned,0.8309,High Risk,1.0
17776,2009-12-16,2010-11-18,2,338.56,387,2,338.56,2,2,2,6,Hibernating / Churned,0.6549,Medium Risk,1.0
17777,2011-08-31,2011-11-15,3,665.86,25,3,665.86,4,3,3,10,Loyal Users,0.5741,Medium Risk,0.0
17778,2010-02-16,2010-02-16,1,197.7,662,1,197.7,1,1,1,3,Hibernating / Churned,0.8606,High Risk,1.0
17779,2011-07-19,2011-11-18,3,658.57,22,3,658.57,4,3,3,10,Loyal Users,0.4745,Medium Risk,0.0
17780,2010-01-24,2010-02-10,3,352.91,668,3,352.91,1,3,2,6,Hibernating / Churned,0.7674,High Risk,1.0
17781,2011-03-31,2011-07-03,2,188.02,160,2,188.02,3,2,1,6,Needs Attention,0.4722,Medium Risk,1.0
17782,2010-11-22,2010-11-22,2,679.02,383,2,679.02,2,2,3,7,At Risk (High Value),0.6787,Medium Risk,1.0
17783,2010-07-15,2011-09-28,3,379.91,73,3,379.91,3,3,2,8,Needs Attention,0.6011,Medium Risk,0.0
17784,2010-06-07,2010-06-07,1,112.86,551,1,112.86,1,1,1,3,Hibernating / Churned,0.8416,High Risk,1.0
17785,2010-05-23,2011-10-17,3,403.38,54,3,403.38,4,3,2,9,Loyal Users,0.6833,Medium Risk,0.0
17786,2011-01-26,2011-09-15,2,278.74,86,2,278.74,3,2,1,6,Needs Attention,0.8082,High Risk,0.0
17787,2010-12-03,2011-07-10,4,2601.47,153,4,2601.47,3,4,4,11,Needs Attention,0.2928,Low Risk,1.0
17788,2011-08-02,2011-09-27,2,1117.9,74,2,1117.9,3,3,3,9,Needs Attention,0.6132,Medium Risk,0.0
17789,2010-02-16,2011-03-03,2,397.15,282,2,397.15,2,2,2,6,Hibernating / Churned,0.7442,High Risk,1.0
17790,2010-06-13,2011-11-13,20,2783.61,27,20,2783.61,4,5,4,13,Champions,0.1358,Low Risk,0.0
17791,2011-11-10,2011-11-10,1,106.1,30,1,106.1,4,1,1,6,New / Promising,,Not Scored (Recent),
17792,2010-08-18,2010-08-29,2,370.05,468,2,370.05,1,2,2,5,Hibernating / Churned,0.7555,High Risk,1.0
17793,2011-11-14,2011-11-14,1,323.04,26,1,323.04,4,1,2,7,New / Promising,,Not Scored (Recent),
17794,2010-01-20,2010-01-22,2,147.3,687,2,147.3,1,2,1,4,Hibernating / Churned,0.8365,High Risk,1.0
17795,2011-03-20,2011-06-13,2,350.39,180,2,350.39,3,2,2,7,Needs Attention,0.4216,Medium Risk,1.0
17796,2010-10-14,2011-10-30,7,1361.99,41,7,1361.99,4,4,4,12,Champions,0.4258,Medium Risk,0.0
17797,2009-12-15,2011-11-17,8,1985.8700000000001,23,8,1985.8700000000001,4,4,4,12,Champions,0.3715,Low Risk,0.0
17798,2010-05-07,2010-05-07,1,183.09,582,1,183.09,1,1,1,3,Hibernating / Churned,0.8301,High Risk,1.0
17799,2009-12-13,2011-11-17,20,6341.89,23,20,6341.89,4,5,5,14,Champions,0.0343,Low Risk,0.0
17800,2011-01-09,2011-11-02,9,1199.01,38,9,1199.01,4,5,3,12,Loyal Users,0.2916,Low Risk,0.0
17801,2010-01-17,2010-09-14,3,798.33,452,3,798.33,1,3,3,7,Hibernating / Churned,0.6286,Medium Risk,1.0
17802,2009-12-13,2011-09-18,10,5053.12,83,10,5053.12,3,5,5,13,Needs Attention,0.1571,Low Risk,0.0
17803,2010-11-12,2010-11-12,1,184.66,393,1,184.66,2,1,1,4,Hibernating / Churned,0.7924,High Risk,1.0
17804,2009-12-01,2010-11-28,3,385.23,377,3,385.23,2,3,2,7,At Risk (High Value),0.6255,Medium Risk,1.0
17805,2010-04-08,2011-09-27,2,927.03,74,2,927.03,3,3,3,9,Needs Attention,0.8282,High Risk,0.0
17806,2011-11-28,2011-11-28,1,546.04,12,1,546.04,5,2,2,9,New / Promising,,Not Scored (Recent),
17807,2010-01-04,2010-11-09,3,437.87,396,3,437.87,2,3,2,7,At Risk (High Value),0.6059,Medium Risk,1.0
17808,2010-05-07,2010-06-09,4,262.64,549,4,262.64,1,3,1,5,Hibernating / Churned,0.8054,High Risk,1.0
17809,2009-12-02,2011-11-23,20,11337.39,17,20,11337.39,5,5,5,15,Champions,0.1008,Low Risk,0.0
17810,2010-01-25,2010-02-09,2,374.81,669,2,374.81,1,2,2,5,Hibernating / Churned,0.789,High Risk,1.0
17811,2010-09-20,2011-12-05,47,9609.8,5,47,9609.8,5,5,5,15,Champions,0.064,Low Risk,0.0
17812,2010-06-27,2011-11-27,7,1165.89,13,7,1165.89,5,4,3,12,Loyal Users,0.4828,Medium Risk,0.0
17813,2011-09-29,2011-11-25,5,1770.88,15,5,1770.88,5,4,4,13,Champions,,Not Scored (Recent),
17814,2010-10-13,2010-11-29,2,1617.32,376,2,1617.32,2,3,4,9,At Risk (High Value),0.5782,Medium Risk,1.0
17815,2010-11-11,2010-11-11,1,591.96,394,1,591.96,2,2,2,6,Hibernating / Churned,0.7108,High Risk,1.0
17816,2009-12-15,2011-11-03,6,112.32,37,6,112.32,4,4,1,9,Loyal Users,0.5669,Medium Risk,0.0
17817,2010-10-13,2011-12-05,6,807.85,5,6,807.85,5,4,3,12,Loyal Users,0.4591,Medium Risk,0.0
17818,2009-12-02,2009-12-02,1,130.18,738,1,130.18,1,1,1,3,Hibernating / Churned,0.8394,High Risk,1.0
17819,2009-12-13,2011-09-29,12,6612.5199999999995,72,12,6612.5199999999995,3,5,5,13,Needs Attention,0.1567,Low Risk,0.0
17820,2010-11-30,2010-11-30,1,183.56,375,1,183.56,2,1,1,4,Hibernating / Churned,0.7937,High Risk,1.0
17821,2010-10-29,2010-10-29,1,334.62,407,1,334.62,2,1,2,5,Hibernating / Churned,0.779,High Risk,1.0
17822,2010-05-28,2010-10-15,5,2188.5,421,5,2188.5,1,4,4,9,Hibernating / Churned,0.5673,Medium Risk,1.0
17823,2010-10-14,2010-10-14,2,494.25,422,2,494.25,1,2,2,5,Hibernating / Churned,0.6536,Medium Risk,1.0
17824,2011-10-19,2011-10-19,1,298.4,52,1,298.4,4,1,2,7,New / Promising,,Not Scored (Recent),
17825,2009-12-14,2010-04-20,4,731.96,599,4,731.96,1,3,3,7,Hibernating / Churned,0.7536,High Risk,1.0
17826,2010-11-30,2010-11-30,1,134.59,375,1,134.59,2,1,1,4,Hibernating / Churned,0.7892,High Risk,1.0
17827,2010-03-28,2011-12-04,6,2388.05,6,6,2388.05,5,4,4,13,Champions,0.3757,Low Risk,0.0
17828,2011-06-08,2011-11-17,4,1820.09,23,4,1820.09,4,4,4,12,Champions,0.3169,Low Risk,0.0
17829,2010-02-22,2011-02-14,5,4756.74,299,5,4756.74,2,4,5,11,At Risk (High Value),0.3719,Low Risk,1.0
17830,2011-02-24,2011-12-08,3,398.7,2,3,398.7,5,3,2,10,Loyal Users,0.6035,Medium Risk,0.0
17831,2011-11-06,2011-11-06,1,35.4,34,1,35.4,4,1,1,6,New / Promising,,Not Scored (Recent),
17832,2011-10-21,2011-10-21,1,155.37,50,1,155.37,4,1,1,6,New / Promising,,Not Scored (Recent),
17833,2009-12-16,2009-12-16,1,342.36,724,1,342.36,1,1,2,4,Hibernating / Churned,0.8642,High Risk,1.0
17834,2010-09-20,2010-10-21,2,730.47,415,2,730.47,1,2,3,6,Hibernating / Churned,0.6327,Medium Risk,1.0
17835,2011-11-16,2011-12-07,3,350.64,3,3,350.64,5,3,2,10,Loyal Users,,Not Scored (Recent),
17836,2011-10-23,2011-10-23,1,110.21,48,1,110.21,4,1,1,6,New / Promising,,Not Scored (Recent),
17837,2011-06-29,2011-10-28,8,1593.38,43,8,1593.38,4,4,4,12,Champions,0.3555,Low Risk,0.0
17838,2010-03-19,2011-11-13,13,6722.9,27,13,6722.9,4,5,5,14,Champions,0.3426,Low Risk,0.0
17839,2011-10-28,2011-10-28,1,338.8,43,1,338.8,4,1,2,7,New / Promising,,Not Scored (Recent),
17840,2010-09-22,2010-09-22,1,185.72,444,1,185.72,1,1,1,3,Hibernating / Churned,0.772,High Risk,1.0
17841,2009-12-02,2011-12-08,211,70884.07,2,211,70884.07,5,5,5,15,Champions,0.0282,Low Risk,0.0
17842,2010-04-16,2010-04-16,1,430.69,603,1,430.69,1,2,2,5,Hibernating / Churned,0.816,High Risk,1.0
17843,2010-10-24,2011-02-09,2,326.23,304,2,326.23,2,2,2,6,Hibernating / Churned,0.631,Medium Risk,1.0
17844,2011-08-25,2011-08-25,1,51.56,107,1,51.56,3,1,1,5,Needs Attention,0.5972,Medium Risk,1.0
17845,2010-05-12,2010-06-02,4,598.1899999999999,556,4,598.1899999999999,1,3,2,6,Hibernating / Churned,0.6901,Medium Risk,1.0
17846,2011-09-15,2011-09-15,1,2033.1,86,1,2033.1,3,2,4,9,Needs Attention,,Not Scored (Recent),
17847,2010-03-04,2010-07-12,2,129.69,516,2,129.69,1,2,1,4,Hibernating / Churned,0.8395,High Risk,1.0
17848,2009-12-06,2011-09-19,30,3650.9,82,30,3650.9,3,5,5,13,Needs Attention,0.0544,Low Risk,0.0
17849,2010-03-14,2011-05-05,8,1063.76,219,8,1063.76,2,4,3,9,At Risk (High Value),0.4659,Medium Risk,1.0
17850,2009-12-05,2010-12-02,155,56600.08,373,155,56600.08,2,5,5,12,At Risk (High Value),0.4996,Medium Risk,1.0
17851,2009-12-03,2010-10-13,6,1563.34,423,6,1563.34,1,4,4,9,Hibernating / Churned,0.4816,Medium Risk,1.0
17852,2009-12-08,2011-11-28,5,663.21,12,5,663.21,5,4,3,12,Loyal Users,0.5155,Medium Risk,0.0
17853,2009-12-03,2010-10-28,3,1608.19,408,3,1608.19,2,3,4,9,At Risk (High Value),0.601,Medium Risk,1.0
17854,2009-12-08,2011-06-07,6,1071.45,186,6,1071.45,3,4,3,10,Needs Attention,0.4113,Medium Risk,1.0
17855,2010-12-02,2010-12-02,1,417.94,373,1,417.94,2,2,2,6,Hibernating / Churned,0.7517,High Risk,1.0
17856,2011-03-03,2011-12-08,4,1418.03,2,4,1418.03,5,4,4,13,Champions,0.5476,Medium Risk,0.0
17857,2010-03-08,2011-12-05,24,28682.24,5,24,28682.24,5,5,5,15,Champions,0.2022,Low Risk,0.0
17858,2009-12-06,2011-12-04,30,12797.65,6,30,12797.65,5,5,5,15,Champions,0.0376,Low Risk,0.0
17859,2011-02-08,2011-02-08,1,148.21,305,1,148.21,2,1,1,4,Hibernating / Churned,0.7905,High Risk,1.0
17860,2009-12-11,2010-12-06,4,1015.54,369,4,1015.54,2,3,3,8,At Risk (High Value),0.4968,Medium Risk,1.0
17861,2009-12-10,2011-12-06,18,5127.69,4,18,5127.69,5,5,5,15,Champions,0.0874,Low Risk,0.0
17862,2010-05-25,2011-01-20,4,1279.09,324,4,1279.09,2,4,4,10,At Risk (High Value),0.5594,Medium Risk,1.0
17863,2010-02-25,2011-10-11,12,5745.2,60,12,5745.2,3,5,5,13,Needs Attention,0.1126,Low Risk,0.0
17864,2010-10-08,2011-11-27,5,924.32,13,5,924.32,5,4,3,12,Loyal Users,0.4832,Medium Risk,0.0
17865,2009-12-01,2011-11-09,46,26374.39,31,46,26374.39,4,5,5,14,Champions,0.0206,Low Risk,0.0
17866,2009-12-14,2011-07-20,3,1134.95,143,3,1134.95,3,3,3,9,Needs Attention,0.6018,Medium Risk,1.0
17867,2009-12-02,2011-11-09,15,1621.28,31,15,1621.28,4,5,4,13,Champions,0.1917,Low Risk,0.0
17868,2010-11-18,2010-11-18,1,234.65,387,1,234.65,2,1,1,4,Hibernating / Churned,0.7594,High Risk,1.0
17869,2010-06-10,2011-08-24,7,1036.16,108,7,1036.16,3,4,3,10,Needs Attention,0.3375,Low Risk,1.0
17870,2010-11-23,2011-12-07,13,3108.15,3,13,3108.15,5,5,5,15,Champions,0.2656,Low Risk,0.0
17871,2010-01-15,2011-05-19,5,1118.99,205,5,1118.99,2,4,3,9,At Risk (High Value),0.3956,Low Risk,1.0
17872,2010-11-23,2010-11-23,1,235.87,382,1,235.87,2,1,1,4,Hibernating / Churned,0.7568,High Risk,1.0
17873,2009-12-16,2011-09-20,18,6515.88,81,18,6515.88,3,5,5,13,Needs Attention,0.0948,Low Risk,0.0
17874,2011-03-29,2011-06-07,6,683.46,186,6,683.46,3,4,3,10,Needs Attention,0.3491,Low Risk,1.0
17875,2010-01-20,2010-01-20,1,167.1,689,1,167.1,1,1,1,3,Hibernating / Churned,0.857,High Risk,1.0
17876,2010-02-02,2010-11-05,3,3424.02,400,3,3424.02,2,3,5,10,At Risk (High Value),0.6099,Medium Risk,1.0
17877,2011-06-22,2011-06-22,1,237.60999999999999,171,1,237.60999999999999,3,1,1,5,Needs Attention,0.6029,Medium Risk,1.0
17878,2010-11-09,2011-10-27,3,1412.33,44,3,1412.33,4,3,4,11,Loyal Users,0.6649,Medium Risk,0.0
17879,2011-06-19,2011-06-19,1,178.52,174,1,178.52,3,1,1,5,Needs Attention,0.7247,High Risk,1.0
17880,2009-12-09,2010-12-10,3,824.92,365,3,824.92,2,3,3,8,At Risk (High Value),0.641,Medium Risk,1.0
17881,2011-02-08,2011-02-08,1,133.35,305,1,133.35,2,1,1,4,Hibernating / Churned,0.7979,High Risk,1.0
17882,2010-11-25,2010-11-25,2,313.46,380,2,313.46,2,2,2,6,Hibernating / Churned,0.7438,High Risk,1.0
17883,2010-02-25,2011-12-06,7,995.85,4,7,995.85,5,4,3,12,Loyal Users,0.5344,Medium Risk,0.0
17884,2009-12-04,2011-12-06,20,3072.89,4,20,3072.89,5,5,5,15,Champions,0.3359,Low Risk,0.0
17885,2011-11-27,2011-11-27,1,190.19,13,1,190.19,5,1,1,7,New / Promising,,Not Scored (Recent),
17886,2010-04-29,2011-11-08,6,1608.38,32,6,1608.38,4,4,4,12,Champions,0.3887,Low Risk,0.0
17887,2011-08-02,2011-08-02,1,111.35,130,1,111.35,3,1,1,5,Needs Attention,0.6065,Medium Risk,1.0
17888,2009-12-21,2011-11-18,25,1820.44,22,25,1820.44,4,5,4,13,Champions,0.1638,Low Risk,0.0
17889,2010-03-31,2011-05-11,7,774.87,213,7,774.87,2,4,3,9,At Risk (High Value),0.4346,Medium Risk,1.0
17890,2010-12-13,2011-01-21,2,602.09,323,2,602.09,2,2,2,6,Hibernating / Churned,0.5311,Medium Risk,1.0
17891,2011-06-30,2011-06-30,1,203.85999999999999,163,1,203.85999999999999,3,1,1,5,Needs Attention,0.634,Medium Risk,1.0
17892,2011-07-07,2011-10-14,3,244.1,57,3,244.1,4,3,1,8,Loyal Users,0.6135,Medium Risk,0.0
17893,2011-04-28,2011-04-28,1,112.25,226,1,112.25,2,1,1,4,Hibernating / Churned,0.7848,High Risk,1.0
17894,2010-08-27,2011-09-29,18,2453.38,72,18,2453.38,3,5,4,12,Needs Attention,0.1676,Low Risk,0.0
17895,2011-10-26,2011-10-26,1,98.0,45,1,98.0,4,1,1,6,New / Promising,,Not Scored (Recent),
17896,2011-11-16,2011-11-16,1,256.32,24,1,256.32,4,1,1,6,New / Promising,,Not Scored (Recent),
17897,2010-05-12,2011-06-20,9,2585.0,173,9,2585.0,3,5,4,12,Needs Attention,0.1969,Low Risk,1.0
17898,2010-05-21,2011-09-15,4,299.18,86,4,299.18,3,3,2,8,Needs Attention,0.5429,Medium Risk,0.0
17899,2011-07-03,2011-07-03,1,155.8,160,1,155.8,3,1,1,5,Needs Attention,0.6559,Medium Risk,1.0
17900,2011-06-02,2011-06-02,2,112.19999999999999,191,2,112.19999999999999,2,2,1,5,Hibernating / Churned,0.6821,Medium Risk,1.0
17901,2010-07-06,2011-11-10,3,260.08,30,3,260.08,4,3,1,8,Loyal Users,0.827,High Risk,0.0
17902,2010-06-11,2010-06-11,1,216.4,547,1,216.4,1,1,1,3,Hibernating / Churned,0.8405,High Risk,1.0
17903,2010-11-10,2010-11-10,1,381.09000000000003,395,1,381.09000000000003,2,2,2,6,Hibernating / Churned,0.7615,High Risk,1.0
17904,2011-11-18,2011-11-18,1,191.67000000000002,22,1,191.67000000000002,4,1,1,6,New / Promising,,Not Scored (Recent),
17905,2010-01-28,2011-09-29,13,2383.52,72,13,2383.52,3,5,4,12,Needs Attention,0.2223,Low Risk,0.0
17906,2011-04-06,2011-04-06,1,72.9,248,1,72.9,2,1,1,4,Hibernating / Churned,0.8042,High Risk,1.0
17907,2010-03-09,2010-03-09,1,291.76,641,1,291.76,1,1,2,4,Hibernating / Churned,0.8523,High Risk,1.0
17908,2009-12-14,2010-12-01,5,1411.54,374,5,1411.54,2,4,4,10,At Risk (High Value),0.4305,Medium Risk,1.0
17909,2009-12-02,2009-12-02,1,132.55,738,1,132.55,1,1,1,3,Hibernating / Churned,0.8726,High Risk,1.0
17910,2009-12-13,2009-12-13,1,261.7,727,1,261.7,1,1,1,3,Hibernating / Churned,0.8548,High Risk,1.0
17911,2011-11-30,2011-11-30,1,366.23,10,1,366.23,5,2,2,9,New / Promising,,Not Scored (Recent),
17912,2010-11-29,2011-02-02,6,375.5,311,6,375.5,2,4,2,8,At Risk (High Value),0.6197,Medium Risk,1.0
17913,2009-12-03,2011-10-12,14,3479.64,59,14,3479.64,4,5,5,14,Champions,0.3592,Low Risk,0.0
17914,2011-12-06,2011-12-06,1,336.43,4,1,336.43,5,1,2,8,New / Promising,,Not Scored (Recent),
17915,2010-06-06,2010-06-06,1,242.13,552,1,242.13,1,1,1,3,Hibernating / Churned,0.8198,High Risk,1.0
17916,2009-12-06,2010-03-21,2,43.87,629,2,43.87,1,2,1,4,Hibernating / Churned,0.7963,High Risk,1.0
17917,2010-12-12,2011-10-25,3,341.28,46,3,341.28,4,3,2,9,Loyal Users,0.5424,Medium Risk,0.0
17918,2010-07-22,2010-07-27,3,396.39,501,3,396.39,1,3,2,6,Hibernating / Churned,0.8073,High Risk,1.0
17919,2010-09-27,2011-09-12,2,1840.32,89,2,1840.32,3,3,4,10,Needs Attention,0.7031,High Risk,0.0
17920,2009-12-06,2011-12-05,54,24516.46,5,54,24516.46,5,5,5,15,Champions,0.0204,Low Risk,0.0
17921,2010-07-15,2011-10-06,10,2423.5,65,10,2423.5,3,5,4,12,Needs Attention,0.168,Low Risk,0.0
17922,2010-06-14,2010-06-14,1,170.4,544,1,170.4,1,1,1,3,Hibernating / Churned,0.8464,High Risk,1.0
17923,2010-06-13,2011-03-02,3,497.0,283,3,497.0,2,3,2,7,At Risk (High Value),0.6614,Medium Risk,1.0
17924,2010-10-21,2011-11-28,8,3536.7,12,8,3536.7,5,4,5,14,Champions,0.6239,Medium Risk,0.0
17925,2010-12-02,2010-12-02,1,488.16,373,1,488.16,2,2,2,6,Hibernating / Churned,0.7384,High Risk,1.0
17926,2010-05-09,2011-07-29,5,1035.49,134,5,1035.49,3,4,3,10,Needs Attention,0.4365,Medium Risk,1.0
17927,2009-12-18,2009-12-18,1,294.0,722,1,294.0,1,1,2,4,Hibernating / Churned,0.857,High Risk,1.0
17928,2010-05-17,2011-10-25,3,341.24,46,3,341.24,4,3,2,9,Loyal Users,0.6244,Medium Risk,0.0
17929,2009-12-09,2011-11-28,12,3082.1,12,12,3082.1,5,5,5,15,Champions,0.1533,Low Risk,0.0
17930,2010-03-04,2011-11-04,13,4275.22,36,13,4275.22,4,5,5,14,Champions,0.1653,Low Risk,0.0
17931,2010-02-16,2011-07-28,14,3437.29,135,14,3437.29,3,5,5,13,Needs Attention,0.1259,Low Risk,1.0
17932,2011-05-12,2011-11-10,3,1331.57,30,3,1331.57,4,3,4,11,Loyal Users,0.3118,Low Risk,0.0
17933,2010-03-17,2010-03-17,1,114.69,633,1,114.69,1,1,1,3,Hibernating / Churned,0.8786,High Risk,1.0
17934,2010-10-29,2011-10-19,3,1049.15,52,3,1049.15,4,3,3,10,Loyal Users,0.73,High Risk,0.0
17935,2009-12-04,2011-07-24,7,686.14,139,7,686.14,3,4,3,10,Needs Attention,0.3869,Low Risk,1.0
17936,2011-12-04,2011-12-04,1,389.84,6,1,389.84,5,2,2,9,New / Promising,,Not Scored (Recent),
17937,2010-12-12,2011-12-01,7,4301.22,9,7,4301.22,5,4,5,14,Champions,0.2944,Low Risk,0.0
17938,2010-10-15,2010-10-15,1,144.29,421,1,144.29,1,1,1,3,Hibernating / Churned,0.795,High Risk,1.0
17939,2011-07-03,2011-07-03,1,99.14,160,1,99.14,3,1,1,5,Needs Attention,0.6587,Medium Risk,1.0
17940,2009-12-03,2011-10-21,16,30393.19,50,16,30393.19,4,5,5,14,Champions,0.1173,Low Risk,0.0
17941,2010-01-06,2011-08-01,4,1433.28,131,4,1433.28,3,4,4,11,Needs Attention,0.6514,Medium Risk,1.0
17942,2011-12-02,2011-12-02,1,77.5,8,1,77.5,5,1,1,7,New / Promising,,Not Scored (Recent),
17944,2010-10-12,2010-10-12,1,75.41,424,1,75.41,1,1,1,3,Hibernating / Churned,0.8344,High Risk,1.0
17945,2010-01-12,2010-01-12,3,360.34999999999997,697,3,360.34999999999997,1,3,2,6,Hibernating / Churned,0.8231,High Risk,1.0
17946,2011-03-25,2011-04-20,2,149.57999999999998,234,2,149.57999999999998,2,2,1,5,Hibernating / Churned,0.6064,Medium Risk,1.0
17947,2011-11-02,2011-11-02,1,176.68,38,1,176.68,4,1,1,6,New / Promising,,Not Scored (Recent),
17948,2011-07-15,2011-07-15,1,358.56,148,1,358.56,3,1,2,6,Needs Attention,0.64,Medium Risk,1.0
17949,2009-12-02,2011-12-08,118,118628.08,2,118,118628.08,5,5,5,15,Champions,0.0316,Low Risk,0.0
17950,2010-01-04,2011-09-28,7,1432.81,73,7,1432.81,3,4,4,11,Needs Attention,0.3957,Low Risk,0.0
17951,2010-10-31,2011-10-31,4,1636.08,40,4,1636.08,4,4,4,12,Champions,0.5806,Medium Risk,0.0
17952,2010-06-16,2010-11-26,4,819.61,379,4,819.61,2,3,3,8,At Risk (High Value),0.5839,Medium Risk,1.0
17953,2010-06-17,2010-06-17,1,160.82,541,1,160.82,1,1,1,3,Hibernating / Churned,0.8565,High Risk,1.0
17954,2009-12-09,2011-12-04,19,3966.05,6,19,3966.05,5,5,5,15,Champions,0.1186,Low Risk,0.0
17955,2010-02-12,2011-05-25,6,949.9,199,6,949.9,2,4,3,9,At Risk (High Value),0.528,Medium Risk,1.0
17956,2011-04-04,2011-04-04,1,12.75,250,1,12.75,2,1,1,4,Hibernating / Churned,0.8233,High Risk,1.0
17957,2011-10-04,2011-10-04,1,111.68,67,1,111.68,3,1,1,5,Needs Attention,,Not Scored (Recent),
17958,2009-12-11,2011-08-15,2,973.88,117,2,973.88,3,3,3,9,Needs Attention,0.6949,Medium Risk,1.0
17959,2010-04-26,2010-04-26,1,140.75,593,1,140.75,1,1,1,3,Hibernating / Churned,0.8468,High Risk,1.0
17960,2010-03-08,2011-06-21,3,135.08,172,3,135.08,3,3,1,7,Needs Attention,0.6246,Medium Risk,1.0
17961,2009-12-01,2011-11-18,100,2995.54,22,100,2995.54,4,5,5,14,Champions,0.06,Low Risk,0.0
17962,2010-01-13,2011-07-20,4,687.42,143,4,687.42,3,3,3,9,Needs Attention,0.6204,Medium Risk,1.0
17963,2010-01-19,2010-08-25,4,651.51,472,4,651.51,1,3,3,7,Hibernating / Churned,0.6546,Medium Risk,1.0
17964,2010-12-02,2011-11-08,2,733.46,32,2,733.46,4,2,3,9,New / Promising,0.6651,Medium Risk,0.0
17965,2009-12-14,2011-11-02,29,7240.9800000000005,38,29,7240.9800000000005,4,5,5,14,Champions,0.0624,Low Risk,0.0
17966,2010-01-18,2011-11-02,10,1974.42,38,10,1974.42,4,5,4,13,Champions,0.2782,Low Risk,0.0
17967,2010-10-19,2010-12-03,2,357.29,372,2,357.29,2,2,2,6,Hibernating / Churned,0.6598,Medium Risk,1.0
17968,2010-07-15,2010-12-01,4,888.04,374,4,888.04,2,3,3,8,At Risk (High Value),0.4884,Medium Risk,1.0
17969,2009-12-06,2011-06-26,20,2369.94,167,20,2369.94,3,5,4,12,Needs Attention,0.1593,Low Risk,1.0
17970,2011-05-12,2011-05-12,1,582.59,212,1,582.59,2,2,2,6,Hibernating / Churned,0.5861,Medium Risk,1.0
17971,2010-06-09,2010-06-09,1,161.94,549,1,161.94,1,1,1,3,Hibernating / Churned,0.8569,High Risk,1.0
17972,2011-04-12,2011-04-12,1,136.04,242,1,136.04,2,1,1,4,Hibernating / Churned,0.7791,High Risk,1.0
17973,2011-10-19,2011-10-19,1,337.04,52,1,337.04,4,1,2,7,New / Promising,,Not Scored (Recent),
17974,2010-10-28,2011-11-15,6,1858.06,25,6,1858.06,4,4,4,12,Champions,0.396,Low Risk,0.0
17975,2010-08-06,2011-11-24,24,7028.83,16,24,7028.83,5,5,5,15,Champions,0.0646,Low Risk,0.0
17976,2010-12-02,2010-12-02,1,706.38,373,1,706.38,2,2,3,7,At Risk (High Value),0.6385,Medium Risk,1.0
17977,2010-11-04,2011-11-10,2,1565.6299999999999,30,2,1565.6299999999999,4,3,4,11,Loyal Users,0.6877,Medium Risk,0.0
17978,2009-12-08,2010-12-09,4,1461.76,366,4,1461.76,2,4,4,10,At Risk (High Value),0.5561,Medium Risk,1.0
17979,2011-03-25,2011-11-04,4,757.71,36,4,757.71,4,3,3,10,Loyal Users,0.3207,Low Risk,0.0
17980,2010-11-11,2011-06-27,4,1033.42,166,4,1033.42,3,3,3,9,Needs Attention,0.3747,Low Risk,1.0
17981,2010-10-25,2010-10-25,1,239.12,411,1,239.12,1,1,1,3,Hibernating / Churned,0.7557,High Risk,1.0
17982,2010-01-28,2010-01-28,1,138.18,681,1,138.18,1,1,1,3,Hibernating / Churned,0.8681,High Risk,1.0
17983,2010-11-09,2010-11-09,1,171.71,396,1,171.71,2,1,1,4,Hibernating / Churned,0.8039,High Risk,1.0
17984,2009-12-01,2011-07-17,5,1191.27,146,5,1191.27,3,4,3,10,Needs Attention,0.446,Medium Risk,1.0
17985,2011-11-17,2011-11-17,1,634.95,23,1,634.95,4,2,3,9,New / Promising,,Not Scored (Recent),
17986,2011-10-14,2011-10-14,1,20.8,57,1,20.8,4,1,1,6,New / Promising,,Not Scored (Recent),
17987,2010-06-07,2011-06-07,5,1003.64,186,5,1003.64,3,4,3,10,Needs Attention,0.385,Low Risk,1.0
17988,2009-12-07,2011-11-28,14,489.54,12,14,489.54,5,5,2,12,Loyal Users,0.3107,Low Risk,0.0
17989,2010-11-25,2010-11-25,1,228.83,380,1,228.83,2,1,1,4,Hibernating / Churned,0.7456,High Risk,1.0
17990,2009-12-07,2011-04-17,6,1527.61,237,6,1527.61,2,4,4,10,At Risk (High Value),0.4163,Medium Risk,1.0
17991,2010-04-27,2011-04-28,3,320.55,226,3,320.55,2,3,2,7,At Risk (High Value),0.6978,Medium Risk,1.0
17992,2010-11-15,2010-11-15,1,254.13,390,1,254.13,2,1,1,4,Hibernating / Churned,0.7365,High Risk,1.0
17993,2010-04-01,2010-04-01,1,235.19,618,1,235.19,1,1,1,3,Hibernating / Churned,0.8135,High Risk,1.0
17994,2010-03-29,2011-08-10,11,2313.32,122,11,2313.32,3,5,4,12,Needs Attention,0.1658,Low Risk,1.0
17995,2010-11-17,2011-03-03,3,495.48,282,3,495.48,2,3,2,7,At Risk (High Value),0.5943,Medium Risk,1.0
17996,2010-06-11,2010-11-25,3,482.33,380,3,482.33,2,3,2,7,At Risk (High Value),0.5986,Medium Risk,1.0
17997,2011-06-28,2011-09-26,8,1970.67,75,8,1970.67,3,4,4,11,Needs Attention,0.2106,Low Risk,0.0
17998,2009-12-01,2010-11-24,3,639.24,381,3,639.24,2,3,3,8,At Risk (High Value),0.6522,Medium Risk,1.0
17999,2010-11-26,2011-11-02,3,730.9,38,3,730.9,4,3,3,10,Loyal Users,0.5002,Medium Risk,0.0
18000,2010-05-24,2010-05-24,1,124.25,565,1,124.25,1,1,1,3,Hibernating / Churned,0.852,High Risk,1.0
18001,2009-12-02,2011-11-27,6,953.84,13,6,953.84,5,4,3,12,Loyal Users,0.5201,Medium Risk,0.0
18002,2009-12-08,2010-11-29,4,249.92,376,4,249.92,2,3,1,6,At Risk (High Value),0.5747,Medium Risk,1.0
18003,2010-11-28,2010-11-28,1,358.61,377,1,358.61,2,2,2,6,Hibernating / Churned,0.7635,High Risk,1.0
18004,2010-12-12,2010-12-12,1,169.47,363,1,169.47,2,1,1,4,Hibernating / Churned,0.7966,High Risk,1.0
18005,2011-10-23,2011-12-06,2,249.72,4,2,249.72,5,2,1,8,New / Promising,,Not Scored (Recent),
18006,2009-12-17,2011-11-16,4,997.86,24,4,997.86,4,3,3,10,Loyal Users,0.5783,Medium Risk,0.0
18007,2010-11-12,2010-11-12,1,220.32,393,1,220.32,2,1,1,4,Hibernating / Churned,0.7426,High Risk,1.0
18008,2010-01-06,2011-09-30,23,19787.13,71,23,19787.13,3,5,5,13,Needs Attention,0.1651,Low Risk,0.0
18009,2010-02-25,2011-04-18,8,2155.83,236,8,2155.83,2,4,4,10,At Risk (High Value),0.3626,Low Risk,1.0
18010,2011-03-28,2011-03-28,1,174.8,257,1,174.8,2,1,1,4,Hibernating / Churned,0.8027,High Risk,1.0
18011,2010-05-21,2010-12-01,2,527.03,374,2,527.03,2,2,2,6,Hibernating / Churned,0.5786,Medium Risk,1.0
18012,2009-12-16,2009-12-16,1,115.3,724,1,115.3,1,1,1,3,Hibernating / Churned,0.8795,High Risk,1.0
18013,2011-07-07,2011-07-07,2,187.29,156,2,187.29,3,2,1,6,Needs Attention,0.6342,Medium Risk,1.0
18014,2011-11-11,2011-11-11,1,166.42,29,1,166.42,4,1,1,6,New / Promising,,Not Scored (Recent),
18015,2011-12-05,2011-12-05,1,120.03,5,1,120.03,5,1,1,7,New / Promising,,Not Scored (Recent),
18016,2010-01-27,2011-11-07,7,1960.46,33,7,1960.46,4,4,4,12,Champions,0.4052,Medium Risk,0.0
18017,2010-10-04,2011-09-19,4,688.0,82,4,688.0,3,3,3,9,Needs Attention,0.5198,Medium Risk,0.0
18018,2010-10-15,2011-08-23,4,297.99,109,4,297.99,3,3,2,8,Needs Attention,0.4425,Medium Risk,1.0
18019,2011-10-19,2011-10-19,1,38.45,52,1,38.45,4,1,1,6,New / Promising,,Not Scored (Recent),
18020,2010-06-14,2010-06-14,1,190.48,544,1,190.48,1,1,1,3,Hibernating / Churned,0.8491,High Risk,1.0
18021,2010-07-15,2010-07-18,2,227.06,510,2,227.06,1,2,1,4,Hibernating / Churned,0.7853,High Risk,1.0
18022,2010-06-11,2011-11-04,5,1651.79,36,5,1651.79,4,4,4,12,Champions,0.4907,Medium Risk,0.0
18024,2011-07-10,2011-07-10,2,389.78,153,2,389.78,3,2,2,7,Needs Attention,0.548,Medium Risk,1.0
18025,2010-03-30,2010-11-25,6,1177.72,380,6,1177.72,2,4,3,9,At Risk (High Value),0.5834,Medium Risk,1.0
18026,2010-07-22,2010-07-27,2,2074.07,501,2,2074.07,1,3,4,8,Hibernating / Churned,0.7247,High Risk,1.0
18027,2011-09-02,2011-09-02,1,115.31,99,1,115.31,3,1,1,5,Needs Attention,0.5751,Medium Risk,1.0
18028,2010-05-05,2010-05-05,1,192.04999999999998,584,1,192.04999999999998,1,1,1,3,Hibernating / Churned,0.8425,High Risk,1.0
18029,2010-03-07,2010-03-07,1,433.77,643,1,433.77,1,2,2,5,Hibernating / Churned,0.8436,High Risk,1.0
18030,2011-10-28,2011-12-05,2,230.64999999999998,5,2,230.64999999999998,5,2,1,8,New / Promising,,Not Scored (Recent),
18031,2010-11-26,2010-11-26,1,462.1,379,1,462.1,2,2,2,6,Hibernating / Churned,0.6708,Medium Risk,1.0
18032,2011-01-09,2011-01-09,1,73.5,335,1,73.5,2,1,1,4,Hibernating / Churned,0.8535,High Risk,1.0
18033,2011-10-05,2011-10-05,1,97.97,66,1,97.97,3,1,1,5,Needs Attention,,Not Scored (Recent),
18034,2010-11-29,2011-11-18,3,793.7,22,3,793.7,4,3,3,10,Loyal Users,0.7385,High Risk,0.0
18035,2010-11-19,2011-11-04,5,1276.74,36,5,1276.74,4,4,4,12,Champions,0.7009,High Risk,0.0
18036,2009-12-18,2011-11-07,11,1563.64,33,11,1563.64,4,5,4,13,Champions,0.2046,Low Risk,0.0
18037,2009-12-01,2011-07-08,15,167.42,155,15,167.42,3,5,1,9,Needs Attention,0.3283,Low Risk,1.0
18038,2010-06-01,2010-06-01,1,149.41,557,1,149.41,1,1,1,3,Hibernating / Churned,0.8329,High Risk,1.0
18039,2010-03-09,2010-11-30,4,579.17,375,4,579.17,2,3,2,7,At Risk (High Value),0.4807,Medium Risk,1.0
18040,2011-04-08,2011-11-20,2,357.2,20,2,357.2,4,2,2,8,New / Promising,0.7257,High Risk,0.0
18041,2010-01-14,2011-11-28,38,8752.38,12,38,8752.38,5,5,5,15,Champions,0.0394,Low Risk,0.0
18042,2010-06-16,2011-10-17,2,281.15,54,2,281.15,4,2,1,7,New / Promising,0.8586,High Risk,0.0
18043,2010-12-08,2011-11-15,3,875.97,25,3,875.97,4,3,3,10,Loyal Users,0.4303,Medium Risk,0.0
18044,2010-05-28,2011-12-05,18,3505.61,5,18,3505.61,5,5,5,15,Champions,0.1036,Low Risk,0.0
18045,2011-10-25,2011-10-25,1,189.4,46,1,189.4,4,1,1,6,New / Promising,,Not Scored (Recent),
18046,2010-02-28,2010-02-28,1,189.63,650,1,189.63,1,1,1,3,Hibernating / Churned,0.864,High Risk,1.0
18047,2010-11-23,2010-11-23,2,342.69,382,2,342.69,2,2,2,6,Hibernating / Churned,0.7358,High Risk,1.0
18048,2010-08-03,2011-05-20,3,401.73,204,3,401.73,2,3,2,7,At Risk (High Value),0.5306,Medium Risk,1.0
18049,2010-04-28,2010-09-28,2,556.52,438,2,556.52,1,2,2,5,Hibernating / Churned,0.598,Medium Risk,1.0
18050,2010-11-11,2010-12-15,2,412.06,360,2,412.06,2,2,2,6,Hibernating / Churned,0.6759,Medium Risk,1.0
18051,2009-12-09,2010-03-15,7,2282.2799999999997,635,7,2282.2799999999997,1,4,4,9,Hibernating / Churned,0.6987,Medium Risk,1.0
18052,2010-05-24,2010-05-24,1,10877.18,565,1,10877.18,1,2,5,8,Hibernating / Churned,0.7914,High Risk,1.0
18053,2010-06-30,2011-09-30,3,571.07,71,3,571.07,3,3,2,8,Needs Attention,0.7961,High Risk,0.0
18054,2010-11-12,2010-11-12,1,176.5,393,1,176.5,2,1,1,4,Hibernating / Churned,0.809,High Risk,1.0
18055,2010-10-22,2011-12-02,14,11195.57,8,14,11195.57,5,5,5,15,Champions,0.0961,Low Risk,0.0
18056,2010-03-31,2011-02-24,2,554.6,289,2,554.6,2,2,2,6,Hibernating / Churned,0.6401,Medium Risk,1.0
18057,2010-01-18,2010-11-11,3,1203.56,394,3,1203.56,2,3,3,8,At Risk (High Value),0.5925,Medium Risk,1.0
18058,2010-02-10,2011-11-30,3,774.06,10,3,774.06,5,3,3,11,Loyal Users,0.7293,High Risk,0.0
18059,2011-10-03,2011-11-16,3,306.46,24,3,306.46,4,3,2,9,Loyal Users,,Not Scored (Recent),
18060,2010-05-24,2010-10-27,2,1185.46,409,2,1185.46,2,3,3,8,At Risk (High Value),0.6596,Medium Risk,1.0
18061,2009-12-04,2011-11-18,28,6488.97,22,28,6488.97,4,5,5,14,Champions,0.0349,Low Risk,0.0
18062,2010-04-21,2011-06-19,6,1632.67,174,6,1632.67,3,4,4,11,Needs Attention,0.351,Low Risk,1.0
18063,2010-03-16,2010-11-14,2,186.6,391,2,186.6,2,2,1,5,Hibernating / Churned,0.7374,High Risk,1.0
18064,2010-02-01,2011-07-29,11,4495.03,134,11,4495.03,3,5,5,13,Needs Attention,0.196,Low Risk,1.0
18065,2009-12-09,2011-12-04,29,5866.63,6,29,5866.63,5,5,5,15,Champions,0.0806,Low Risk,0.0
18066,2010-10-20,2011-09-25,3,1440.4,76,3,1440.4,3,3,4,10,Needs Attention,0.6156,Medium Risk,0.0
18067,2011-10-30,2011-10-30,1,396.33,41,1,396.33,4,2,2,8,New / Promising,,Not Scored (Recent),
18068,2011-02-23,2011-02-23,1,101.7,290,1,101.7,2,1,1,4,Hibernating / Churned,0.8331,High Risk,1.0
18069,2010-02-28,2011-11-13,11,4540.56,27,11,4540.56,4,5,5,14,Champions,0.1343,Low Risk,0.0
18070,2010-02-08,2010-02-08,1,314.1,670,1,314.1,1,1,2,4,Hibernating / Churned,0.8595,High Risk,1.0
18071,2009-12-05,2011-03-27,6,1428.6299999999999,258,6,1428.6299999999999,2,4,4,10,At Risk (High Value),0.4473,Medium Risk,1.0
18072,2011-06-07,2011-06-07,1,247.44,186,1,247.44,3,1,1,5,Needs Attention,0.5905,Medium Risk,1.0
18073,2011-05-26,2011-08-17,12,3877.52,115,12,3877.52,3,5,5,13,Needs Attention,0.2286,Low Risk,1.0
18074,2010-07-22,2010-12-01,2,1509.04,374,2,1509.04,2,3,4,9,At Risk (High Value),0.6078,Medium Risk,1.0
18075,2010-07-29,2011-11-16,20,5783.29,24,20,5783.29,4,5,5,14,Champions,0.077,Low Risk,0.0
18076,2010-11-24,2010-11-24,1,151.49,381,1,151.49,2,1,1,4,Hibernating / Churned,0.8036,High Risk,1.0
18077,2009-12-07,2011-12-01,18,4338.56,9,18,4338.56,5,5,5,15,Champions,0.1157,Low Risk,0.0
18078,2010-03-21,2011-05-06,4,844.6,218,4,844.6,2,3,3,8,At Risk (High Value),0.4985,Medium Risk,1.0
18079,2010-08-05,2011-10-25,5,4242.75,46,5,4242.75,4,4,5,13,Champions,0.4682,Medium Risk,0.0
18080,2011-04-11,2011-11-21,2,1231.5,19,2,1231.5,5,3,3,11,Loyal Users,0.7362,High Risk,0.0
18081,2011-07-29,2011-11-03,3,343.45,37,3,343.45,4,3,2,9,Loyal Users,0.3956,Low Risk,0.0
18082,2011-11-14,2011-11-14,1,703.37,26,1,703.37,4,2,3,9,New / Promising,,Not Scored (Recent),
18083,2010-11-07,2010-11-07,1,470.73,398,1,470.73,2,2,2,6,Hibernating / Churned,0.6891,Medium Risk,1.0
18084,2010-11-16,2011-11-23,3,812.93,17,3,812.93,5,3,3,11,Loyal Users,0.6253,Medium Risk,0.0
18085,2010-03-21,2011-01-13,4,1645.75,331,4,1645.75,2,4,4,10,At Risk (High Value),0.5315,Medium Risk,1.0
18086,2011-03-10,2011-03-10,1,101.34,275,1,101.34,2,1,1,4,Hibernating / Churned,0.8318,High Risk,1.0
18087,2009-12-01,2011-09-02,17,14761.52,99,17,14761.52,3,5,5,13,Needs Attention,0.1831,Low Risk,1.0
18088,2011-10-09,2011-10-09,1,167.67,62,1,167.67,3,1,1,5,Needs Attention,,Not Scored (Recent),
18089,2010-09-19,2010-09-19,1,428.45,447,1,428.45,1,2,2,5,Hibernating / Churned,0.7583,High Risk,1.0
18090,2010-10-14,2010-10-14,1,349.4,422,1,349.4,1,1,2,4,Hibernating / Churned,0.748,High Risk,1.0
18091,2010-04-25,2010-04-25,1,360.85,594,1,360.85,1,2,2,5,Hibernating / Churned,0.8395,High Risk,1.0
18092,2009-12-04,2011-12-07,18,16179.44,3,18,16179.44,5,5,5,15,Champions,0.0988,Low Risk,0.0
18093,2010-03-31,2011-09-07,8,4452.71,94,8,4452.71,3,5,5,13,Needs Attention,0.2308,Low Risk,1.0
18094,2010-01-07,2011-09-19,13,6391.5199999999995,82,13,6391.5199999999995,3,5,5,13,Needs Attention,0.1551,Low Risk,0.0
18095,2010-04-19,2011-01-31,5,2303.09,313,5,2303.09,2,4,4,10,At Risk (High Value),0.4082,Medium Risk,1.0
18096,2010-07-14,2011-11-28,6,1805.28,12,6,1805.28,5,4,4,13,Champions,0.5393,Medium Risk,0.0
18097,2009-12-17,2011-12-02,11,4663.32,8,11,4663.32,5,5,5,15,Champions,0.1916,Low Risk,0.0
18098,2010-11-08,2010-11-08,1,550.84,397,1,550.84,2,2,2,6,Hibernating / Churned,0.6409,Medium Risk,1.0
18099,2011-08-04,2011-08-04,1,168.31,128,1,168.31,3,1,1,5,Needs Attention,0.6121,Medium Risk,1.0
18100,2010-06-07,2010-06-07,1,451.56,551,1,451.56,1,2,2,5,Hibernating / Churned,0.7717,High Risk,1.0
18101,2010-02-03,2011-11-28,5,629.16,12,5,629.16,5,4,3,12,Loyal Users,0.459,Medium Risk,0.0
18102,2009-12-01,2011-12-09,145,608821.65,1,145,608821.65,5,5,5,15,Champions,0.0327,Low Risk,0.0
18103,2010-06-08,2010-06-08,1,105.8,550,1,105.8,1,1,1,3,Hibernating / Churned,0.8654,High Risk,1.0
18104,2011-11-02,2011-11-02,1,754.64,38,1,754.64,4,2,3,9,New / Promising,,Not Scored (Recent),
18105,2011-11-02,2011-11-02,1,113.47999999999999,38,1,113.47999999999999,4,1,1,6,New / Promising,,Not Scored (Recent),
18106,2010-01-15,2011-01-14,6,1461.46,330,6,1461.46,2,4,4,10,At Risk (High Value),0.4353,Medium Risk,1.0
18107,2010-09-23,2010-09-23,1,167.13,443,1,167.13,1,1,1,3,Hibernating / Churned,0.7899,High Risk,1.0
18108,2009-12-02,2011-03-30,3,848.8100000000001,255,3,848.8100000000001,2,3,3,8,At Risk (High Value),0.6493,Medium Risk,1.0
18109,2010-07-01,2011-12-08,38,9893.960000000001,2,38,9893.960000000001,5,5,5,15,Champions,0.0625,Low Risk,0.0
18110,2010-10-24,2011-11-20,2,435.43,20,2,435.43,4,2,2,8,New / Promising,0.7627,High Risk,0.0
18111,2010-04-29,2010-04-29,1,405.85,590,1,405.85,1,2,2,5,Hibernating / Churned,0.8289,High Risk,1.0
18112,2010-06-06,2011-11-27,4,775.96,13,4,775.96,5,3,3,11,Loyal Users,0.4755,Medium Risk,0.0
18113,2010-12-06,2010-12-06,1,152.64,369,1,152.64,2,1,1,4,Hibernating / Churned,0.8122,High Risk,1.0
18114,2011-02-22,2011-02-22,1,220.1,291,1,220.1,2,1,1,4,Hibernating / Churned,0.7631,High Risk,1.0
18115,2010-01-11,2010-01-11,1,9.7,698,1,9.7,1,1,1,3,Hibernating / Churned,0.85,High Risk,1.0
18116,2010-10-24,2011-10-03,13,2154.3,68,13,2154.3,3,5,4,12,Needs Attention,0.3282,Low Risk,0.0
18117,2011-11-14,2011-11-14,1,320.71999999999997,26,1,320.71999999999997,4,1,2,7,New / Promising,,Not Scored (Recent),
18118,2010-11-23,2011-11-29,29,6733.22,11,29,6733.22,5,5,5,15,Champions,0.1144,Low Risk,0.0
18119,2010-12-07,2010-12-07,1,362.24,368,1,362.24,2,2,2,6,Hibernating / Churned,0.7444,High Risk,1.0
18120,2011-05-09,2011-05-09,1,111.15,215,1,111.15,2,1,1,4,Hibernating / Churned,0.7413,High Risk,1.0
18121,2011-07-08,2011-07-13,2,673.1,150,2,673.1,3,2,3,8,Needs Attention,0.4065,Medium Risk,1.0
18122,2011-07-12,2011-12-01,6,1826.21,9,6,1826.21,5,4,4,13,Champions,0.6012,Medium Risk,0.0
18123,2010-07-14,2011-11-15,3,684.59,25,3,684.59,4,3,3,10,Loyal Users,0.833,High Risk,0.0
18124,2010-08-24,2010-08-24,1,111.53,473,1,111.53,1,1,1,3,Hibernating / Churned,0.8427,High Risk,1.0
18125,2011-01-27,2011-11-10,4,1142.99,30,4,1142.99,4,3,3,10,Loyal Users,0.3261,Low Risk,0.0
18126,2011-10-10,2011-10-10,1,206.83,61,1,206.83,3,1,1,5,Needs Attention,,Not Scored (Recent),
18127,2010-11-01,2011-11-20,4,561.53,20,4,561.53,4,3,2,9,Loyal Users,0.502,Medium Risk,0.0
18128,2010-06-20,2010-06-20,1,420.04,538,1,420.04,1,2,2,5,Hibernating / Churned,0.8084,High Risk,1.0
18129,2011-04-10,2011-04-10,1,112.55,244,1,112.55,2,1,1,4,Hibernating / Churned,0.7984,High Risk,1.0
18130,2011-10-13,2011-11-24,3,1059.39,16,3,1059.39,5,3,3,11,Loyal Users,,Not Scored (Recent),
18131,2010-03-18,2010-03-18,1,222.96,632,1,222.96,1,1,1,3,Hibernating / Churned,0.8584,High Risk,1.0
18132,2010-07-23,2010-07-23,1,226.9,505,1,226.9,1,1,1,3,Hibernating / Churned,0.8029,High Risk,1.0
18133,2011-05-11,2011-05-11,1,931.5,213,1,931.5,2,2,3,7,At Risk (High Value),0.686,Medium Risk,1.0
18134,2010-01-14,2010-04-20,2,445.0,599,2,445.0,1,2,2,5,Hibernating / Churned,0.8191,High Risk,1.0
18135,2010-03-15,2011-11-10,10,1249.62,30,10,1249.62,4,5,4,13,Champions,0.4316,Medium Risk,0.0
18136,2010-09-14,2011-10-07,5,1631.36,64,5,1631.36,3,4,4,11,Needs Attention,0.3654,Low Risk,0.0
18137,2010-06-06,2010-06-06,2,145.99,552,2,145.99,1,2,1,4,Hibernating / Churned,0.8199,High Risk,1.0
18138,2011-02-17,2011-02-17,1,152.65,296,1,152.65,2,1,1,4,Hibernating / Churned,0.8005,High Risk,1.0
18139,2011-11-21,2011-11-22,6,8438.34,18,6,8438.34,5,4,5,14,Champions,,Not Scored (Recent),
18140,2010-08-23,2010-08-23,1,536.41,474,1,536.41,1,2,2,5,Hibernating / Churned,0.7054,High Risk,1.0
18141,2010-04-29,2010-11-03,2,882.47,402,2,882.47,2,3,3,8,At Risk (High Value),0.6311,Medium Risk,1.0
18142,2011-05-08,2011-07-05,2,1019.52,158,2,1019.52,3,3,3,9,Needs Attention,0.4493,Medium Risk,1.0
18143,2011-07-21,2011-08-15,2,1000.16,117,2,1000.16,3,3,3,9,Needs Attention,0.3345,Low Risk,1.0
18144,2009-12-16,2011-12-02,19,5058.0,8,19,5058.0,5,5,5,15,Champions,0.1198,Low Risk,0.0
18145,2009-12-08,2011-11-27,11,5617.79,13,11,5617.79,5,5,5,15,Champions,0.172,Low Risk,0.0
18146,2011-05-03,2011-07-22,2,160.35,141,2,160.35,3,2,1,6,Needs Attention,0.4549,Medium Risk,1.0
18147,2011-08-23,2011-10-25,2,179.34,46,2,179.34,4,2,1,7,New / Promising,0.6501,Medium Risk,0.0
18148,2010-03-03,2010-03-03,1,114.10000000000001,647,1,114.10000000000001,1,1,1,3,Hibernating / Churned,0.8789,High Risk,1.0
18149,2010-03-14,2011-10-20,7,1624.71,51,7,1624.71,4,4,4,12,Champions,0.3601,Low Risk,0.0
18150,2011-05-22,2011-11-07,3,566.58,33,3,566.58,4,3,2,9,Loyal Users,0.3564,Low Risk,0.0
18151,2010-03-04,2011-07-28,6,1879.44,135,6,1879.44,3,4,4,11,Needs Attention,0.3721,Low Risk,1.0
18152,2010-03-03,2010-03-03,1,426.69,647,1,426.69,1,2,2,5,Hibernating / Churned,0.8534,High Risk,1.0
18153,2010-02-18,2010-02-18,1,246.22,660,1,246.22,1,1,1,3,Hibernating / Churned,0.8572,High Risk,1.0
18154,2010-08-06,2011-12-06,5,932.6,4,5,932.6,5,4,3,12,Loyal Users,0.627,Medium Risk,0.0
18155,2011-02-21,2011-09-25,3,371.62,76,3,371.62,3,3,2,8,Needs Attention,0.434,Medium Risk,0.0
18156,2010-12-05,2011-11-27,2,941.17,13,2,941.17,5,3,3,11,Loyal Users,0.7168,High Risk,0.0
18157,2010-05-17,2010-05-17,1,215.35,572,1,215.35,1,1,1,3,Hibernating / Churned,0.8398,High Risk,1.0
18158,2011-09-12,2011-11-30,2,453.4,10,2,453.4,5,2,2,9,New / Promising,,Not Scored (Recent),
18159,2011-02-11,2011-02-11,1,530.15,302,1,530.15,2,2,2,6,Hibernating / Churned,0.7009,High Risk,1.0
18160,2010-11-18,2011-10-13,3,1003.88,58,3,1003.88,4,3,3,10,Loyal Users,0.4441,Medium Risk,0.0
18161,2010-11-25,2011-11-24,6,1803.1,16,6,1803.1,5,4,4,13,Champions,0.3417,Low Risk,0.0
18162,2009-12-07,2009-12-07,1,379.16,733,1,379.16,1,2,2,5,Hibernating / Churned,0.8567,High Risk,1.0
18163,2010-05-04,2010-05-04,1,728.84,585,1,728.84,1,2,3,6,Hibernating / Churned,0.7481,High Risk,1.0
18164,2011-11-02,2011-11-02,1,399.65,38,1,399.65,4,2,2,8,New / Promising,,Not Scored (Recent),
18165,2011-06-15,2011-06-15,1,302.46,178,1,302.46,3,1,2,6,Needs Attention,0.6607,Medium Risk,1.0
18166,2010-03-26,2010-03-26,1,175.5,624,1,175.5,1,1,1,3,Hibernating / Churned,0.8439,High Risk,1.0
18167,2011-08-26,2011-11-16,3,1384.86,24,3,1384.86,4,3,4,11,Loyal Users,0.5616,Medium Risk,0.0
18168,2009-12-03,2011-06-16,16,3770.27,177,16,3770.27,3,5,5,13,Needs Attention,0.1059,Low Risk,1.0
18169,2011-10-10,2011-10-10,1,202.65,61,1,202.65,3,1,1,5,Needs Attention,,Not Scored (Recent),
18170,2010-01-08,2011-11-06,9,2878.0,34,9,2878.0,4,5,4,13,Champions,0.191,Low Risk,0.0
18171,2010-01-05,2011-10-12,9,2437.31,59,9,2437.31,4,5,4,13,Champions,0.2558,Low Risk,0.0
18172,2009-12-11,2011-11-25,52,17479.84,15,52,17479.84,5,5,5,15,Champions,0.0278,Low Risk,0.0
18173,2010-04-06,2011-09-14,5,2696.36,87,5,2696.36,3,4,4,11,Needs Attention,0.4868,Medium Risk,0.0
18174,2010-04-15,2011-12-02,2,162.5,8,2,162.5,5,2,1,8,New / Promising,0.8575,High Risk,0.0
18175,2010-02-02,2010-02-02,1,176.1,676,1,176.1,1,1,1,3,Hibernating / Churned,0.8689,High Risk,1.0
18176,2010-12-16,2010-12-16,1,476.34999999999997,359,1,476.34999999999997,2,2,2,6,Hibernating / Churned,0.6878,Medium Risk,1.0
18177,2009-12-15,2011-11-08,9,2216.87,32,9,2216.87,4,5,4,13,Champions,0.3282,Low Risk,0.0
18178,2010-02-18,2011-08-03,11,6103.74,129,11,6103.74,3,5,5,13,Needs Attention,0.1181,Low Risk,1.0
18179,2010-02-14,2011-11-30,8,2547.55,10,8,2547.55,5,4,4,13,Champions,0.3435,Low Risk,0.0
18180,2011-07-20,2011-12-05,6,1843.75,5,6,1843.75,5,4,4,13,Champions,0.3366,Low Risk,0.0
18181,2009-12-04,2011-11-15,5,1205.94,25,5,1205.94,4,4,3,11,Loyal Users,0.4697,Medium Risk,0.0
18182,2010-09-02,2010-09-02,1,291.13,464,1,291.13,1,1,1,3,Hibernating / Churned,0.8117,High Risk,1.0
18183,2011-03-10,2011-04-26,2,632.07,228,2,632.07,2,2,3,7,At Risk (High Value),0.5276,Medium Risk,1.0
18184,2011-11-24,2011-11-24,1,49.8,16,1,49.8,5,1,1,7,New / Promising,,Not Scored (Recent),
18185,2011-04-04,2011-04-04,1,304.25,250,1,304.25,2,1,2,5,Hibernating / Churned,0.7118,High Risk,1.0
18186,2009-12-17,2009-12-17,1,329.58,723,1,329.58,1,1,2,4,Hibernating / Churned,0.8674,High Risk,1.0
18187,2010-03-18,2010-03-18,1,724.89,632,1,724.89,1,2,3,6,Hibernating / Churned,0.7512,High Risk,1.0
18188,2010-03-26,2011-11-24,6,3280.59,16,6,3280.59,5,4,5,14,Champions,0.4501,Medium Risk,0.0
18189,2010-03-24,2011-09-23,3,1403.73,78,3,1403.73,3,3,4,10,Needs Attention,0.7131,High Risk,0.0
18190,2009-12-22,2011-05-31,5,745.62,193,5,745.62,2,4,3,9,At Risk (High Value),0.4404,Medium Risk,1.0
18191,2010-08-19,2011-03-23,2,529.4,262,2,529.4,2,2,2,6,Hibernating / Churned,0.6237,Medium Risk,1.0
18192,2011-09-29,2011-09-29,1,957.97,72,1,957.97,3,2,3,8,Needs Attention,,Not Scored (Recent),
18193,2010-09-23,2011-06-27,3,1207.35,166,3,1207.35,3,3,3,9,Needs Attention,0.4518,Medium Risk,1.0
18194,2010-01-28,2011-09-18,6,4162.04,83,6,4162.04,3,4,5,12,Needs Attention,0.557,Medium Risk,0.0
18195,2010-11-17,2010-11-17,1,101.16,388,1,101.16,2,1,1,4,Hibernating / Churned,0.8306,High Risk,1.0
18196,2010-03-17,2011-09-05,4,1464.31,96,4,1464.31,3,4,4,11,Needs Attention,0.4319,Medium Risk,1.0
18197,2010-05-13,2010-05-13,1,230.1,576,1,230.1,1,1,1,3,Hibernating / Churned,0.8218,High Risk,1.0
18198,2011-01-07,2011-12-05,17,5425.56,5,17,5425.56,5,5,5,15,Champions,0.1253,Low Risk,0.0
18199,2010-01-25,2010-01-25,1,344.75,684,1,344.75,1,1,2,4,Hibernating / Churned,0.8373,High Risk,1.0
18200,2011-08-25,2011-08-25,1,163.8,107,1,163.8,3,1,1,5,Needs Attention,0.5859,Medium Risk,1.0
18201,2009-12-17,2009-12-17,1,447.53,723,1,447.53,1,2,2,5,Hibernating / Churned,0.8024,High Risk,1.0
18202,2011-02-01,2011-05-24,3,1396.99,200,3,1396.99,2,3,4,9,At Risk (High Value),0.3411,Low Risk,1.0
18203,2009-12-08,2011-07-05,4,504.42,158,4,504.42,3,3,2,8,Needs Attention,0.4774,Medium Risk,1.0
18204,2011-05-31,2011-09-29,3,1993.7,72,3,1993.7,3,3,4,10,Needs Attention,0.2867,Low Risk,0.0
18205,2011-09-26,2011-11-03,2,517.36,37,2,517.36,4,2,2,8,New / Promising,,Not Scored (Recent),
18206,2010-06-04,2010-06-04,1,314.65999999999997,554,1,314.65999999999997,1,1,2,4,Hibernating / Churned,0.8119,High Risk,1.0
18207,2010-07-28,2010-07-28,1,544.47,500,1,544.47,1,2,2,5,Hibernating / Churned,0.6784,Medium Risk,1.0
18208,2010-05-23,2010-05-23,1,360.08,566,1,360.08,1,2,2,5,Hibernating / Churned,0.8252,High Risk,1.0
18209,2011-11-11,2011-11-11,1,139.1,29,1,139.1,4,1,1,6,New / Promising,,Not Scored (Recent),
18210,2010-11-22,2011-12-08,7,2768.83,2,7,2768.83,5,4,4,13,Champions,0.6061,Medium Risk,0.0
18211,2011-03-06,2011-11-14,5,600.07,26,5,600.07,4,4,2,10,Loyal Users,0.4664,Medium Risk,0.0
18212,2010-01-31,2011-01-17,2,546.72,327,2,546.72,2,2,2,6,Hibernating / Churned,0.6611,Medium Risk,1.0
18213,2011-04-17,2011-04-17,1,232.48,237,1,232.48,2,1,1,4,Hibernating / Churned,0.7243,High Risk,1.0
18214,2010-06-03,2010-06-27,4,1780.34,531,4,1780.34,1,4,4,9,Hibernating / Churned,0.6834,Medium Risk,1.0
18215,2010-03-26,2011-09-11,5,2247.49,90,5,2247.49,3,4,4,11,Needs Attention,0.5658,Medium Risk,0.0
18216,2011-11-08,2011-11-08,1,481.75,32,1,481.75,4,2,2,8,New / Promising,,Not Scored (Recent),
18217,2010-07-01,2011-11-10,4,945.04,30,4,945.04,4,3,3,10,Loyal Users,0.7545,High Risk,0.0
18218,2010-02-17,2011-05-12,4,1142.0,212,4,1142.0,2,3,3,8,At Risk (High Value),0.5447,Medium Risk,1.0
18219,2009-12-07,2011-12-07,17,3562.89,3,17,3562.89,5,5,5,15,Champions,0.0957,Low Risk,0.0
18220,2009-12-15,2011-04-27,6,1921.76,227,6,1921.76,2,4,4,10,At Risk (High Value),0.425,Medium Risk,1.0
18221,2010-11-14,2011-11-17,6,1424.94,23,6,1424.94,4,4,4,12,Champions,0.3567,Low Risk,0.0
18222,2011-09-08,2011-09-08,1,443.0,93,1,443.0,3,2,2,7,Needs Attention,0.5368,Medium Risk,1.0
18223,2009-12-04,2011-12-05,26,14000.85,5,26,14000.85,5,5,5,15,Champions,0.0208,Low Risk,0.0
18224,2011-03-21,2011-03-21,1,158.95,264,1,158.95,2,1,1,4,Hibernating / Churned,0.8055,High Risk,1.0
18225,2009-12-04,2011-12-06,26,13054.26,4,26,13054.26,5,5,5,15,Champions,0.0272,Low Risk,0.0
18226,2010-03-05,2011-10-26,26,11878.88,45,26,11878.88,4,5,5,14,Champions,0.063,Low Risk,0.0
18227,2010-08-12,2011-05-06,2,388.75,218,2,388.75,2,2,2,6,Hibernating / Churned,0.6753,Medium Risk,1.0
18228,2011-09-21,2011-10-14,2,779.9,57,2,779.9,4,2,3,9,New / Promising,,Not Scored (Recent),
18229,2009-12-03,2011-11-28,28,10803.71,12,28,10803.71,5,5,5,15,Champions,0.0692,Low Risk,0.0
18230,2010-07-02,2011-11-30,9,4291.06,10,9,4291.06,5,5,5,15,Champions,0.1991,Low Risk,0.0
18231,2010-01-10,2011-05-31,28,6880.97,193,28,6880.97,2,5,5,12,At Risk (High Value),0.1597,Low Risk,1.0
18232,2011-05-26,2011-09-19,4,592.97,82,4,592.97,3,3,2,8,Needs Attention,0.327,Low Risk,0.0
18233,2011-01-18,2011-01-18,1,440.0,326,1,440.0,2,2,2,6,Hibernating / Churned,0.7709,High Risk,1.0
18234,2010-06-06,2010-06-06,1,179.6,552,1,179.6,1,1,1,3,Hibernating / Churned,0.8369,High Risk,1.0
18235,2011-05-06,2011-09-29,3,1796.48,72,3,1796.48,3,3,4,10,Needs Attention,0.34,Low Risk,0.0
18236,2010-04-15,2011-11-10,12,1795.35,30,12,1795.35,4,5,4,13,Champions,0.2239,Low Risk,0.0
18237,2011-07-28,2011-12-07,5,987.1,3,5,987.1,5,4,3,12,Loyal Users,0.355,Low Risk,0.0
18238,2010-07-12,2010-07-12,1,270.92,516,1,270.92,1,1,1,3,Hibernating / Churned,0.8089,High Risk,1.0
18239,2010-10-13,2011-05-05,6,2150.36,219,6,2150.36,2,4,4,10,At Risk (High Value),0.3713,Low Risk,1.0
18240,2011-10-24,2011-10-24,1,422.58,47,1,422.58,4,2,2,8,New / Promising,,Not Scored (Recent),
18241,2010-04-01,2011-11-30,21,2986.99,10,21,2986.99,5,5,5,15,Champions,0.2125,Low Risk,0.0
18242,2010-01-11,2011-09-28,8,3605.21,73,8,3605.21,3,4,5,12,Needs Attention,0.3615,Low Risk,0.0
18243,2010-10-21,2010-10-21,1,515.78,415,1,515.78,1,2,2,5,Hibernating / Churned,0.6885,Medium Risk,1.0
18244,2010-07-25,2010-10-05,2,568.64,431,2,568.64,1,2,2,5,Hibernating / Churned,0.656,Medium Risk,1.0
18245,2010-03-08,2011-12-02,20,6324.98,8,20,6324.98,5,5,5,15,Champions,0.0902,Low Risk,0.0
18246,2010-04-09,2011-11-16,3,758.8199999999999,24,3,758.8199999999999,4,3,3,10,Loyal Users,0.7407,High Risk,0.0
18247,2010-03-18,2010-10-21,3,839.73,415,3,839.73,1,3,3,7,Hibernating / Churned,0.6078,Medium Risk,1.0
18248,2011-06-06,2011-08-09,2,804.02,123,2,804.02,3,2,3,8,Needs Attention,0.3546,Low Risk,1.0
18249,2011-11-22,2011-11-22,1,95.34,18,1,95.34,5,1,1,7,New / Promising,,Not Scored (Recent),
18250,2011-02-02,2011-02-02,1,349.27,311,1,349.27,2,1,2,5,Hibernating / Churned,0.7475,High Risk,1.0
18251,2009-12-22,2011-09-13,9,26278.86,88,9,26278.86,3,5,5,13,Needs Attention,0.5538,Medium Risk,0.0
18252,2009-12-18,2011-10-20,7,1542.09,51,7,1542.09,4,4,4,12,Champions,0.4792,Medium Risk,0.0
18253,2010-03-07,2010-03-07,1,317.88,643,1,317.88,1,1,2,4,Hibernating / Churned,0.8701,High Risk,1.0
18254,2010-05-07,2010-05-07,1,267.9,582,1,267.9,1,1,1,3,Hibernating / Churned,0.8053,High Risk,1.0
18255,2010-09-09,2011-09-11,2,303.15,90,2,303.15,3,2,2,7,Needs Attention,0.807,High Risk,0.0
18256,2010-11-17,2010-11-17,1,110.69999999999999,388,1,110.69999999999999,2,1,1,4,Hibernating / Churned,0.831,High Risk,1.0
18257,2010-02-18,2011-10-31,12,4600.15,40,12,4600.15,4,5,5,14,Champions,0.1237,Low Risk,0.0
18258,2010-05-16,2010-09-01,6,2059.67,465,6,2059.67,1,4,4,9,Hibernating / Churned,0.6656,Medium Risk,1.0
18259,2009-12-08,2011-11-15,7,4318.2,25,7,4318.2,4,4,5,13,Champions,0.3843,Low Risk,0.0
18260,2009-12-15,2011-06-20,23,9962.11,173,23,9962.11,3,5,5,13,Needs Attention,0.114,Low Risk,1.0
18261,2011-09-05,2011-10-27,2,324.24,44,2,324.24,4,2,2,8,New / Promising,0.4712,Medium Risk,0.0
18262,2010-04-16,2011-07-22,3,577.54,141,3,577.54,3,3,2,8,Needs Attention,0.4706,Medium Risk,1.0
18263,2011-04-01,2011-11-14,3,1213.16,26,3,1213.16,4,3,3,10,Loyal Users,0.3913,Low Risk,0.0
18264,2010-07-29,2010-07-29,1,603.25,499,1,603.25,1,2,2,5,Hibernating / Churned,0.6742,Medium Risk,1.0
18265,2011-07-04,2011-09-28,2,801.51,73,2,801.51,3,2,3,8,Needs Attention,0.4705,Medium Risk,0.0
18266,2010-10-01,2010-10-01,1,251.1,435,1,251.1,1,1,1,3,Hibernating / Churned,0.7321,High Risk,1.0
18267,2010-02-05,2010-02-05,1,269.37,673,1,269.37,1,1,1,3,Hibernating / Churned,0.851,High Risk,1.0
18268,2009-12-11,2011-07-28,6,1490.23,135,6,1490.23,3,4,4,11,Needs Attention,0.4507,Medium Risk,1.0
18269,2010-12-08,2010-12-08,1,337.2,367,1,337.2,2,1,2,5,Hibernating / Churned,0.7625,High Risk,1.0
18270,2010-10-03,2011-11-01,3,444.55,39,3,444.55,4,3,2,9,Loyal Users,0.639,Medium Risk,0.0
18271,2009-12-08,2010-04-09,2,680.85,610,2,680.85,1,2,3,6,Hibernating / Churned,0.7497,High Risk,1.0
18272,2010-03-04,2011-12-07,9,4385.98,3,9,4385.98,5,5,5,15,Champions,0.2255,Low Risk,0.0
18273,2010-04-28,2011-12-07,4,357.0,3,4,357.0,5,3,2,10,Loyal Users,0.6329,Medium Risk,0.0
18274,2011-11-09,2011-11-09,1,175.92,31,1,175.92,4,1,1,6,New / Promising,,Not Scored (Recent),
18275,2009-12-08,2010-05-10,2,741.85,579,2,741.85,1,2,3,6,Hibernating / Churned,0.7496,High Risk,1.0
18276,2009-12-10,2011-10-27,6,1656.52,44,6,1656.52,4,4,4,12,Champions,0.5048,Medium Risk,0.0
18277,2010-08-02,2011-10-12,5,1180.05,59,5,1180.05,4,4,3,11,Loyal Users,0.6085,Medium Risk,0.0
18278,2010-10-31,2011-09-27,2,414.2,74,2,414.2,3,2,2,7,Needs Attention,0.7508,High Risk,0.0
18279,2010-07-08,2010-07-08,1,231.34,520,1,231.34,1,1,1,3,Hibernating / Churned,0.8015,High Risk,1.0
18280,2010-11-10,2011-03-07,2,488.15,278,2,488.15,2,2,2,6,Hibernating / Churned,0.6095,Medium Risk,1.0
18281,2010-05-11,2011-06-12,2,201.14,181,2,201.14,3,2,1,6,Needs Attention,0.7094,High Risk,1.0
18282,2011-08-05,2011-12-02,2,178.05,8,2,178.05,5,2,1,8,New / Promising,0.5949,Medium Risk,0.0
18283,2010-02-19,2011-12-06,22,2736.65,4,22,2736.65,5,5,4,14,Champions,0.2001,Low Risk,0.0
18284,2010-10-04,2010-10-04,1,461.68,432,1,461.68,1,2,2,5,Hibernating / Churned,0.6996,Medium Risk,1.0
18285,2010-02-17,2010-02-17,1,427.0,661,1,427.0,1,2,2,5,Hibernating / Churned,0.8458,High Risk,1.0
18286,2009-12-16,2010-08-20,2,1296.43,477,2,1296.43,1,3,4,8,Hibernating / Churned,0.7497,High Risk,1.0
18287,2010-05-17,2011-10-28,7,4182.99,43,7,4182.99,4,4,5,13,Champions,0.3075,Low Risk,0.0
