user_id,tenure_days,recency_days,frequency,monetary_total,monetary_avg,avg_days_between_orders,max_days_between_orders,churned
13085,581,65,8,2433.28,28.96761904761905,83.0,384.0,1
13078,632,14,46,23821.66,34.1774175035868,14.044444444444444,27.0,0
15362,290,356,2,613.08,15.327000000000002,290.0,290.0,1
18102,640,6,112,484615.1,613.4368354430379,5.7657657657657655,60.0,0
12682,638,8,41,19965.61,22.975385500575374,15.95,41.0,0
18087,640,5,17,14761.52,167.74454545454546,40.0,192.0,1
13635,296,350,3,1928.13,19.2813,148.0,282.0,0
14110,619,26,26,10564.42,30.53300578034682,24.76,169.0,0
12636,0,646,1,141.0,141.0,0.0,0.0,1
17519,605,41,14,4753.45,23.075,46.53846153846154,107.0,0
13758,537,108,13,8577.95,29.888327526132407,44.75,165.0,0
12362,618,27,5,1877.35,17.710849056603774,154.5,443.0,0
15413,47,599,5,6798.72,271.9488,11.75,26.0,1
16321,433,212,5,454.55,23.923684210526318,108.25,303.0,0
16167,324,321,5,1386.12,22.00190476190476,81.0,179.0,1
17865,631,15,38,22865.41,25.18216960352423,17.054054054054053,62.0,0
17592,0,646,1,148.3,11.407692307692308,0.0,0.0,1
13767,629,16,64,27996.54,39.54313559322034,10.0,46.0,0
17238,602,43,26,5998.37,5.962594433399603,24.08,95.0,0
15712,629,17,10,3166.36,20.56077922077922,69.88888888888889,126.0,0
15311,644,1,182,102158.74,27.026121693121695,3.5580110497237567,21.0,0
16329,311,335,4,1703.07,14.809304347826087,103.66666666666667,202.0,1
17700,643,2,13,5827.16,18.676794871794872,53.666666666666664,119.0,0
14911,645,0,309,234125.25,27.45371130393996,2.094155844155844,20.0,0
15998,566,79,14,7330.43,5.7629166666666665,43.61538461538461,100.0,0
12931,637,9,53,82822.08,422.5616326530612,12.25,76.0,0
12533,110,535,2,1367.89,18.998472222222222,111.0,111.0,1
17984,593,52,5,1191.27,4.74609561752988,148.25,247.0,1
14871,560,85,8,1091.34,6.614181818181818,80.0,133.0,0
13394,622,23,16,5645.13,16.17515759312321,41.53333333333333,90.0,0
16011,638,7,24,4542.28,11.47040404040404,26.916666666666668,81.0,0
16393,644,1,19,4280.72,6.389134328358209,35.77777777777778,80.0,0
14040,644,1,33,11778.96,15.982306648575305,20.125,74.0,0
12913,455,190,11,5083.62,83.33803278688525,45.6,162.0,0
15061,610,35,116,119859.38,135.89498866213154,5.3130434782608695,38.0,0
14341,608,37,16,3424.56,16.86975369458128,40.53333333333333,103.0,0
17804,362,283,3,385.23,4.187282608695653,181.0,206.0,1
14156,645,0,143,295425.08,76.73378701298702,4.542253521126761,42.0,0
13599,581,64,20,7327.8,29.428915662650603,30.63157894736842,115.0,0
17063,575,70,10,2849.26,17.268242424242427,63.888888888888886,126.0,0
15719,638,7,29,9246.12,5.696931608133087,22.821428571428573,46.0,0
12490,645,0,17,7958.3,20.83324607329843,40.3125,115.0,0
15793,469,176,6,1740.6,82.88571428571429,94.0,142.0,0
17056,0,645,1,128.60000000000002,16.075000000000003,0.0,0.0,1
13526,0,645,2,1182.0,26.863636363636363,0.0,0.0,1
14654,0,645,1,246.86,9.142962962962963,0.0,0.0,1
17998,358,287,3,639.24,11.021379310344829,179.0,357.0,1
17742,625,20,11,2098.48,24.688,62.5,219.0,1
15326,404,241,5,1700.52,13.182325581395348,101.25,276.0,1
14478,356,289,4,1276.66,18.774411764705885,118.66666666666667,196.0,1
15967,419,226,11,2796.57,6.228440979955457,42.0,84.0,0
17611,614,31,22,7112.01,6.818801534036433,29.285714285714285,60.0,0
15051,588,57,7,2921.29,16.139723756906076,98.0,229.0,0
13097,615,30,26,12022.51,13.096416122004358,24.64,60.0,0
13590,587,58,16,5484.05,14.663235294117648,39.2,106.0,0
15984,637,8,27,7770.41,11.245166425470332,24.53846153846154,123.0,0
16887,337,308,2,465.84000000000003,7.166769230769232,338.0,338.0,0
12921,639,5,61,29417.42,23.072486274509803,10.666666666666666,47.0,0
14543,629,16,36,14541.539999999999,69.91125,18.0,60.0,0
15945,372,272,4,827.27,27.575666666666667,124.33333333333333,252.0,1
18037,583,61,15,167.42,5.073333333333333,41.714285714285715,129.0,1
15662,77,568,2,283.73,23.644166666666667,77.0,77.0,1
15380,597,48,8,2371.36,69.74588235294118,85.28571428571429,224.0,0
13110,601,44,10,2511.04,11.900663507109005,66.77777777777777,126.0,0
12836,601,44,14,6085.29,16.71782967032967,46.23076923076923,92.0,0
15005,642,3,48,12312.13,5.697422489588154,13.680851063829786,32.0,0
16620,477,168,5,1675.73,18.619222222222223,119.5,173.0,0
12758,621,24,7,9903.24,31.639744408945685,103.66666666666667,183.0,1
17961,614,31,92,2878.72,4.554936708860759,6.758241758241758,24.0,0
15601,615,30,27,13769.02,17.23281602002503,23.692307692307693,61.0,0
13585,207,438,3,684.54,17.552307692307693,104.0,160.0,1
13442,70,574,3,419.87,11.04921052631579,35.5,36.0,1
13381,624,20,10,7046.39,23.48796666666667,69.44444444444444,97.0,0
16763,539,106,2,964.7,21.925,540.0,540.0,1
17243,645,0,59,16667.170000000002,16.903823529411767,11.137931034482758,58.0,0
14865,366,279,3,114.72,14.34,183.0,364.0,0
17345,644,0,9,1351.07,8.391739130434782,80.625,179.0,0
13819,436,209,6,2642.35,26.161881188118812,87.4,350.0,1
15808,431,213,21,18409.93,21.456794871794873,21.6,49.0,1
17191,643,2,14,4303.88,8.276692307692308,49.53846153846154,97.0,0
13748,642,3,9,2268.35,38.44661016949152,80.375,321.0,1
15265,586,58,4,3345.64,17.334922279792746,195.66666666666666,369.0,1
15750,567,78,14,5441.54,11.105183673469387,43.69230769230769,161.0,0
17428,627,18,37,25224.0,38.627871362940276,17.444444444444443,105.0,0
15485,401,243,6,4475.14,37.92491525423729,80.4,268.0,0
17246,191,454,2,38.92,6.486666666666667,192.0,192.0,1
14061,230,414,3,917.4300000000001,48.28578947368421,115.5,217.0,1
14108,636,9,3,738.38,21.717058823529413,318.5,630.0,0
13648,337,307,8,1764.02,16.641698113207546,48.285714285714285,124.0,1
16563,337,307,5,3345.02,47.11295774647887,84.5,129.0,0
16701,608,37,23,8568.85,35.55539419087137,27.681818181818183,71.0,0
12842,429,216,3,1109.73,39.63321428571429,214.5,333.0,0
14302,306,338,3,742.9,26.532142857142855,153.5,232.0,1
14135,632,12,19,8143.93,35.71899122807017,35.111111111111114,106.0,0
14831,57,587,3,1676.57,20.445975609756097,28.5,57.0,1
15602,537,108,12,2475.59,25.0059595959596,48.81818181818182,113.0,0
13777,608,36,52,42861.5,136.93769968051117,11.92156862745098,39.0,0
14000,526,118,5,2046.34,41.76204081632653,131.5,203.0,1
16823,510,134,7,2260.09,12.914800000000001,85.0,165.0,1
16163,505,139,6,2849.58,39.03534246575342,101.0,185.0,1
17193,561,84,4,1059.3,52.964999999999996,187.0,351.0,0
15759,519,125,7,830.93,48.878235294117644,86.5,163.0,1
16131,622,23,10,8729.38,44.76605128205128,69.11111111111111,171.0,0
14560,643,2,37,5441.46,31.63639534883721,17.86111111111111,74.0,0
17087,0,645,1,221.53,18.460833333333333,0.0,0.0,1
14894,294,350,2,837.0600000000001,36.393913043478264,294.0,294.0,0
16202,376,268,9,2501.99,20.177338709677418,47.125,118.0,1
16700,615,29,22,8187.11,17.199810924369746,29.333333333333332,54.0,0
17511,644,1,50,143916.92,89.27848635235733,13.142857142857142,36.0,0
14299,630,15,23,12971.01,47.51285714285714,28.636363636363637,211.0,0
17949,644,0,106,108326.8,757.53006993007,6.133333333333334,48.0,0
14799,0,645,1,180.45,18.044999999999998,0.0,0.0,0
16550,628,16,18,9435.13,11.605325953259532,37.0,133.0,1
12980,579,65,21,16245.78,312.4188461538462,29.0,72.0,1
14425,302,342,3,661.39,16.958717948717947,151.5,288.0,1
15353,483,162,7,3175.95,8.206589147286822,80.5,188.0,1
17818,0,645,1,130.18,2.83,0.0,0.0,1
13654,592,52,9,5314.94,19.540220588235293,74.0,175.0,0
17189,631,13,5,957.63,7.785609756097561,157.75,253.0,1
13269,628,17,21,6526.92,16.65030612244898,31.4,111.0,0
14653,399,245,6,2011.8,11.302247191011237,79.8,175.0,0
17019,475,169,10,3735.52,5.8642386185243325,52.888888888888886,112.0,0
15542,225,419,3,918.45,3.6446428571428573,112.5,225.0,1
13564,593,51,37,17249.55,13.571636506687646,16.47222222222222,210.0,1
16467,228,416,7,2869.16,119.54833333333333,38.166666666666664,78.0,1
15833,0,645,1,80.4,16.080000000000002,0.0,0.0,1
14527,639,6,107,24564.9,10.37369087837838,6.028301886792453,17.0,0
17476,341,303,2,489.86,15.801935483870968,342.0,342.0,1
15287,357,287,3,369.34000000000003,23.083750000000002,179.0,302.0,0
14440,420,224,10,5466.76,46.724444444444444,46.77777777777778,168.0,0
15680,371,273,8,3652.79,16.75591743119266,53.0,109.0,0
15581,616,28,38,7794.59,10.871115760111577,16.675675675675677,115.0,1
13740,496,148,5,1597.77,16.818631578947368,124.25,175.0,1
17768,571,73,5,1647.66,15.256111111111112,142.75,293.0,0
12948,632,12,6,1676.44,17.834468085106383,126.4,466.0,0
14667,642,2,47,18756.96,15.683076923076923,13.978260869565217,35.0,0
17377,611,33,67,16263.87,10.699914473684212,9.257575757575758,82.0,0
14467,424,220,9,1753.93,7.527596566523606,53.125,104.0,0
13457,48,596,2,148.22,16.468888888888888,49.0,49.0,1
18108,483,161,3,848.81,18.059787234042552,241.5,342.0,1
16210,638,6,28,28652.17,124.57465217391304,23.666666666666668,97.0,0
14669,495,149,7,3243.93,8.212481012658227,82.66666666666667,301.0,1
17909,0,644,1,132.55,14.72777777777778,0.0,0.0,1
16086,639,5,9,2643.3,20.490697674418605,79.875,140.0,0
16711,597,47,7,2127.32,101.3009523809524,99.5,246.0,0
14739,643,1,22,10632.8,46.229565217391304,30.61904761904762,125.0,0
16233,407,237,8,1755.53,28.315,58.285714285714285,123.0,0
14204,315,329,3,901.9300000000001,4.7975,157.5,201.0,0
17606,0,644,1,87.3,14.549999999999999,0.0,0.0,1
16797,344,300,5,1827.77,4.490835380835381,86.0,124.0,1
16126,635,9,14,12065.73,35.59212389380531,48.92307692307692,112.0,0
17867,593,51,13,1381.66,19.738,49.5,122.0,0
17412,541,103,13,3869.28,18.874536585365856,45.083333333333336,114.0,0
16525,638,6,43,21927.54,67.05669724770642,15.19047619047619,33.0,0
13623,527,117,9,2370.63,8.620472727272727,65.875,137.0,0
12435,469,175,5,10075.03,106.05294736842106,117.5,160.0,0
14549,425,218,4,916.55,6.3649305555555555,142.0,173.0,1
14106,0,644,1,214.8,214.8,0.0,0.0,1
14980,0,644,1,150.68,6.278333333333333,0.0,0.0,1
14396,366,278,6,1744.29,6.921785714285714,73.2,154.0,0
14122,331,313,3,362.42,27.87846153846154,165.5,322.0,1
16987,567,77,7,1540.3,8.605027932960894,94.5,230.0,0
17809,608,36,16,8782.19,102.11848837209303,40.53333333333333,91.0,0
15917,489,155,5,560.63,3.616967741935484,122.5,359.0,1
14987,371,273,7,1550.6499999999999,103.37666666666665,62.0,328.0,0
14080,323,320,4,1070.08,13.545316455696202,108.0,215.0,0
16200,573,71,11,5113.4,10.105533596837944,57.3,218.0,0
15794,0,643,2,777.0,51.8,1.0,1.0,1
15523,349,295,15,16947.98,83.07833333333333,24.928571428571427,76.0,0
15615,631,13,43,18342.08,23.425389527458496,15.047619047619047,43.0,0
18001,287,357,4,536.61,6.544024390243902,96.0,191.0,0
17841,642,1,167,53203.79,5.609847110923661,3.8734939759036147,16.0,0
13089,637,7,177,101236.52,34.27099526066351,3.625,20.0,0
15989,361,283,2,372.51,4.233068181818182,362.0,362.0,1
17660,595,48,2,359.47,4.0389887640449444,596.0,596.0,1
13313,596,48,10,2808.34,18.00217948717949,66.22222222222223,140.0,0
12437,638,5,32,10543.4,22.625321888412017,20.612903225806452,79.0,0
14841,557,86,12,6242.81,23.294067164179108,50.72727272727273,103.0,0
14646,644,0,120,426699.12,135.54609911054638,5.420168067226891,31.0,0
15482,571,73,11,5641.1,77.27534246575343,57.2,214.0,0
16156,585,59,16,4541.31,22.481732673267327,39.06666666666667,105.0,0
17716,642,2,20,14437.64,26.20261343012704,33.8421052631579,129.0,0
12779,547,97,13,5740.32,24.742758620689653,45.583333333333336,115.0,0
13611,566,78,9,2784.45,14.890106951871656,70.75,189.0,0
15255,340,303,8,2838.5699999999997,19.989929577464785,48.57142857142857,192.0,0
14771,115,528,2,594.62,12.651489361702128,115.0,115.0,1
14838,313,330,2,773.6700000000001,10.896760563380283,313.0,313.0,1
13979,343,300,6,2546.36,7.233977272727273,68.6,183.0,0
13800,427,217,3,1679.56,23.00767123287671,213.5,306.0,1
14483,455,189,2,257.1,19.77692307692308,455.0,455.0,1
14915,458,185,10,1646.05,19.140116279069765,51.0,98.0,0
13753,449,195,4,2094.57,26.182125000000003,149.66666666666666,311.0,1
16301,0,644,1,107.33,17.888333333333332,0.0,0.0,1
13931,640,3,11,5257.38,19.399926199261994,64.1,185.0,1
17035,491,153,4,613.59,18.593636363636364,163.66666666666666,280.0,1
15194,610,34,24,9280.69,23.55505076142132,26.52173913043478,131.0,0
14347,0,644,1,82.6,13.766666666666666,0.0,0.0,1
12934,0,644,1,181.65,90.825,0.0,0.0,1
15291,641,2,37,12863.28,55.92730434782609,17.833333333333332,78.0,0
17209,87,556,3,611.6,15.290000000000001,43.5,79.0,1
15658,546,97,8,2423.47,20.89198275862069,78.0,237.0,1
17314,588,56,14,3883.43,20.439105263157895,45.23076923076923,94.0,0
17155,558,85,6,784.06,12.646129032258063,111.8,350.0,0
15965,369,274,10,2323.64,8.86885496183206,41.0,89.0,0
17322,360,283,5,922.59,5.2123728813559325,90.0,321.0,1
16159,455,189,4,1232.79,23.7075,151.66666666666666,189.0,1
14051,623,20,29,15511.05,62.5445564516129,22.25,101.0,0
13993,636,8,16,5556.76,23.848755364806866,42.4,68.0,0
17411,475,168,3,932.02,18.6404,237.5,350.0,0
15768,620,23,34,15601.09,12.601849757673667,18.818181818181817,251.0,1
12835,308,335,41,6043.31,9.747274193548387,7.725,22.0,1
15179,502,141,11,6740.09,25.24378277153558,50.3,101.0,0
17069,581,62,10,4580.37,19.828441558441558,64.55555555555556,154.0,0
16918,641,2,13,2967.17,7.0145862884160755,53.416666666666664,158.0,0
15466,347,297,3,1236.48,5.944615384615385,173.5,217.0,0
14159,640,3,16,6004.89,4.289207142857143,42.733333333333334,107.0,0
17940,628,15,15,30201.19,862.8911428571428,44.857142857142854,143.0,0
17581,626,17,35,14235.0,20.630434782608695,18.441176470588236,67.0,0
16168,641,2,57,9480.99,33.62053191489362,11.464285714285714,58.0,0
14606,643,1,170,28268.6,4.788042005420054,3.804733727810651,15.0,0
17287,593,50,19,3750.2599999999998,8.44653153153153,32.94444444444444,115.0,0
17913,380,263,13,3286.09,7.335022321428572,31.75,79.0,0
13416,0,643,1,228.3,32.614285714285714,0.0,0.0,0
16779,629,14,46,29033.25,30.43317610062893,14.0,43.0,0
13895,593,50,4,2352.75,20.82079646017699,197.66666666666666,351.0,0
14057,635,8,18,7002.86,17.163872549019608,37.411764705882355,131.0,0
17017,574,69,23,10847.63,30.47087078651685,26.09090909090909,195.0,0
13208,581,62,7,1599.67,7.371751152073733,96.83333333333333,203.0,0
17465,310,333,7,2542.79,17.906971830985917,51.833333333333336,75.0,1
13468,643,0,64,12424.56,18.57183856502242,10.222222222222221,26.0,0
13485,503,140,11,3019.22,19.10898734177215,50.3,143.0,1
17271,0,643,1,210.39,4.045961538461539,0.0,0.0,1
16139,624,19,4,782.11,19.075853658536587,208.0,516.0,0
15953,524,119,14,2836.31,22.333149606299212,40.38461538461539,120.0,0
15856,641,2,42,29274.71,29.66029381965552,15.634146341463415,50.0,0
14967,294,349,5,1518.81,66.03521739130434,73.75,218.0,0
16497,532,110,22,5280.29,18.334340277777777,25.38095238095238,80.0,0
17764,525,118,4,1066.79,10.357184466019417,175.0,196.0,0
14905,578,65,8,1971.3899999999999,25.27423076923077,82.71428571428571,141.0,1
18229,642,1,22,8738.869999999999,54.6179375,30.61904761904762,119.0,0
17293,616,26,13,2766.15,17.181055900621118,51.416666666666664,152.0,0
17853,329,314,3,1608.19,15.171603773584906,164.5,260.0,1
15550,630,13,11,2076.45,9.107236842105262,63.0,174.0,0
13531,531,112,6,1738.52,19.31688888888889,106.2,161.0,1
13786,368,274,6,3358.94,27.088225806451614,73.8,206.0,1
14952,529,114,28,13064.47,51.0330859375,19.62962962962963,78.0,0
14031,609,33,38,33339.34,47.2898439716312,16.486486486486488,48.0,0
12937,538,104,7,2021.57,16.17256,89.83333333333333,196.0,0
16612,616,26,8,2928.07,19.263618421052634,88.14285714285714,171.0,0
12949,621,21,21,14808.9,21.809867452135492,31.1,130.0,0
14958,588,54,6,957.94,13.304722222222223,117.8,350.0,1
17329,420,222,4,724.6800000000001,8.235000000000001,140.33333333333334,416.0,0
16736,230,413,5,2956.56,20.675244755244755,57.75,131.0,1
13001,577,65,31,22968.7,23.24767206477733,19.266666666666666,78.0,0
14644,437,205,6,1604.46,36.465,87.6,242.0,0
14898,601,41,13,3215.59,12.415405405405407,50.166666666666664,106.0,0
14662,501,142,6,1170.02,6.6102824858757065,100.4,205.0,0
17414,551,92,5,2069.52,103.476,138.0,239.0,0
14755,623,20,21,7829.95,20.12840616966581,31.2,55.0,0
17576,636,6,36,7741.08,10.014333764553687,18.2,46.0,0
13037,597,45,12,3914.95,16.87478448275862,54.36363636363637,143.0,1
14710,356,286,9,1316.46,4.344752475247525,44.625,113.0,0
18168,560,83,16,3770.27,9.332351485148514,37.333333333333336,63.0,1
17679,214,429,5,1585.5,31.08823529411765,53.75,112.0,0
17851,313,329,6,1563.34,6.596371308016877,62.8,167.0,1
14750,0,643,1,112.03,3.5009375,0.0,0.0,1
16791,613,29,13,3117.18,5.90375,51.166666666666664,91.0,0
16558,614,28,31,9897.42,16.832346938775512,20.774193548387096,96.0,0
15884,303,339,2,249.7,16.646666666666665,304.0,304.0,1
17343,380,262,6,1259.94,15.74925,76.2,126.0,1
17372,569,73,26,4096.01,6.736858552631579,22.8,74.0,0
16003,601,42,8,4672.36,29.571898734177214,86.0,221.0,0
17432,350,292,7,1385.6299999999999,6.050786026200873,58.5,165.0,0
14713,636,6,19,4782.12,7.519056603773585,35.388888888888886,63.0,0
16722,636,7,19,7914.85,21.864226519337016,35.388888888888886,78.0,0
12577,376,266,6,1191.84,5.368648648648648,75.4,327.0,0
12872,409,234,12,3685.49,8.45295871559633,37.27272727272727,61.0,1
15755,627,15,14,4773.7,16.127364864864866,48.23076923076923,127.0,0
14258,584,59,23,28767.68,104.23072463768116,26.545454545454547,58.0,0
14286,492,150,5,5901.09,16.391916666666667,123.25,235.0,0
13154,336,306,3,1624.84,17.471397849462363,168.0,228.0,1
14564,300,342,2,2605.62,24.35158878504673,301.0,301.0,1
13408,636,7,85,41453.1,61.14026548672566,7.571428571428571,28.0,0
16645,0,643,1,160.39,11.456428571428571,0.0,0.0,1
12714,628,14,11,12774.55,20.341640127388533,62.9,94.0,0
16335,184,459,7,2774.0,7.579234972677596,30.666666666666668,41.0,1
13093,460,183,55,54943.65,52.327285714285715,8.518518518518519,28.0,1
12759,563,79,7,4571.82,16.746593406593405,94.0,171.0,0
13666,448,194,4,107.3,7.153333333333333,149.33333333333334,315.0,0
17160,626,16,16,9692.31,15.811272430668842,41.733333333333334,133.0,0
13946,534,109,5,1800.6299999999999,33.345,133.5,258.0,0
14723,377,265,8,1405.76,4.797815699658703,53.857142857142854,130.0,0
14961,581,61,19,13272.45,24.854775280898878,32.27777777777778,116.0,0
14735,636,6,47,9770.18,33.345324232081914,13.826086956521738,47.0,0
18061,627,15,26,6163.07,50.10626016260162,25.12,64.0,0
15078,629,13,43,14721.36,22.037964071856287,15.0,63.0,0
17389,639,3,52,34895.08,102.93533923303835,12.549019607843137,109.0,0
16883,548,94,19,2396.59,8.321493055555557,30.444444444444443,184.0,1
13175,153,489,2,831.45,18.075,153.0,153.0,1
17076,461,181,5,735.87,18.86846153846154,115.5,246.0,0
13948,374,268,4,548.76,22.865,125.0,237.0,1
18223,638,4,23,11552.65,23.48099593495935,29.045454545454547,75.0,0
16192,0,643,1,351.3,31.936363636363637,0.0,0.0,1
15999,0,643,1,20.4,20.4,0.0,0.0,1
15109,489,153,3,983.1,20.48125,245.0,334.0,1
14680,640,2,56,54081.22,42.68446724546172,11.636363636363637,39.0,0
18092,616,27,15,12962.66,114.71380530973451,44.0,103.0,0
16891,639,3,9,1807.26,4.070405405405405,80.0,230.0,0
13481,627,15,10,3387.61,17.195989847715737,69.66666666666667,133.0,0
13807,368,274,3,534.8,16.7125,184.0,207.0,1
14979,0,642,1,439.46000000000004,8.291698113207548,0.0,0.0,1
16656,639,3,26,15324.05,122.5924,25.6,65.0,0
16746,634,8,36,15789.82,18.338931475029035,18.142857142857142,38.0,0
17157,559,83,18,4994.36,36.72323529411764,32.88235294117647,304.0,0
15309,124,518,4,797.96,14.777037037037038,41.666666666666664,84.0,1
16325,580,62,11,3419.28,25.70887218045113,58.0,179.0,0
16541,0,642,1,424.03,11.158684210526316,0.0,0.0,1
16723,627,15,3,1136.63,8.81108527131783,314.0,336.0,0
16699,355,287,7,994.6,16.04193548387097,59.166666666666664,111.0,1
16710,597,45,19,5709.94,6.408462401795735,33.166666666666664,100.0,0
12510,592,50,9,5178.02,35.71048275862069,74.125,183.0,1
13162,613,29,16,9275.49,38.972647058823526,40.86666666666667,101.0,1
15382,550,92,10,9904.96,21.532521739130434,61.22222222222222,143.0,0
13680,397,245,10,10104.84,19.17426944971537,44.22222222222222,148.0,0
12970,413,229,8,1096.53,4.568875,59.0,346.0,0
17935,596,45,7,686.14,10.7209375,99.5,259.0,1
17593,590,52,9,6431.98,19.851790123456787,73.875,186.0,0
17151,0,642,1,231.90000000000003,57.97500000000001,0.0,0.0,1
16451,174,468,2,746.1800000000001,14.630980392156864,174.0,174.0,0
17127,306,336,5,1155.03,31.217027027027026,76.75,202.0,1
13694,627,14,132,177354.83,126.50130527817403,4.793893129770993,34.0,0
14087,330,312,2,651.8,4.288157894736842,331.0,331.0,0
13733,324,318,2,487.03,16.79413793103448,325.0,325.0,1
18181,335,307,4,823.14,5.964782608695652,111.66666666666667,172.0,0
13174,418,223,11,8786.08,8.288754716981131,41.9,126.0,0
13329,368,274,7,4628.17,40.244956521739134,61.5,238.0,0
17421,349,293,3,1059.41,18.265689655172416,174.5,306.0,1
16351,402,240,13,3330.0299999999997,17.807647058823527,33.583333333333336,79.0,1
15684,188,454,3,173.95,15.813636363636363,94.0,154.0,1
17884,423,219,19,2958.28,6.4591266375545855,23.555555555555557,79.0,0
15514,509,133,13,5021.03,18.596407407407405,42.5,147.0,0
13679,241,401,3,281.26,5.6251999999999995,121.0,136.0,1
18225,622,20,21,10275.92,22.242251082251084,31.1,60.0,0
12748,641,0,258,36775.92,7.932683347713546,2.498054474708171,30.0,0
13199,631,11,50,11169.61,73.97092715231788,12.84,36.0,0
13487,521,120,4,680.27,17.44282051282051,173.66666666666666,229.0,0
17018,408,233,5,1772.6,65.65185185185184,102.25,190.0,0
18071,477,165,6,1428.63,16.807411764705883,95.4,250.0,1
16593,545,97,7,996.61,13.841805555555556,90.83333333333333,280.0,0
14238,408,233,3,434.23,33.402307692307694,204.0,336.0,1
15223,509,133,5,1417.95,41.70441176470588,127.25,360.0,1
13021,567,74,12,3423.33,18.605054347826087,51.63636363636363,104.0,0
17115,551,90,6,2536.81,22.449646017699113,110.4,315.0,0
17850,362,279,155,56600.08,20.243233190271816,2.3506493506493507,73.0,1
14239,640,2,19,3763.21,19.911164021164023,35.55555555555556,115.0,0
13999,638,3,26,8469.42,20.556844660194177,25.56,68.0,0
13958,354,287,8,4709.23,20.745506607929514,50.714285714285715,132.0,1
13641,93,548,5,1016.47,23.10159090909091,23.5,78.0,1
15420,300,341,6,743.0,13.267857142857142,60.0,124.0,1
12359,544,97,9,6059.09,23.304192307692308,68.125,116.0,0
12820,407,234,8,1917.6399999999999,17.276036036036036,58.285714285714285,91.0,0
16410,0,641,1,130.32,26.064,0.0,0.0,1
15240,542,99,10,3798.79,20.206329787234043,60.333333333333336,150.0,0
16158,211,429,9,628.32,17.952,26.5,58.0,1
15484,194,447,2,1061.69,20.03188679245283,194.0,194.0,0
14709,640,1,21,7918.03,25.057056962025317,32.05,61.0,0
15057,458,182,5,3255.96,46.513714285714286,114.75,182.0,1
14867,548,93,16,2952.06,21.547883211678833,36.6,135.0,1
17642,614,27,5,1824.49,16.893425925925925,153.75,253.0,1
13813,599,42,5,1783.75,19.60164835164835,149.75,393.0,0
13589,554,87,5,888.09,22.20225,138.5,270.0,0
12417,626,14,18,5984.33,18.356840490797545,36.88235294117647,77.0,0
17920,628,12,46,22719.18,15.788172341904101,13.955555555555556,79.0,0
12975,296,344,6,2100.09,18.750803571428573,59.4,214.0,1
16104,314,326,8,2476.25,12.138480392156863,45.0,126.0,0
17150,357,284,6,1375.65,14.791935483870969,71.4,133.0,1
16277,0,641,1,188.69,8.203913043478261,0.0,0.0,1
17244,350,290,4,871.14,9.78808988764045,116.66666666666667,350.0,0
15260,633,7,25,9188.23,23.086005025125626,26.375,139.0,1
12583,627,14,21,11398.27,31.228136986301372,31.35,81.0,0
15555,630,11,30,10127.12,7.874898911353033,21.724137931034484,125.0,0
13736,473,167,6,2391.84,5.411402714932127,94.6,189.0,0
14133,603,37,4,911.14,25.309444444444445,201.33333333333334,418.0,1
15571,347,293,10,3401.2,5.884429065743944,38.55555555555556,138.0,0
13448,514,126,11,7124.76,16.416497695852534,51.5,146.0,0
17085,610,30,28,7891.41,7.915155466399198,22.59259259259259,127.0,1
15059,626,14,17,3194.45,5.904713493530498,39.125,81.0,0
14468,0,641,1,204.24,17.02,0.0,0.0,1
16395,565,75,12,3018.2,5.527838827838828,51.36363636363637,239.0,0
16485,301,339,4,1931.03,18.747864077669902,100.33333333333333,161.0,0
15878,171,469,2,330.77,6.485686274509804,172.0,172.0,1
15860,634,6,15,2295.14,6.810504451038575,45.357142857142854,126.0,0
13373,574,66,5,6330.5199999999995,20.687973856209148,143.75,206.0,0
14608,371,269,8,1771.79,73.82458333333334,53.0,165.0,0
14896,528,112,8,2092.42,7.290662020905923,75.57142857142857,161.0,1
16964,0,640,2,207.85000000000002,34.64166666666667,0.0,0.0,1
15983,372,268,7,3632.07,12.788978873239436,62.166666666666664,334.0,0
13782,608,32,10,1369.65,7.1709424083769635,67.66666666666667,126.0,0
14454,357,283,5,977.3,8.884545454545455,89.25,119.0,1
14717,0,640,1,81.3,7.390909090909091,0.0,0.0,1
16718,363,276,5,3647.53,16.35663677130045,91.0,220.0,1
15751,272,368,11,1380.44,10.618769230769232,27.3,98.0,1
14546,531,109,8,3494.69,6.495706319702602,76.0,128.0,0
17848,605,35,29,3571.3,21.38502994011976,21.607142857142858,80.0,0
17561,342,298,3,554.72,3.5332484076433124,171.5,203.0,0
15547,623,17,20,7970.26,7.837030481809243,32.78947368421053,84.0,0
17406,400,240,13,4905.05,18.93841698841699,33.333333333333336,81.0,1
14479,479,161,4,1299.11,8.718859060402684,160.0,315.0,1
17969,566,73,20,2369.94,11.448985507246377,29.842105263157894,195.0,1
14548,582,58,9,2627.49,23.252123893805308,72.875,167.0,1
17916,104,536,2,43.87,2.3089473684210526,105.0,105.0,1
13319,620,20,50,18134.02,22.38767901234568,12.653061224489797,42.0,0
16773,297,343,2,249.65,6.401282051282052,297.0,297.0,0
15479,0,640,1,147.4,16.37777777777778,0.0,0.0,1
15822,373,266,5,1394.79,29.058125,93.5,150.0,0
13890,625,14,6,1544.68,16.609462365591398,125.2,251.0,0
13211,638,2,9,2418.54,12.339489795918368,79.75,266.0,0
15641,627,12,12,5345.55,17.188263665594857,57.09090909090909,155.0,1
14123,0,640,1,436.18,18.174166666666668,0.0,0.0,1
13019,353,286,6,1229.95,22.362727272727273,70.8,158.0,1
17858,616,23,27,11298.24,37.04340983606557,23.73076923076923,93.0,0
14940,315,325,2,531.49,16.6090625,316.0,316.0,1
16686,635,5,15,4487.8,4.593449334698056,45.357142857142854,98.0,0
15691,480,159,4,571.3,40.80714285714286,160.33333333333334,195.0,1
16436,64,575,3,329.34,8.032682926829267,32.5,64.0,1
17610,193,447,5,1529.49,9.741974522292994,48.25,115.0,1
17530,527,113,8,2124.37,5.022151300236406,75.28571428571429,217.0,0
13491,585,55,26,4439.19,17.073807692307692,23.4,100.0,0
14003,0,640,1,209.41,13.088125,0.0,0.0,1
12839,619,21,20,7164.12,17.098138424821002,32.0,89.0,0
17557,0,640,1,34.0,34.0,0.0,0.0,0
14738,599,41,7,1265.1,21.44237288135593,99.83333333333333,245.0,0
16124,415,224,4,1772.49,21.615731707317074,138.33333333333334,165.0,1
12471,625,14,68,31256.14,33.25121276595745,9.328358208955224,52.0,0
17739,535,104,14,6010.01,50.08341666666667,41.23076923076923,137.0,0
16556,627,13,16,7255.16,16.678528735632185,41.8,65.0,0
14695,213,426,3,1620.07,18.83802325581395,106.5,213.0,1
14828,535,104,13,9839.46,97.42039603960396,44.666666666666664,82.0,1
15115,0,640,1,191.74,13.695714285714287,0.0,0.0,0
13693,358,281,9,2011.82,18.97943396226415,44.75,119.0,1
14955,0,640,1,163.77,5.282903225806452,0.0,0.0,1
14037,556,83,6,836.95,7.341666666666667,111.2,188.0,1
18077,629,11,14,3376.49,11.106874999999999,48.38461538461539,159.0,0
13905,0,640,1,312.65,26.054166666666664,0.0,0.0,1
17508,451,188,8,4579.23,19.823506493506493,64.57142857142857,101.0,1
16768,628,11,8,1516.52,9.911895424836601,89.85714285714286,168.0,0
13984,606,33,11,1947.42,21.88112359550562,60.6,144.0,0
13495,500,139,8,4401.82,34.66,71.42857142857143,202.0,0
13190,188,451,3,570.66,33.56823529411764,94.0,133.0,1
14408,637,2,10,3801.55,31.417768595041323,70.88888888888889,207.0,0
15358,612,28,35,14343.02,15.082039957939012,18.0,50.0,0
17707,547,92,8,609.3,25.3875,78.14285714285714,151.0,1
17044,357,282,11,11013.82,77.01972027972027,35.8,99.0,0
14471,141,498,2,400.95,9.779268292682927,141.0,141.0,1
17436,505,134,4,440.16,36.68,168.66666666666666,185.0,0
13234,59,580,2,356.95,5.665873015873015,60.0,60.0,1
14574,0,640,1,143.7,13.063636363636363,0.0,0.0,1
15716,586,53,11,3056.81,9.376717791411043,58.7,112.0,1
16684,599,40,45,114372.71,187.80412151067324,13.613636363636363,67.0,0
14540,423,216,9,2994.98,14.398942307692307,52.875,150.0,0
14307,597,42,8,4383.2,15.997080291970802,85.42857142857143,135.0,0
18219,583,56,15,2860.25,16.924556213017752,41.642857142857146,91.0,0
12747,622,17,23,7849.93,35.04433035714286,28.318181818181817,65.0,0
18162,0,639,1,379.15999999999997,8.06723404255319,0.0,0.0,1
17441,0,639,1,293.34999999999997,13.969047619047618,0.0,0.0,1
17988,615,24,12,434.42,3.913693693693694,55.90909090909091,198.0,0
12600,619,20,19,4381.4400000000005,37.44820512820513,34.44444444444444,92.0,0
12523,624,15,19,3600.13,17.39193236714976,34.72222222222222,117.0,0
13206,332,307,13,8377.32,14.41879518072289,27.666666666666668,95.0,1
14512,544,95,7,1223.47,15.293375000000001,90.83333333333333,151.0,1
16353,628,10,28,6649.66,45.54561643835616,23.296296296296298,120.0,0
16018,551,87,3,451.13,10.491395348837209,276.0,336.0,0
14670,452,187,3,602.0,3.202127659574468,226.0,452.0,1
14590,307,332,20,3006.62,14.738333333333333,16.210526315789473,55.0,1
13070,539,99,4,751.7,22.77878787878788,180.0,267.0,1
17457,605,34,14,5984.81,93.51265625,46.61538461538461,88.0,1
15421,516,122,9,3594.34,11.823486842105263,64.625,95.0,0
17990,495,144,6,1527.61,26.80017543859649,99.2,191.0,1
13148,598,41,24,7704.56,10.700777777777779,26.043478260869566,73.0,0
17364,594,44,23,10223.05,13.946862210095498,27.045454545454547,67.0,0
13042,133,505,3,1556.54,7.82180904522613,67.0,77.0,1
12443,0,639,1,485.31,23.11,0.0,0.0,1
15694,556,83,19,7637.19,65.2751282051282,30.88888888888889,137.0,0
16717,636,3,12,4687.51,18.23933852140078,57.90909090909091,194.0,0
17231,605,33,22,5961.44,5.732153846153846,28.857142857142858,64.0,0
16702,316,322,4,1110.83,12.206923076923076,105.66666666666667,150.0,1
13267,621,18,31,8037.71,23.16342939481268,20.64516129032258,75.0,0
12540,624,15,26,17641.12,29.849610829103213,24.615384615384617,76.0,0
17270,262,376,2,604.4,12.33469387755102,263.0,263.0,1
13393,148,491,4,1131.45,16.397826086956524,49.666666666666664,72.0,1
14113,377,262,13,5685.69,63.17433333333333,31.416666666666668,100.0,0
15369,239,399,11,6251.26,105.9535593220339,23.9,85.0,1
12358,581,58,4,3203.87,45.769571428571425,193.66666666666666,225.0,0
18259,365,273,5,2355.9,41.33157894736842,91.25,280.0,0
17047,526,112,5,1937.76,16.148,131.5,226.0,0
14136,331,308,5,1570.81,14.818962264150944,82.75,154.0,1
16735,633,6,13,5964.3,20.854195804195804,52.75,141.0,0
14215,545,94,7,2724.88,18.663561643835617,90.83333333333333,217.0,0
15971,623,16,13,3812.43,141.20111111111112,51.916666666666664,300.0,0
14295,292,346,4,2196.71,32.78671641791045,97.66666666666667,201.0,0
13382,451,188,5,1387.58,16.134651162790696,112.75,190.0,1
13025,0,639,1,323.39,24.876153846153844,0.0,0.0,1
16013,633,6,72,43725.18,291.5012,8.915492957746478,48.0,0
14558,77,561,3,655.5,43.7,38.5,51.0,1
18002,355,283,4,249.92,4.628148148148148,118.66666666666667,150.0,1
17854,546,92,6,1071.45,8.92875,109.2,235.0,1
15079,519,120,11,3767.35,25.981724137931035,51.9,105.0,1
16029,637,1,96,95488.44,291.12329268292683,6.71578947368421,27.0,0
18271,121,517,2,680.85,32.42142857142857,122.0,122.0,1
14290,369,269,4,2979.47,40.81465753424657,123.33333333333333,228.0,0
17268,623,15,11,1733.8899999999999,57.79633333333333,62.4,200.0,1
17067,6,632,3,454.53999999999996,34.964615384615385,3.5,7.0,1
16560,373,265,7,2539.15,15.673765432098765,62.166666666666664,185.0,0
14861,350,288,9,1254.94,15.68675,43.875,168.0,0
17371,370,268,4,336.29,5.019253731343284,123.33333333333333,262.0,0
18145,526,112,9,3780.02,15.059840637450199,65.875,142.0,0
16400,636,2,9,3159.44,11.24355871886121,79.625,301.0,1
15093,614,24,22,13756.19,42.988093750000004,29.285714285714285,90.0,0
13643,632,6,9,1896.73,21.55375,79.125,197.0,0
17852,342,296,3,548.87,6.382209302325581,171.5,336.0,0
15456,448,190,10,2119.27,9.214217391304349,49.77777777777778,89.0,1
13571,638,0,21,3538.05,6.896783625730994,31.95,129.0,0
16732,328,310,3,3783.89,19.605647668393782,164.0,208.0,0
16940,562,76,7,5246.14,10.286549019607843,93.66666666666667,161.0,0
15162,0,638,1,312.9,26.075,0.0,0.0,1
18203,573,64,4,504.42,8.407,191.33333333333334,224.0,1
14494,329,308,2,261.9,26.189999999999998,330.0,330.0,0
17978,366,272,4,1461.76,18.272,122.0,275.0,1
15031,621,17,12,2750.23,8.160919881305638,56.45454545454545,172.0,0
14085,590,48,27,8904.62,9.237157676348549,22.692307692307693,70.0,0
17230,467,171,18,9924.95,44.50650224215247,27.470588235294116,204.0,1
13410,544,94,7,1743.94,47.13351351351351,90.66666666666667,254.0,0
14063,293,345,9,22710.2,567.755,36.625,248.0,1
12785,366,271,3,1100.4,19.650000000000002,183.5,196.0,1
13081,587,51,25,49737.89,23.88947646493756,24.5,74.0,0
14605,357,281,4,937.16,8.442882882882882,119.0,223.0,1
14285,554,84,5,1380.31,39.43742857142857,138.75,337.0,0
16892,547,91,3,339.54,5.659000000000001,274.0,371.0,0
16805,557,81,5,1097.24,4.3714741035856575,139.5,217.0,1
13204,0,638,1,966.66,16.95894736842105,0.0,0.0,1
15924,0,638,1,102.82,6.854666666666666,0.0,0.0,1
15823,358,279,3,3897.17,24.981858974358975,179.5,357.0,1
13576,634,4,23,9675.34,43.38717488789238,28.863636363636363,56.0,0
17178,0,638,1,436.71000000000004,13.647187500000001,0.0,0.0,1
13798,637,0,95,67844.16,107.34835443037976,6.787234042553192,26.0,0
18275,152,485,2,741.85,39.044736842105266,153.0,153.0,1
13855,230,408,4,1310.34,17.94986301369863,77.0,125.0,1
15298,638,0,18,8017.69,21.437673796791444,37.588235294117645,75.0,0
15674,517,121,12,5881.29,19.802323232323232,47.09090909090909,163.0,0
14679,349,289,3,1289.44,20.467301587301588,175.0,210.0,1
16253,475,162,6,5326.69,22.95987068965517,95.2,165.0,0
13883,512,126,14,5628.32,21.001194029850744,39.46153846153846,150.0,0
13557,450,188,12,2688.88,16.598024691358024,41.0,135.0,0
16204,350,287,2,538.53,10.160943396226415,351.0,351.0,0
15633,221,416,13,4352.46,24.590169491525423,18.5,38.0,1
15203,625,13,13,3900.7,12.747385620915033,52.166666666666664,113.0,0
13136,588,50,11,4893.63,19.342411067193677,58.9,163.0,0
15181,555,82,4,945.72,67.55142857142857,185.33333333333334,311.0,0
17188,566,71,11,3933.79,27.31798611111111,56.7,151.0,0
13455,364,273,5,2540.53,19.847890625,91.0,140.0,0
13114,0,638,1,234.38,14.64875,0.0,0.0,1
13768,4,634,2,875.97,26.544545454545457,4.0,4.0,1
14291,610,28,19,6376.39,16.10199494949495,33.888888888888886,109.0,0
12712,623,14,19,6710.61,26.111322957198443,34.666666666666664,80.0,0
14732,586,51,16,4432.88,19.78964285714286,39.13333333333333,104.0,0
13202,336,301,7,1580.3,22.902898550724636,56.0,95.0,1
16945,631,6,27,7209.72,18.0243,24.307692307692307,55.0,0
12487,0,638,1,285.3,142.65,0.0,0.0,1
13672,429,208,3,419.92,23.32888888888889,214.5,398.0,1
17929,617,20,11,2946.1,210.43571428571428,61.8,142.0,0
16771,455,182,8,3376.74,10.14036036036036,65.0,119.0,0
16782,592,45,34,9800.86,5.294900054024851,17.939393939393938,63.0,0
18051,96,541,7,2282.2799999999997,41.495999999999995,16.0,22.0,1
16912,596,41,11,3463.31,25.65414814814815,59.6,207.0,0
12924,532,105,11,2190.97,37.13508474576271,53.2,110.0,0
15403,238,399,2,170.88,21.36,239.0,239.0,1
14173,511,126,3,249.2,16.613333333333333,255.5,422.0,0
14211,633,4,15,3291.12,17.413333333333334,45.285714285714285,116.0,0
14593,531,106,11,3433.61,6.442045028142589,53.2,199.0,0
16802,51,586,2,582.61,10.992641509433962,51.0,51.0,1
15302,0,637,1,308.0,20.533333333333335,0.0,0.0,1
16709,530,107,13,8042.18,29.03314079422383,44.25,105.0,0
17954,607,30,17,3523.54,5.212337278106509,37.9375,158.0,0
13727,118,519,6,746.57,11.66515625,23.8,50.0,0
15911,106,531,8,1702.34,6.572741312741313,15.285714285714286,36.0,1
14990,118,519,2,305.42,7.102790697674419,118.0,118.0,1
16705,631,6,32,39260.409999999996,66.43047377326565,20.387096774193548,70.0,0
13141,516,121,16,6680.86,17.62759894459103,34.4,84.0,0
12709,634,3,30,28587.61,66.17502314814816,21.862068965517242,51.0,0
14171,632,5,2,498.79,7.79359375,632.0,632.0,1
13983,543,94,17,6186.08,19.95509677419355,33.9375,65.0,0
17296,0,637,1,338.13,10.246363636363636,0.0,0.0,1
17631,592,44,6,886.66,15.02813559322034,118.6,294.0,0
17449,635,2,10,3927.84,7.871422845691383,70.66666666666667,145.0,0
17184,161,476,2,198.41,14.172142857142857,161.0,161.0,1
14107,634,3,10,4636.01,20.333377192982457,70.44444444444444,151.0,0
12917,602,35,6,4359.2,87.184,120.4,272.0,1
16755,615,21,7,2900.58,8.816352583586626,102.66666666666667,152.0,1
13825,108,529,2,255.59,6.38975,109.0,109.0,1
13770,308,329,4,785.37,16.361875,102.66666666666667,209.0,1
14505,620,16,17,10351.84,7.765821455363841,38.8125,95.0,0
15441,334,303,3,1254.21,22.003684210526316,167.0,306.0,1
16933,490,146,8,2842.75,10.68703007518797,70.14285714285714,150.0,0
13426,547,90,17,6084.74,22.61985130111524,34.25,84.0,0
17043,551,85,6,1206.34,9.279538461538461,110.4,174.0,0
13498,0,637,1,327.38,19.25764705882353,0.0,0.0,1
16186,626,10,23,7715.7,16.84650655021834,28.5,131.0,0
18065,546,91,23,4885.95,19.0857421875,24.863636363636363,76.0,0
17880,365,272,3,824.92,18.331555555555553,183.0,275.0,1
13848,432,205,7,3015.0,301.5,91.14285714285714,205.0,0
15077,235,402,2,2428.08,75.8775,236.0,236.0,1
13728,622,14,15,2636.05,17.45728476821192,44.5,77.0,0
15209,0,637,1,178.98,13.767692307692307,0.0,0.0,1
15841,511,125,7,2131.61,30.892898550724638,85.16666666666667,198.0,0
14134,347,290,15,11123.35,61.79638888888889,24.785714285714285,85.0,1
15465,591,46,29,11293.16,46.85958506224066,21.107142857142858,114.0,0
17603,112,525,3,1398.76,14.570416666666667,56.0,62.0,0
16143,621,15,11,4435.25,20.533564814814813,62.1,104.0,0
14942,328,309,4,746.56,39.292631578947365,109.33333333333333,191.0,1
14293,582,54,8,2960.7799999999997,26.20159292035398,83.14285714285714,304.0,0
17861,593,43,15,4328.46,8.961614906832299,42.357142857142854,97.0,0
15039,629,7,83,38308.42,14.853982163629313,7.682926829268292,28.0,0
16843,635,1,32,18184.1,33.86238361266294,20.516129032258064,95.0,0
15858,440,196,10,3337.74,8.471421319796955,48.888888888888886,78.0,0
17388,598,39,10,2385.04,43.364363636363635,66.44444444444444,152.0,0
15085,0,637,1,347.54,38.61555555555556,0.0,0.0,1
13091,0,637,2,1976.0,82.33333333333333,0.0,0.0,0
15642,0,637,1,105.77999999999999,17.63,0.0,0.0,1
14099,609,27,17,4971.46,10.466231578947369,38.0625,76.0,0
15854,589,47,18,5002.85,23.269069767441863,34.64705882352941,118.0,0
12978,344,292,5,2502.82,15.35472392638037,86.0,260.0,1
17027,550,86,7,1092.7,6.786956521739131,91.66666666666667,207.0,0
15889,572,64,8,1806.28,4.527017543859649,81.85714285714286,213.0,1
16748,511,125,12,3031.63,23.32023076923077,46.54545454545455,92.0,0
16459,0,637,1,71.78999999999999,14.357999999999999,0.0,0.0,1
13173,362,274,10,2451.64,10.659304347826087,40.22222222222222,113.0,0
15805,623,13,24,8228.75,19.271077283372364,27.08695652173913,89.0,0
15912,551,85,9,1074.7,11.31263157894737,68.875,203.0,1
16596,363,273,3,450.13,18.755416666666665,181.5,323.0,0
16663,0,636,1,165.0,165.0,0.0,0.0,1
12989,571,65,26,11096.78,188.08101694915254,22.88,60.0,0
16985,571,65,20,9037.58,44.96308457711443,30.105263157894736,87.0,0
14648,312,323,15,4546.86,9.9930989010989,22.357142857142858,69.0,1
15573,110,525,3,599.73,5.170086206896552,55.5,77.0,0
15367,483,153,9,4619.92,18.553895582329318,60.5,143.0,0
14895,619,17,28,20062.54,29.11834542815675,22.925925925925927,93.0,0
14062,616,20,21,22941.14,71.46772585669781,30.85,83.0,0
15157,574,61,4,2223.41,19.167327586206895,191.66666666666666,211.0,0
15623,588,48,8,2437.05,22.56527777777778,84.0,252.0,1
13831,590,46,16,6275.98,35.45751412429378,39.4,151.0,0
14626,606,30,9,4190.94,23.413072625698323,75.875,162.0,0
15032,472,163,8,13780.65,110.2452,67.57142857142857,126.0,1
16670,623,13,17,7174.22,16.416979405034326,38.9375,113.0,0
15882,530,106,8,1495.98,19.9464,75.85714285714286,170.0,1
17032,181,455,8,3004.6,12.571548117154812,26.0,56.0,1
12979,0,636,1,517.7,9.244642857142859,0.0,0.0,1
15738,632,4,38,12414.0,27.164113785557987,17.10810810810811,47.0,0
14043,238,398,2,304.25,7.244047619047619,238.0,238.0,1
17675,627,8,62,31959.51,34.966641137855575,10.295081967213115,27.0,0
15916,537,99,10,2747.61,11.353760330578513,59.77777777777778,165.0,0
16901,0,636,1,204.26,8.880869565217392,0.0,0.0,1
12933,557,78,7,1436.99,6.012510460251046,93.0,278.0,0
14507,627,8,9,2825.94,11.21404761904762,78.5,207.0,0
17696,620,15,26,7309.47,21.248459302325582,24.84,92.0,0
18276,336,300,5,1320.66,16.50825,84.25,131.0,0
14030,607,28,18,7559.7,9.60571791613723,35.76470588235294,157.0,0
14081,426,209,10,5370.1,5.700743099787686,47.44444444444444,192.0,1
17351,560,76,11,1828.38,29.97344262295082,56.0,154.0,0
16798,174,461,3,848.71,4.905838150289018,87.5,88.0,1
17512,607,28,16,4434.7300000000005,26.55526946107785,40.53333333333333,151.0,0
13542,352,284,17,4006.17,11.887744807121662,22.0625,49.0,1
16905,492,144,13,2785.65,14.140355329949239,41.083333333333336,111.0,0
15494,607,28,4,3608.2,10.550292397660819,202.66666666666666,357.0,0
14702,612,24,21,5149.78,9.31244122965642,30.65,119.0,0
17165,444,191,6,1794.32,17.9432,88.8,175.0,1
16293,521,115,9,3538.7,19.232065217391302,65.125,159.0,0
15769,627,9,39,74315.32,412.8628888888889,16.5,52.0,0
18172,629,6,43,15553.44,36.17079069767442,14.976190476190476,98.0,0
18268,594,41,6,1490.23,22.24223880597015,118.8,457.0,1
14519,45,591,2,206.09,5.284358974358974,45.0,45.0,1
14191,620,15,9,2391.16,20.09378151260504,77.5,334.0,0
13077,438,197,10,2912.84,9.774630872483222,48.666666666666664,133.0,0
14643,558,77,5,1679.8899999999999,27.095,139.5,259.0,1
12957,542,93,9,6404.72,17.79088888888889,67.75,202.0,0
14577,564,71,6,1161.18,7.639342105263158,113.0,287.0,0
17409,543,92,10,7793.51,74.93759615384616,60.44444444444444,173.0,1
16470,612,23,10,2235.34,5.478774509803922,68.11111111111111,166.0,0
16191,465,170,19,13123.18,89.88479452054794,25.88888888888889,182.0,0
17344,0,636,1,307.54,8.311891891891893,0.0,0.0,0
16365,605,30,13,2629.34,22.86382608695652,50.416666666666664,106.0,0
13418,629,6,28,10850.3,21.31689587426326,23.333333333333332,107.0,0
12854,487,148,6,2479.89,10.735454545454544,97.4,243.0,0
15197,475,160,5,1571.1499999999999,37.40833333333333,119.0,290.0,0
13953,612,23,10,5729.36,337.0211764705882,68.11111111111111,105.0,0
14298,629,6,75,80849.7,32.10869737887212,8.5,56.0,0
16952,618,16,5,798.78,9.077045454545454,154.75,332.0,1
13415,255,380,4,800.67,7.6987499999999995,85.33333333333333,158.0,1
13668,614,20,30,11661.22,18.45129746835443,21.20689655172414,59.0,0
14790,608,27,8,2145.6,16.89448818897638,87.0,134.0,0
17487,0,635,1,160.55,20.06875,0.0,0.0,1
17958,611,24,2,973.88,27.052222222222223,612.0,612.0,1
17754,586,49,10,3380.33,19.097909604519774,65.11111111111111,118.0,0
15898,501,134,24,5210.42,7.606452554744526,21.82608695652174,103.0,0
14130,408,226,4,1882.67,8.404776785714287,136.33333333333334,311.0,1
17860,359,276,4,1015.54,4.3773275862068965,120.0,300.0,1
12664,583,51,5,3145.64,120.98615384615384,145.75,212.0,0
16719,577,56,12,3469.31,9.08196335078534,52.54545454545455,89.0,0
16442,499,135,4,719.71,4.043314606741573,166.33333333333334,244.0,0
13317,527,106,18,5526.39,19.18885416666667,31.058823529411764,119.0,0
15196,293,340,2,316.25,7.354651162790698,294.0,294.0,1
15956,175,458,2,617.6,34.31111111111111,175.0,175.0,1
15169,344,289,2,569.22,9.647796610169491,344.0,344.0,1
14685,150,483,8,4619.79,23.69123076923077,21.428571428571427,48.0,1
15503,363,270,2,267.15,2.171951219512195,364.0,364.0,1
13026,633,0,7,1361.92,23.083389830508477,105.66666666666667,213.0,0
15144,634,0,22,9140.71,35.7058984375,30.19047619047619,74.0,0
12843,567,67,29,6578.46,29.90209090909091,20.25,118.0,0
14161,510,123,7,3318.88,10.706064516129032,85.16666666666667,147.0,1
17172,296,338,2,638.81,26.61708333333333,296.0,296.0,0
16830,284,350,3,881.59,16.95365384615385,142.0,233.0,0
16127,0,634,1,145.06,4.144571428571429,0.0,0.0,0
17539,108,525,4,1226.57,8.232013422818792,36.333333333333336,70.0,1
15944,449,184,4,2164.24,56.95368421052631,150.0,241.0,1
17211,546,87,11,3194.32,10.404951140065148,54.6,231.0,0
14514,525,108,8,3946.74,12.8978431372549,75.0,130.0,0
17066,0,633,1,228.34,12.685555555555556,0.0,0.0,1
15850,558,75,5,938.75,3.305457746478873,139.5,208.0,0
17290,344,289,6,976.2,9.665346534653466,69.0,140.0,0
13735,550,83,11,8337.67,14.835711743772242,55.1,142.0,0
12681,574,59,38,26947.32,20.712774788624134,15.54054054054054,60.0,0
17802,546,87,9,4400.5,9.26421052631579,68.25,192.0,0
15628,627,5,13,4407.42,17.216484375,52.333333333333336,111.0,0
15446,349,284,3,406.95,3.569736842105263,175.0,252.0,1
14525,626,7,15,6834.58,15.154279379157428,44.714285714285715,84.0,0
14751,41,591,2,126.44999999999999,18.064285714285713,42.0,42.0,1
12683,633,0,18,10842.4,23.21713062098501,37.294117647058826,113.0,0
13087,0,633,1,313.64,20.909333333333333,0.0,0.0,1
15562,374,259,3,673.38,19.80529411764706,187.5,302.0,1
17819,543,90,11,6376.12,64.40525252525252,54.4,140.0,0
16409,575,57,10,4719.43,6.563880389429764,64.0,92.0,0
14277,513,119,7,14647.039999999999,63.13379310344827,85.66666666666667,199.0,0
14466,610,23,11,3954.95,20.598697916666666,61.1,124.0,0
16725,424,209,14,1882.11,4.801301020408163,32.61538461538461,252.0,1
17799,626,6,19,5817.71,6.756922183507549,34.833333333333336,73.0,0
17910,0,633,1,261.7,10.065384615384614,0.0,0.0,1
16551,630,3,7,2237.12,25.421818181818182,105.16666666666667,206.0,1
15577,575,58,5,397.98,6.633,143.75,418.0,1
12346,400,233,12,77556.46,2281.0723529411766,36.36363636363637,204.0,1
12439,43,590,2,1158.18,16.085833333333333,43.0,43.0,1
13462,473,160,5,1153.85,16.251408450704226,118.25,227.0,1
13872,198,434,3,919.57,16.13280701754386,99.0,99.0,1
13013,633,0,25,11500.92,22.595127701375247,26.375,123.0,0
14977,0,633,1,31.93,7.9825,0.0,0.0,1
12472,587,46,17,16236.08,19.775980511571255,36.6875,88.0,0
16769,465,167,4,1141.75,11.4175,155.0,247.0,1
17075,472,160,9,2103.68,11.371243243243242,59.0,154.0,0
16190,330,302,7,2508.47,22.198849557522124,55.166666666666664,126.0,0
14032,556,76,11,3720.05,18.883502538071067,55.7,218.0,0
17825,126,506,4,731.96,26.141428571428573,42.333333333333336,127.0,1
15329,591,41,10,2688.63,19.2045,65.66666666666667,203.0,0
17908,351,281,5,1411.54,5.095812274368231,88.0,127.0,1
15534,0,633,1,162.25,20.28125,0.0,0.0,1
16327,526,106,14,9356.76,11.165584725536993,40.46153846153846,71.0,0
15920,571,61,9,571.64,5.292962962962963,71.375,270.0,1
12613,527,105,9,4953.21,19.972620967741936,66.0,126.0,0
17318,0,632,1,164.28,9.126666666666667,0.0,0.0,1
17965,591,41,25,6512.39,8.602892998678996,24.625,88.0,0
14401,629,3,19,5823.8,26.71467889908257,35.0,133.0,0
15188,0,632,1,310.43,13.496956521739131,0.0,0.0,1
16019,588,43,25,16631.86,47.24960227272727,24.541666666666668,109.0,0
12926,314,318,4,1548.46,5.651313868613139,104.66666666666667,213.0,1
17623,315,316,6,1856.62,11.390306748466257,63.2,156.0,0
15015,223,408,13,2365.02,7.989932432432433,18.666666666666668,35.0,1
14796,630,2,24,9460.52,7.188844984802432,27.434782608695652,154.0,0
14042,0,632,1,431.98,20.570476190476192,0.0,0.0,1
15867,612,20,28,8201.22,8.542937499999999,22.666666666666668,56.0,0
16125,358,274,14,4587.65,15.241362126245846,27.53846153846154,65.0,1
13591,520,111,6,1753.04,21.642469135802468,104.2,169.0,0
16280,0,632,1,238.04999999999998,14.878124999999999,0.0,0.0,1
12920,153,478,3,323.86,10.120625,77.0,154.0,0
17866,582,50,3,1134.95,43.651923076923076,291.5,342.0,1
13577,632,0,10,2995.48,19.707105263157896,70.33333333333333,141.0,0
16064,0,632,1,111.0,6.166666666666667,0.0,0.0,1
17416,615,17,20,15699.52,30.366576402321083,32.421052631578945,113.0,0
15640,603,29,25,20361.26,33.000421393841165,25.166666666666668,60.0,0
12992,0,632,1,93.35,15.558333333333332,0.0,0.0,1
15672,0,632,1,45.3,15.1,0.0,0.0,1
13000,618,14,4,1032.5,16.653225806451612,206.33333333333334,361.0,1
17012,0,632,1,384.16,9.146666666666667,0.0,0.0,1
16098,596,35,13,4154.96,27.699733333333334,49.666666666666664,75.0,0
16554,502,129,7,2318.73,17.04948529411765,83.66666666666667,109.0,0
13004,610,21,30,9780.03,14.36127753303965,21.03448275862069,44.0,0
15838,616,16,27,54673.42,377.05806896551724,23.692307692307693,84.0,0
17572,625,7,9,692.26,20.360588235294117,78.125,139.0,0
13902,92,539,5,34095.26,541.1946031746032,23.0,37.0,1
17213,583,48,11,4181.08,18.749237668161435,58.3,172.0,0
17251,362,270,3,812.4300000000001,10.155375000000001,181.0,342.0,1
16858,355,276,10,4668.28,34.32558823529411,39.55555555555556,75.0,1
17082,406,225,5,3365.12,29.779823008849558,101.5,231.0,0
14607,463,168,9,8063.13,63.993095238095236,57.875,206.0,0
17262,497,134,10,2459.62,129.45368421052632,55.22222222222222,134.0,0
18220,497,134,6,1921.76,76.8704,99.6,168.0,1
17625,584,47,6,5255.58,8.999280821917807,116.8,189.0,0
17233,276,355,2,369.98,11.211515151515153,276.0,276.0,0
17095,425,206,6,1792.05,18.474742268041236,85.0,157.0,0
16713,608,23,28,11608.33,10.448541854185418,22.555555555555557,68.0,0
12941,0,631,1,377.49,13.981111111111112,0.0,0.0,1
17596,588,43,10,3831.47,8.533340757238307,65.33333333333333,120.0,0
15812,617,14,12,5201.47,41.611760000000004,56.09090909090909,118.0,1
14966,336,294,5,924.52,7.578032786885246,84.25,321.0,0
15070,351,280,3,843.25,25.553030303030305,176.0,219.0,1
18260,551,80,23,9962.11,24.238710462287106,25.09090909090909,134.0,1
16749,132,498,2,4387.08,56.975064935064935,133.0,133.0,1
13405,520,111,5,1198.81,29.239268292682926,130.0,164.0,0
17797,541,90,6,1477.85,7.105048076923077,108.4,213.0,0
13823,343,287,5,2445.79,19.884471544715446,86.0,151.0,0
15566,331,300,2,227.87,18.989166666666666,332.0,332.0,1
13050,617,13,31,11017.41,11.821255364806866,20.6,58.0,0
13756,630,0,17,6990.31,23.53639730639731,39.4375,153.0,0
17816,454,176,4,97.07,1.9810204081632652,151.66666666666666,293.0,0
16308,616,15,6,4160.0,693.3333333333334,123.4,181.0,0
15785,566,65,15,5306.79,26.93802030456853,40.5,98.0,0
14897,427,204,5,1949.66,23.776341463414635,107.0,155.0,0
15527,579,52,20,4476.65,17.906599999999997,30.526315789473685,96.0,0
17368,630,0,12,2549.14,12.874444444444444,57.36363636363637,181.0,0
15637,310,321,4,574.23,22.08576923076923,103.66666666666667,142.0,0
15393,442,188,4,783.58,19.5895,147.66666666666666,286.0,0
18177,566,65,8,1913.27,22.247325581395348,81.0,305.0,0
13473,391,240,7,2476.38,40.596393442622954,65.33333333333333,242.0,0
16605,0,631,1,60.48,60.48,0.0,0.0,1
12956,417,213,4,521.89,12.425952380952381,139.33333333333334,378.0,1
12971,624,6,93,12869.3,38.99787878787878,6.795698924731183,54.0,0
13711,505,126,9,1792.26,19.48108695652174,63.25,188.0,1
15394,519,111,9,4539.7,23.16173469387755,65.0,159.0,0
14460,613,17,9,1093.5,26.035714285714285,76.75,171.0,1
14769,615,15,15,11585.07,11.550418743768693,43.92857142857143,97.0,0
15312,620,10,11,2800.14,18.182727272727274,62.0,143.0,0
17646,504,126,12,4149.79,20.242878048780486,45.81818181818182,84.0,1
13952,505,125,14,12823.52,31.353349633251835,38.92307692307692,142.0,1
15713,580,50,4,1010.79,16.57032786885246,193.33333333333334,253.0,1
16366,141,489,3,1220.83,20.347166666666666,70.5,98.0,0
18286,247,384,2,1296.43,19.349701492537314,247.0,247.0,1
17677,623,7,44,32014.03,52.22517128874388,14.488372093023257,48.0,0
13047,596,34,22,8239.63,22.698705234159778,28.38095238095238,64.0,0
14869,620,10,5,2469.85,10.7853711790393,155.0,285.0,0
16197,254,376,9,2016.71,21.68505376344086,31.75,103.0,1
13074,212,418,4,1378.74,47.54275862068965,70.66666666666667,106.0,1
13289,0,631,1,307.95,19.246875,0.0,0.0,1
16119,329,301,6,1297.45,34.14342105263158,65.8,137.0,0
13769,600,30,16,4734.15,20.145319148936167,37.11764705882353,85.0,0
15184,533,98,3,518.42,12.343333333333332,266.5,336.0,0
15499,0,631,1,161.6,3.8476190476190473,0.0,0.0,1
12586,348,282,3,1865.73,22.47867469879518,174.5,309.0,0
18012,0,630,1,115.3,8.86923076923077,0.0,0.0,1
13403,335,295,2,154.5,25.75,336.0,336.0,0
14625,527,103,11,4497.88,16.90932330827068,52.7,165.0,1
17833,0,630,1,342.36,10.69875,0.0,0.0,1
15222,404,226,11,3550.91,25.73123188405797,40.5,154.0,1
13178,589,40,18,12725.45,20.295773524720893,34.705882352941174,65.0,0
14415,625,5,19,9993.0,9.499049429657795,34.72222222222222,70.0,0
16195,0,630,1,323.25,20.203125,0.0,0.0,1
17776,336,294,2,338.56,4.0304761904761905,337.0,337.0,1
16569,92,538,4,1331.03,44.367666666666665,30.666666666666668,42.0,0
17469,614,16,15,4230.55,18.235129310344828,43.92857142857143,196.0,0
14055,616,13,3,1520.96,46.08969696969697,308.5,471.0,1
17873,538,91,17,6243.84,36.30139534883721,33.6875,92.0,0
15044,586,43,31,13706.380000000001,18.472210242587604,19.566666666666666,79.0,0
14329,614,16,12,8397.41,17.243141683778234,55.90909090909091,109.0,0
17091,624,5,17,6675.34,15.596588785046729,39.0625,87.0,0
16694,0,630,1,98.3,32.766666666666666,0.0,0.0,1
15055,248,382,3,560.07,6.589058823529412,124.5,130.0,1
18144,613,17,16,4334.8,56.2961038961039,40.93333333333333,118.0,0
13008,399,230,3,612.13,17.489428571428572,200.0,326.0,1
13941,551,79,13,8840.6,100.46136363636364,46.0,127.0,0
14092,623,7,20,5897.96,18.664430379746836,32.8421052631579,67.0,0
12867,626,3,12,6902.21,7.204812108559499,57.0,85.0,0
16742,230,400,13,2387.71,22.108425925925925,19.25,55.0,0
15498,602,28,36,21849.55,26.10459976105137,17.228571428571428,67.0,0
17402,621,9,18,4194.78,21.96219895287958,36.588235294117645,98.0,0
18201,0,630,1,447.53,16.575185185185184,0.0,0.0,1
13225,579,50,14,14095.789999999999,123.64728070175438,44.53846153846154,74.0,0
17662,60,569,2,412.92,27.528000000000002,61.0,61.0,1
15863,530,100,4,299.06,4.746984126984127,176.66666666666666,425.0,0
18186,0,630,1,329.58000000000004,29.961818181818185,0.0,0.0,1
13875,588,41,13,4452.38,18.02582995951417,49.083333333333336,86.0,0
12557,564,65,7,15726.14,291.2248148148148,94.0,176.0,0
13266,609,20,15,4836.36,20.40658227848101,43.57142857142857,157.0,0
14484,321,308,3,749.06,19.206666666666667,160.5,236.0,0
18097,595,34,10,3976.92,29.678507462686568,66.22222222222223,213.0,0
13520,585,45,10,6233.03,33.87516304347826,65.0,131.0,0
15862,610,19,12,2755.14,5.159438202247191,55.45454545454545,169.0,0
17612,627,2,17,5029.35,16.06821086261981,39.1875,83.0,0
14422,552,77,15,7040.03,18.005191815856776,39.42857142857143,107.0,0
18006,340,289,3,553.1800000000001,12.864651162790699,170.5,236.0,0
14095,0,630,1,2.95,2.95,0.0,0.0,1
16908,0,629,1,252.59,12.6295,0.0,0.0,1
13427,601,27,5,888.79,19.321521739130436,150.5,262.0,0
17103,0,629,1,424.3,13.259375,0.0,0.0,1
13203,601,28,8,2088.65,15.823106060606062,86.0,144.0,0
16439,0,629,1,310.7,34.52222222222222,0.0,0.0,1
15270,604,25,19,7995.66,49.35592592592592,33.611111111111114,180.0,0
16150,593,36,8,3751.27,18.663034825870646,84.85714285714286,142.0,0
16661,181,447,4,986.63,15.178923076923077,60.666666666666664,127.0,1
17400,595,33,8,4677.05,9.723596673596674,85.14285714285714,228.0,1
17526,431,198,11,3842.94,43.66977272727273,43.2,80.0,0
13039,138,491,4,1010.73,18.37690909090909,46.0,104.0,1
15428,334,294,3,668.97,17.60447368421053,167.5,250.0,0
16720,345,283,2,640.24,4.887328244274809,346.0,346.0,0
15879,317,311,4,1157.3,6.324043715846995,106.0,153.0,1
17638,74,554,2,842.4000000000001,280.8,74.0,74.0,1
12708,619,9,15,4632.96,17.032941176470587,44.285714285714285,78.0,0
12826,542,86,9,2299.65,17.554580152671758,67.875,213.0,0
16772,298,330,3,3723.5499999999997,53.96449275362318,149.0,277.0,1
17927,0,629,1,294.0,29.4,0.0,0.0,1
14083,595,33,9,937.75,5.328125,74.375,210.0,0
14555,419,209,5,2189.43,19.205526315789474,104.75,151.0,0
16296,95,533,4,1313.67,17.752297297297297,31.666666666666668,54.0,1
18036,616,12,10,1412.56,4.772162162162162,68.44444444444444,161.0,0
13921,319,309,4,730.7,16.606818181818184,106.33333333333333,181.0,1
12455,593,35,9,5589.45,26.87235576923077,74.25,149.0,0
13995,605,23,12,3380.22,17.07181818181818,55.09090909090909,134.0,0
12422,625,3,17,5231.8,30.417441860465118,39.125,156.0,1
16600,468,160,9,1577.35,15.932828282828282,58.5,238.0,0
17028,140,488,3,1593.83,16.777157894736842,70.0,72.0,1
16222,402,225,2,1345.22,8.407625,403.0,403.0,1
15497,401,227,8,8365.789999999999,72.11887931034482,57.42857142857143,107.0,0
14949,252,376,4,515.0,19.074074074074073,84.0,179.0,1
17324,389,239,10,2013.87,16.92327731092437,43.333333333333336,85.0,0
15409,0,628,1,131.25,14.583333333333334,0.0,0.0,1
13327,608,20,19,8990.46,28.007663551401865,33.833333333333336,74.0,0
13781,470,158,3,778.83,13.663684210526316,235.5,342.0,1
16592,584,44,22,5908.5599999999995,17.378117647058822,27.857142857142858,88.0,0
18252,549,79,6,1085.32,25.24,110.0,377.0,0
14105,482,146,5,5988.83,21.465340501792113,120.5,171.0,1
13847,0,627,1,310.72,16.353684210526318,0.0,0.0,1
15518,595,31,14,3901.25,9.051624129930394,45.76923076923077,140.0,0
17624,501,125,3,1125.45,15.631250000000001,250.5,282.0,0
13871,607,19,12,5556.84,19.91698924731183,52.25,121.0,0
12609,533,93,8,3109.74,19.681898734177214,76.14285714285714,132.0,0
14404,610,16,12,2772.31,14.001565656565656,55.54545454545455,126.0,0
13111,0,626,1,321.88000000000005,26.823333333333338,0.0,0.0,1
16282,378,247,3,1307.58,39.623636363636365,189.5,231.0,1
13510,623,2,9,3664.54,15.593787234042553,77.875,192.0,0
14119,342,283,2,183.37,16.67,343.0,343.0,1
17182,295,330,2,321.3,53.550000000000004,296.0,296.0,1
14819,525,99,3,282.81,6.017234042553191,263.0,302.0,0
14480,315,310,3,1020.47,19.624423076923076,158.0,281.0,0
17888,556,68,21,1401.44,10.537142857142857,27.85,105.0,0
18251,272,352,8,21964.14,238.74065217391305,38.857142857142854,134.0,0
12440,255,369,2,859.2,26.85,255.0,255.0,1
18190,525,99,5,745.62,17.752857142857142,131.25,273.0,1
13082,591,33,21,7335.75,56.866279069767444,29.55,94.0,1
15064,306,317,4,1254.41,15.486543209876544,102.33333333333333,142.0,1
14151,43,580,2,679.45,15.442045454545456,43.0,43.0,1
12539,454,169,6,10164.09,22.047917570498917,90.8,266.0,0
13287,101,510,3,781.59,14.746981132075472,50.5,51.0,1
13821,559,52,6,1410.73,6.749904306220095,112.0,300.0,1
16792,422,189,5,623.46,6.1123529411764705,105.5,205.0,1
17807,309,302,3,437.87,4.9198876404494385,154.5,184.0,1
14477,519,91,5,1183.0,169.0,130.0,176.0,0
14839,285,325,3,915.28,12.368648648648648,143.0,161.0,1
17950,338,272,6,1213.78,6.975747126436781,67.8,135.0,0
16875,559,52,10,3277.2,18.515254237288133,62.111111111111114,152.0,0
13901,596,15,14,5461.42,18.51328813559322,45.84615384615385,110.0,0
14198,558,52,7,1225.28,16.784657534246573,93.0,161.0,0
15521,608,2,15,6433.2699999999995,16.88522309711286,43.5,146.0,0
18171,604,6,8,2200.31,26.509759036144576,86.28571428571429,137.0,0
16017,286,324,4,1341.95,13.555050505050506,95.33333333333333,214.0,0
13253,546,64,4,2951.11,39.34813333333334,182.33333333333334,273.0,1
13338,545,65,4,2445.62,19.10640625,182.0,384.0,1
14969,0,611,1,906.23,69.71000000000001,0.0,0.0,1
15865,489,121,3,1667.72,16.191456310679612,245.0,290.0,0
13610,593,17,12,1820.21,5.070222841225627,53.90909090909091,102.0,0
13965,226,384,3,996.61,41.525416666666665,113.5,193.0,1
14954,0,610,1,167.27,4.079756097560976,0.0,0.0,0
14210,597,13,16,5861.5199999999995,17.816170212765957,39.8,92.0,1
17362,463,146,7,1024.04,7.1113888888888885,77.16666666666667,210.0,1
14194,596,13,27,12987.52,18.822492753623187,22.923076923076923,84.0,0
18008,499,110,21,19736.35,199.3570707070707,24.95,97.0,0
17753,238,371,4,390.56,5.424444444444444,79.33333333333333,223.0,1
17941,571,38,4,1433.28,204.75428571428571,190.66666666666666,460.0,1
18094,565,43,11,5776.5199999999995,51.576071428571424,56.5,155.0,0
17404,578,30,18,36878.6,158.95948275862068,34.0,94.0,0
14541,532,76,13,2353.68,13.222921348314605,44.416666666666664,116.0,0
15266,363,245,5,852.21,18.938000000000002,90.75,261.0,1
16641,596,13,2,554.5,15.402777777777779,596.0,596.0,1
16862,154,454,4,662.3299999999999,18.923714285714283,51.333333333333336,103.0,1
16888,300,308,3,437.15,8.09537037037037,150.5,276.0,1
15874,523,85,20,9086.63,29.406569579288025,27.57894736842105,103.0,0
15100,367,241,7,2894.7,160.81666666666666,61.333333333333336,308.0,1
15324,0,608,1,140.22,17.5275,0.0,0.0,1
14465,454,154,11,3946.03,19.730150000000002,45.5,126.0,1
15152,587,20,7,2901.35,18.020807453416147,98.0,514.0,0
12678,600,8,18,24934.98,82.02296052631579,35.35294117647059,118.0,0
16057,604,3,9,3135.96,17.422,75.625,235.0,0
12648,546,62,4,1112.0,17.107692307692307,182.33333333333334,283.0,1
15586,108,500,3,1139.1,29.97631578947368,54.0,67.0,1
14045,591,16,16,11313.03,297.7113157894737,39.4,228.0,1
13360,269,339,4,1553.6499999999999,23.540151515151514,89.66666666666667,217.0,1
15827,586,21,27,3556.14,16.54018604651163,22.53846153846154,79.0,0
13854,594,13,33,10289.6,66.38451612903226,18.424242424242426,91.0,0
16103,542,65,20,5918.47,31.314656084656086,28.57894736842105,156.0,0
15607,364,244,9,1708.97,15.67862385321101,45.5,207.0,1
16027,562,44,14,1889.96,55.58705882352941,43.30769230769231,155.0,0
14327,536,70,6,1894.93,17.87669811320755,107.4,219.0,1
18170,588,19,8,2553.2,21.63728813559322,84.0,157.0,0
14016,538,69,11,11403.41,25.45404017857143,53.9,88.0,1
13044,409,198,11,4853.9,11.584486873508352,40.9,201.0,1
14573,520,87,13,2621.42,6.586482412060302,43.416666666666664,172.0,1
13259,301,305,8,1141.06,4.814599156118144,43.0,175.0,0
16109,479,126,3,939.48,30.305806451612902,240.0,390.0,1
16787,300,305,4,1035.43,9.082719298245614,100.33333333333333,168.0,1
14849,603,2,35,13617.44,20.663793626707132,17.735294117647058,59.0,0
14532,462,143,11,3859.18,12.135786163522011,46.2,91.0,1
17323,574,32,9,1181.77,4.5628185328185324,71.75,115.0,0
14160,88,517,7,8421.47,78.70532710280374,14.666666666666666,19.0,1
13762,479,126,5,2472.48,70.64228571428572,120.0,375.0,1
18231,506,99,28,6880.97,17.87264935064935,18.74074074074074,118.0,1
12951,524,81,14,2901.43,16.485397727272726,40.38461538461539,71.0,0
14091,44,561,2,9530.08,733.0830769230769,44.0,44.0,1
13634,591,13,14,4282.08,12.062197183098592,45.53846153846154,136.0,0
17222,220,384,5,1250.86,14.716,55.25,112.0,0
18242,501,103,6,2066.8,23.486363636363638,100.2,232.0,0
17147,491,114,7,2458.47,24.34128712871287,81.83333333333333,141.0,0
17113,123,481,6,2322.59,14.607484276729561,24.6,72.0,1
13709,595,9,10,4202.91,17.43946058091286,66.22222222222223,147.0,0
17139,575,30,20,15767.81,25.555607779578605,30.263157894736842,101.0,0
18115,0,605,1,9.700000000000001,3.233333333333334,0.0,0.0,1
17529,87,517,2,1240.25,15.125,87.0,87.0,1
12549,121,483,6,1575.6799999999998,32.156734693877546,24.4,104.0,1
12875,554,50,5,1356.99,169.62375,138.5,219.0,1
17740,308,296,6,426.9,47.43333333333333,61.6,138.0,1
15549,539,65,7,2284.38,15.128344370860928,90.0,159.0,0
14984,516,88,5,1168.32,36.51,129.25,208.0,0
12406,513,91,4,4596.3099999999995,41.78463636363636,171.33333333333334,216.0,0
17023,280,324,3,800.18,16.33020408163265,140.0,211.0,1
13433,195,408,4,658.32,27.430000000000003,65.0,98.0,1
15186,528,75,4,1221.05,28.396511627906975,176.0,306.0,0
12939,558,45,16,21673.08,309.6154285714286,37.2,135.0,0
16841,559,44,11,3697.3,18.303465346534654,55.9,141.0,0
17945,0,604,3,360.34999999999997,5.0048611111111105,0.0,0.0,1
15299,532,71,8,6519.54,592.6854545454545,76.0,262.0,0
15002,580,23,9,4817.28,13.019675675675675,72.625,181.0,1
12623,420,183,7,3747.84,21.663815028901734,70.0,140.0,1
16422,597,7,97,58084.77,91.61635646687697,6.21875,27.0,0
13622,0,603,1,658.95,20.5921875,0.0,0.0,1
14225,261,342,4,2037.02,23.414022988505746,87.33333333333333,126.0,1
14241,512,91,2,333.7,27.808333333333334,513.0,513.0,1
17352,0,603,1,36.25,7.25,0.0,0.0,1
12649,588,14,8,2294.65,19.446186440677966,84.14285714285714,170.0,1
14137,0,603,1,332.7,30.245454545454546,0.0,0.0,1
14154,456,146,8,6460.7,22.12568493150685,65.14285714285714,169.0,1
14826,113,489,2,385.2,38.519999999999996,114.0,114.0,1
16585,101,501,2,341.59000000000003,18.977222222222224,102.0,102.0,1
15513,600,2,33,24344.47,47.828035363457765,18.78125,71.0,0
12647,568,33,33,17088.24,32.79892514395394,17.78125,91.0,0
17962,552,49,4,687.42,3.4370999999999996,184.33333333333334,407.0,1
17757,580,21,46,7137.61,7.173477386934673,12.911111111111111,35.0,0
14146,440,162,9,7163.03,23.03225080385852,55.125,188.0,0
13929,525,76,11,3494.1,61.3,52.5,157.0,1
16304,0,602,1,381.65999999999997,15.266399999999999,0.0,0.0,1
13152,277,324,7,2146.38,15.899111111111113,46.166666666666664,78.0,1
18041,591,11,33,7653.12,9.046241134751773,18.46875,53.0,0
13787,330,271,5,1019.86,16.449354838709677,82.5,101.0,0
16414,414,187,4,484.26,8.071,138.0,162.0,0
14256,434,167,5,2473.99,18.462611940298505,108.5,203.0,1
15903,467,135,7,4454.72,65.51058823529412,77.83333333333333,217.0,0
16660,483,118,5,996.26,76.63538461538461,121.0,236.0,0
14423,476,125,3,916.61,61.10733333333334,238.0,257.0,1
18134,96,505,2,445.0,15.892857142857142,96.0,96.0,1
12644,564,37,4,1918.49,17.283693693693692,188.33333333333334,301.0,1
17496,335,266,4,1412.89,19.623472222222222,112.0,205.0,1
15605,441,159,7,1428.75,17.21385542168675,73.66666666666667,215.0,0
13233,358,243,3,875.58,17.5116,179.0,274.0,0
15046,597,4,21,6583.15,18.08557692307692,29.9,87.0,0
13562,552,48,7,4248.58,25.440598802395208,92.16666666666667,156.0,0
12431,574,26,23,9245.09,26.042507042253522,26.09090909090909,78.0,0
15359,30,570,8,181.35,11.334375,4.428571428571429,14.0,1
18106,364,237,6,1461.46,7.456428571428572,72.8,173.0,1
17681,96,504,5,731.2,52.228571428571435,24.0,54.0,1
12755,413,188,11,9030.66,141.1040625,41.3,117.0,1
12789,181,420,2,181.5,45.375,181.0,181.0,0
15771,89,511,3,1006.54,35.94785714285714,44.5,81.0,1
16452,63,538,2,332.17,18.45388888888889,63.0,63.0,1
14324,283,317,2,701.61,17.112439024390245,284.0,284.0,1
17871,488,112,5,1118.99,13.164588235294119,122.25,193.0,1
12631,237,363,5,2841.07,18.69125,59.25,96.0,0
17227,520,80,9,1556.46,15.5646,65.125,112.0,0
12860,0,600,1,55.47,3.262941176470588,0.0,0.0,1
17454,500,99,10,1547.94,12.285238095238096,55.666666666666664,103.0,1
15224,334,265,5,871.36,24.896,83.75,150.0,1
12813,191,409,3,1687.8,37.50666666666667,96.0,115.0,1
15489,481,118,6,1633.59,18.776896551724136,96.4,189.0,0
14451,497,102,11,3006.18,6.464903225806451,49.7,195.0,0
14421,479,119,5,2111.44,25.136190476190478,120.0,301.0,0
17801,240,358,3,798.33,9.392117647058823,120.0,142.0,1
16595,315,283,4,1450.02,3.7275578406169667,105.0,202.0,0
13907,0,599,1,136.79999999999998,34.199999999999996,0.0,0.0,1
16510,319,279,6,2100.0,16.03053435114504,63.8,125.0,1
14420,592,6,4,1639.17,17.62548387096774,197.33333333333334,297.0,1
16524,245,353,2,308.14,5.706296296296296,245.0,245.0,1
16166,263,335,2,435.83,19.810454545454544,263.0,263.0,1
16434,594,3,9,2125.83,15.983684210526315,74.375,157.0,0
13869,567,30,10,8111.57,9.432058139534883,63.111111111111114,139.0,1
13616,122,475,2,288.1,7.786486486486487,123.0,123.0,1
17591,568,29,7,2413.87,9.319961389961389,94.83333333333333,324.0,0
14892,0,598,1,202.35,15.565384615384614,0.0,0.0,1
12877,566,32,17,2478.63,12.64607142857143,35.375,97.0,0
14441,595,2,9,3596.2,28.54126984126984,74.5,161.0,0
14754,395,203,5,1140.7,10.276576576576577,98.75,130.0,0
15747,570,27,8,2138.04,12.43046511627907,81.42857142857143,203.0,0
15795,540,57,8,1979.87,15.11351145038168,77.28571428571429,281.0,1
18057,297,300,3,1203.56,8.596857142857143,148.5,211.0,1
14461,542,55,13,6713.5,10.36033950617284,45.166666666666664,121.0,1
14442,485,112,7,5367.02,29.327978142076507,81.0,121.0,1
17966,539,58,9,1470.42,13.742242990654207,67.375,330.0,0
15164,481,115,8,1594.05,5.076592356687898,68.85714285714286,131.0,0
17048,572,25,7,2071.68,20.51168316831683,95.5,165.0,1
17773,175,421,2,585.27,10.45125,176.0,176.0,1
16954,565,32,15,5242.18,27.303020833333335,40.42857142857143,130.0,0
15375,0,597,1,60.96,10.16,0.0,0.0,1
14343,268,328,4,1088.91,4.575252100840337,89.66666666666667,125.0,1
15697,0,597,1,246.75,17.625,0.0,0.0,1
16867,0,597,1,76.74,12.79,0.0,0.0,1
16287,519,77,5,1006.98,23.975714285714286,130.0,207.0,1
15198,565,31,4,485.35,18.667307692307695,149.25,284.0,0
13877,219,377,2,332.44,16.622,219.0,219.0,0
12470,0,597,1,211.95,9.215217391304348,0.0,0.0,1
17769,550,46,11,4933.83,10.725717391304348,55.1,126.0,0
17706,589,7,26,18272.99,26.44426917510854,23.56,140.0,0
14715,594,2,7,1567.82,13.515689655172412,99.16666666666667,204.0,0
12589,544,52,7,4180.48,26.970838709677416,90.83333333333333,277.0,0
16087,300,296,5,1739.92,173.99200000000002,75.0,200.0,1
14472,585,11,9,2228.22,6.691351351351351,73.25,334.0,1
13555,487,109,11,6439.96,19.75447852760736,48.8,177.0,0
12733,455,141,4,2424.87,15.445031847133757,151.66666666666666,192.0,1
14413,326,269,4,770.37,7.781515151515151,109.0,272.0,1
13315,0,596,1,310.26,14.102727272727272,0.0,0.0,1
17245,484,112,2,371.63,14.8652,485.0,485.0,1
17307,293,302,11,3999.89,83.33104166666666,29.4,61.0,1
17963,217,378,4,651.51,5.817053571428572,72.66666666666667,143.0,1
14983,0,596,1,183.2,6.1066666666666665,0.0,0.0,1
13397,578,18,9,2875.93,35.949124999999995,72.25,140.0,0
12987,491,105,4,1057.81,20.342499999999998,163.66666666666666,223.0,0
13027,574,21,19,17335.2,201.57209302325583,31.944444444444443,86.0,1
16727,324,271,4,1437.42,6.748450704225353,108.0,229.0,1
14556,92,503,3,835.34,4.114975369458128,46.0,57.0,1
14388,567,29,13,5323.2699999999995,15.796053412462907,47.25,91.0,0
17220,589,6,17,3578.48,6.7012734082397,36.8125,182.0,0
17356,376,219,5,946.47,11.00546511627907,94.25,243.0,1
17794,1,594,2,147.3,21.042857142857144,2.0,2.0,1
15191,225,370,3,588.05,16.80142857142857,112.5,225.0,1
14649,476,119,7,2942.24,6.972132701421801,79.33333333333333,170.0,0
14595,374,220,3,587.65,15.067948717948717,187.5,235.0,0
16085,451,144,9,1687.06,6.342330827067669,56.5,119.0,0
13982,525,70,8,3803.92,17.6926511627907,75.0,163.0,0
17875,0,595,1,167.1,6.426923076923076,0.0,0.0,1
16634,465,130,6,1814.61,19.94076923076923,93.0,213.0,1
14207,0,595,1,157.8,78.9,0.0,0.0,1
15095,584,11,10,3141.64,25.335806451612903,64.88888888888889,217.0,1
12986,259,336,10,2729.84,26.763137254901963,28.77777777777778,91.0,1
14431,384,210,4,2614.2,32.27407407407407,128.33333333333334,232.0,1
14530,594,0,15,5817.61,12.702205240174672,42.42857142857143,100.0,0
14320,480,114,5,1346.75,16.626543209876544,120.25,214.0,1
14714,280,314,3,746.05,8.988554216867469,140.0,168.0,0
15910,588,6,12,2112.98,4.017072243346008,53.45454545454545,108.0,0
13527,582,12,9,3762.65,10.336950549450549,72.75,125.0,0
15885,594,0,15,1951.82,16.972347826086956,42.5,216.0,1
14064,574,20,14,3076.36,13.857477477477477,44.15384615384615,156.0,0
15296,578,16,11,9269.46,19.19142857142857,57.8,116.0,0
14439,367,227,5,9443.04,73.20186046511628,92.0,124.0,1
13543,52,541,2,1439.61,30.63,53.0,53.0,1
15682,88,506,2,318.24,12.7296,88.0,88.0,1
17320,586,7,6,2895.77,16.64235632183908,117.4,179.0,1
15126,150,444,2,449.49,17.9796,151.0,151.0,1
17180,445,148,10,2025.81,5.373501326259947,49.55555555555556,106.0,0
13413,47,547,6,429.44,9.986976744186046,9.6,38.0,1
13192,591,2,6,2558.58,15.793703703703704,118.2,330.0,1
14854,553,40,10,3864.66,19.51848484848485,61.44444444444444,116.0,0
14209,565,28,14,4796.17,21.316311111111112,43.46153846153846,73.0,0
14274,0,593,1,256.6,17.10666666666667,0.0,0.0,1
17460,592,1,16,2228.27,16.030719424460433,39.46666666666667,131.0,1
12531,0,593,1,1807.98,16.43618181818182,0.0,0.0,0
16822,0,593,1,181.39,16.49,0.0,0.0,1
13889,593,0,6,1991.23,23.990722891566264,118.8,290.0,1
14640,558,35,8,3043.04,17.692093023255815,79.85714285714286,182.0,0
14837,579,12,8,3156.38,16.525549738219897,82.71428571428571,241.0,0
17242,576,15,5,2889.2799999999997,34.396190476190476,144.0,276.0,1
17618,436,155,10,3768.44,10.38137741046832,48.44444444444444,126.0,0
17335,300,291,2,508.0,13.025641025641026,301.0,301.0,1
17780,17,574,3,352.91,4.356913580246914,8.5,17.0,1
16950,560,31,9,3384.22,25.068296296296296,70.0,243.0,0
12916,545,46,7,4654.0199999999995,25.293586956521736,91.0,165.0,1
13036,0,592,1,307.1,51.18333333333334,0.0,0.0,1
14879,0,592,1,185.06,6.854074074074074,0.0,0.0,1
12703,51,540,3,722.98,13.641132075471699,25.5,50.0,0
13249,591,0,8,1317.09,39.91181818181818,74.0,168.0,0
15727,577,14,14,8875.84,13.55090076335878,44.38461538461539,115.0,0
15711,128,464,2,420.25,16.81,128.0,128.0,1
14701,511,80,13,3971.0,7.651252408477842,42.666666666666664,162.0,0
16255,588,3,14,4469.68,8.993319919517104,45.30769230769231,101.0,0
14070,0,592,1,326.55,7.775,0.0,0.0,1
17071,550,41,10,2774.59,17.3411875,61.111111111111114,134.0,0
16523,588,3,20,7743.81,31.225040322580647,31.0,122.0,0
14522,486,105,5,1062.71,29.519722222222224,118.4,397.0,0
17141,266,325,4,754.33,4.335229885057472,88.66666666666667,266.0,1
13209,555,36,10,6773.98,23.93632508833922,61.77777777777778,153.0,0
15696,463,128,11,2808.0099999999998,17.885414012738853,46.4,124.0,0
13729,248,343,3,724.73,18.582820512820515,124.5,246.0,1
14044,580,10,9,3012.39,3.642551390568319,72.625,164.0,0
17142,445,146,4,1283.75,14.26388888888889,148.33333333333334,165.0,1
16206,559,32,12,2475.12,10.487796610169491,50.90909090909091,126.0,0
15434,577,14,9,2112.86,19.034774774774775,72.125,249.0,0
15483,522,68,10,862.2,2.9731034482758623,58.111111111111114,145.0,1
14986,307,283,2,566.9,5.669,308.0,308.0,1
17584,556,34,5,4816.57,45.872095238095234,139.0,340.0,0
14870,422,169,6,1838.95,28.29153846153846,84.4,152.0,1
14621,527,64,7,2215.12,19.430877192982454,87.83333333333333,171.0,0
15303,393,197,3,1224.18,17.741739130434784,196.5,275.0,1
13488,563,28,19,13215.95,21.736759868421053,31.27777777777778,112.0,0
17810,15,576,2,374.81,6.693035714285714,15.0,15.0,1
18199,0,591,1,344.75,17.2375,0.0,0.0,1
13477,545,45,9,2279.14,17.80578125,68.125,164.0,0
16795,318,272,3,2492.39,6.108799019607843,159.0,267.0,1
17419,539,51,14,4933.95,20.30432098765432,41.53846153846154,106.0,0
16004,208,382,5,2146.39,23.848777777777777,52.25,89.0,1
14628,441,149,4,1657.6200000000001,22.400270270270273,147.0,200.0,0
15611,579,11,21,2352.97,31.372933333333332,29.0,65.0,0
14376,0,590,1,215.46,11.97,0.0,0.0,1
12857,472,118,6,3688.0,30.479338842975206,94.6,134.0,1
14538,426,163,4,1089.09,30.252499999999998,142.33333333333334,274.0,0
17218,469,121,13,3180.54,8.176195372750643,39.083333333333336,120.0,0
13650,475,114,6,2197.18,19.61767857142857,95.0,152.0,0
15259,169,420,4,1182.3799999999999,20.74350877192982,56.666666666666664,90.0,1
13971,576,13,12,3895.21,18.20191588785047,52.36363636363637,138.0,0
12468,495,95,5,3670.74,24.4716,123.75,210.0,1
15218,566,24,19,9625.03,26.29789617486339,31.444444444444443,71.0,0
15950,576,13,8,6506.58,17.826246575342466,82.28571428571429,253.0,0
17536,505,84,3,364.83,22.801875,252.5,262.0,1
15003,209,380,6,1060.7,3.0392550143266477,41.8,153.0,1
16481,0,589,1,453.38,28.33625,0.0,0.0,1
13459,57,532,2,1160.41,15.896027397260275,58.0,58.0,1
16281,258,331,2,1361.96,61.907272727272726,259.0,259.0,0
12905,105,484,2,1018.42,18.85962962962963,106.0,106.0,1
12361,394,194,4,511.25,17.629310344827587,131.66666666666666,175.0,1
17059,572,17,8,4757.59,6.855317002881844,81.71428571428571,130.0,0
15845,537,52,8,3241.27,25.126124031007752,76.85714285714286,199.0,0
17050,585,3,11,4691.79,13.142268907563025,58.6,117.0,1
17726,286,302,7,1092.06,17.0634375,47.833333333333336,140.0,1
13514,253,336,3,663.7,39.04117647058824,127.0,151.0,0
15766,225,363,2,516.0,34.4,226.0,226.0,0
15959,0,589,3,579.49,7.4293589743589745,0.0,0.0,1
12745,195,394,3,925.41,40.235217391304346,98.0,108.0,1
12606,0,589,1,21.0,21.0,0.0,0.0,1
12404,0,589,1,63.24,63.24,0.0,0.0,1
12466,0,589,1,56.73,56.73,0.0,0.0,1
16291,0,589,1,117.72,117.72,0.0,0.0,1
12555,0,589,1,129.23,129.23,0.0,0.0,1
14912,435,154,5,1504.19,30.0838,109.0,189.0,0
12846,0,589,1,15.58,15.58,0.0,0.0,1
16047,0,589,1,107.14,107.14,0.0,0.0,1
14380,0,589,1,48.96,48.96,0.0,0.0,1
14079,557,32,2,618.73,47.59461538461539,558.0,558.0,1
17672,372,216,6,3778.3,27.578832116788323,74.6,203.0,0
15702,205,383,2,140.39,4.679666666666666,206.0,206.0,1
12570,0,589,1,77.52,77.52,0.0,0.0,1
15073,496,93,7,2606.57,17.493758389261746,82.66666666666667,214.0,0
13698,85,504,2,465.53000000000003,11.638250000000001,85.0,85.0,1
16051,0,589,1,188.44,15.703333333333333,0.0,0.0,1
14365,287,302,2,634.68,12.44470588235294,287.0,287.0,1
12873,399,189,3,2027.3,57.92285714285714,199.5,284.0,1
15695,414,174,4,1131.04,19.170169491525424,138.33333333333334,331.0,1
15798,188,400,3,1535.37,18.49843373493976,94.5,153.0,1
14551,477,111,6,819.24,10.63948051948052,95.4,207.0,0
12869,0,589,1,337.66999999999996,9.126216216216216,0.0,0.0,1
17604,464,124,6,945.93,4.504428571428571,92.8,140.0,1
15389,509,79,5,2733.8,455.6333333333334,127.25,228.0,1
16430,300,288,6,817.09,37.140454545454546,60.0,146.0,0
13048,567,21,8,3623.35,15.224159663865546,81.14285714285714,125.0,0
15797,568,20,6,2821.08,235.09,113.6,262.0,1
16320,509,79,6,5628.99,23.356804979253113,101.8,240.0,1
13101,446,141,4,695.4,13.635294117647058,149.0,264.0,1
18016,494,93,5,965.66,9.196761904761905,123.75,271.0,0
14167,516,72,7,1123.75,10.215909090909092,86.0,133.0,0
14279,160,428,2,191.86,63.95333333333334,161.0,161.0,1
12484,580,8,10,5491.58,13.361508515815085,64.55555555555556,160.0,0
17695,549,39,5,1746.04,28.623606557377048,137.25,223.0,1
17982,0,588,1,138.18,10.62923076923077,0.0,0.0,1
14672,445,142,4,1113.14,10.501320754716982,148.66666666666666,179.0,1
15563,480,108,5,2202.18,10.587403846153846,120.0,158.0,0
13820,262,325,3,660.65,7.3405555555555555,131.0,228.0,1
14613,0,587,1,76.32,76.32,0.0,0.0,1
16326,583,4,18,3254.0,10.137071651090343,34.35294117647059,99.0,0
15544,560,27,18,7388.09,14.835522088353414,33.0,93.0,0
16137,0,587,1,422.7,15.096428571428572,0.0,0.0,1
16535,294,292,2,407.84,9.06311111111111,295.0,295.0,0
18194,241,345,5,3188.2,151.8190476190476,60.5,103.0,0
13615,361,226,8,6272.53,17.091362397820163,51.714285714285715,81.0,1
15137,159,428,2,823.4,24.21764705882353,160.0,160.0,1
17905,523,64,12,2202.27,12.954529411764705,47.63636363636363,196.0,0
15861,545,42,7,2366.43,5.18953947368421,91.0,189.0,0
15192,560,27,5,1981.39,18.69235849056604,140.0,210.0,1
14469,263,323,4,2112.21,14.368775510204081,87.66666666666667,125.0,1
13851,584,3,8,4606.46,32.903285714285715,83.42857142857143,238.0,1
15487,0,587,1,231.32,16.52285714285714,0.0,0.0,1
13480,262,324,2,627.8199999999999,15.312682926829266,263.0,263.0,1
15251,572,14,17,17291.67,88.22280612244897,35.8125,173.0,0
12823,552,34,17,5966.0,350.94117647058823,34.5,127.0,0
13583,523,63,2,1445.03,15.052395833333334,524.0,524.0,1
14249,268,318,12,5625.46,19.331477663230242,24.454545454545453,78.0,1
16673,0,586,1,188.82999999999998,9.4415,0.0,0.0,1
16390,142,444,3,467.5,22.261904761904763,71.5,142.0,1
14068,357,227,4,1528.37,13.769099099099098,119.0,283.0,1
15943,28,557,2,271.28999999999996,22.607499999999998,28.0,28.0,1
16923,578,6,27,11052.26,12.307639198218263,22.23076923076923,61.0,0
16955,492,92,6,1309.4099999999999,22.972105263157893,98.6,181.0,1
15013,189,395,10,1641.3,4.623380281690141,21.11111111111111,39.0,1
15588,0,585,1,579.6,144.9,0.0,0.0,1
17137,261,323,6,1133.63,6.441079545454546,52.2,98.0,1
14481,512,72,5,2311.49,15.207171052631578,128.25,205.0,1
16014,525,59,4,997.82,3.525865724381626,175.0,269.0,0
14820,504,80,6,907.24,21.09860465116279,100.8,207.0,0
15385,284,300,2,625.2,69.46666666666667,285.0,285.0,0
12483,578,6,17,4259.66,36.40735042735042,36.1875,113.0,0
13443,228,356,6,1280.16,6.275294117647059,45.8,105.0,1
13392,0,584,1,91.14,11.3925,0.0,0.0,1
14306,298,286,4,1058.08,81.39076923076922,99.66666666666667,178.0,0
13897,238,345,2,849.56,20.227619047619047,239.0,239.0,0
15338,0,584,1,283.43,4.723833333333333,0.0,0.0,1
18212,351,233,2,546.72,9.940363636363637,351.0,351.0,1
16655,545,38,10,4622.74,9.472827868852459,60.666666666666664,146.0,0
12668,417,166,9,10562.0,21.08183632734531,52.25,138.0,0
17107,522,62,7,11594.05,23.70971370143149,87.0,123.0,0
17176,475,109,3,902.3199999999999,21.483809523809523,238.0,325.0,1
13478,207,376,5,2215.78,17.72624,52.0,91.0,1
14637,0,584,1,106.67999999999999,15.239999999999998,0.0,0.0,1
15317,0,584,1,129.75,25.95,0.0,0.0,1
15022,0,584,1,281.05,14.792105263157895,0.0,0.0,0
14370,226,358,6,1175.78,26.722272727272728,45.2,94.0,1
12810,142,442,2,534.99,16.7184375,142.0,142.0,1
14047,477,107,12,3582.34,23.882266666666666,43.36363636363637,137.0,0
12800,206,377,3,584.25,17.183823529411764,103.0,206.0,1
12711,65,519,2,1339.05,22.3175,65.0,65.0,1
15416,521,62,6,3732.83,19.961657754010695,104.2,198.0,0
17365,506,77,12,5794.43,9.888105802047782,46.09090909090909,99.0,0
13511,0,584,1,282.76,56.552,0.0,0.0,1
16415,92,491,2,509.09000000000003,4.713796296296296,93.0,93.0,0
15512,520,63,4,331.58,10.361875,173.66666666666666,286.0,1
14821,309,274,7,1286.45,17.867361111111112,51.666666666666664,235.0,1
13156,290,292,3,1586.54,15.255192307692308,145.5,283.0,1
17361,489,93,4,656.36,14.268695652173914,163.33333333333334,385.0,0
13628,0,583,1,310.14,19.38375,0.0,0.0,1
15480,559,23,5,6279.0,29.204651162790697,140.0,349.0,1
18064,543,40,11,4495.03,69.15430769230768,54.3,211.0,1
17350,282,301,3,619.97,8.266266666666667,141.0,153.0,0
15564,212,370,2,70.74000000000001,17.685000000000002,213.0,213.0,1
15803,230,352,3,1513.84,35.20558139534884,115.5,213.0,0
13584,369,214,3,392.45,4.728313253012048,184.5,192.0,1
17146,570,13,13,5860.24,19.34072607260726,47.5,158.0,1
13916,211,371,4,1275.81,17.240675675675675,70.66666666666667,120.0,1
15279,321,262,5,1580.54,16.814255319148934,80.25,128.0,1
18175,0,583,1,176.1,25.157142857142855,0.0,0.0,1
17163,229,353,2,406.68,16.2672,230.0,230.0,0
16300,245,337,3,1392.43,5.592088353413655,122.5,195.0,1
12848,0,583,1,208.0,13.0,0.0,0.0,1
13538,581,1,11,2822.63,20.306690647482014,58.1,219.0,0
17876,275,307,3,3424.02,856.005,138.0,203.0,1
13975,547,35,10,4330.2699999999995,6.895334394904458,60.77777777777778,134.0,0
17092,548,33,9,4450.25,13.777863777089783,68.625,160.0,0
16067,112,470,3,3395.29,46.510821917808215,56.5,59.0,1
12805,293,289,4,1434.95,24.74051724137931,97.66666666666667,124.0,1
15321,383,199,10,5120.89,20.320992063492064,42.55555555555556,146.0,0
15091,0,582,2,565.9,20.95925925925926,0.0,0.0,0
13553,0,582,1,517.8,5.508510638297872,0.0,0.0,1
16928,580,1,27,3669.18,11.760192307692307,22.307692307692307,205.0,0
13757,0,582,1,195.55,24.44375,0.0,0.0,1
17311,357,224,5,2738.17,28.522604166666667,89.5,139.0,0
16840,71,510,2,139.85,15.538888888888888,71.0,71.0,1
16081,489,92,6,2645.65,11.258085106382978,97.8,181.0,0
14399,280,301,8,2113.16,10.94901554404145,40.0,90.0,1
12396,0,581,1,931.43,14.329692307692307,0.0,0.0,1
15448,361,220,2,788.81,16.09816326530612,362.0,362.0,1
18101,530,50,4,515.74,6.1397619047619045,177.0,287.0,0
13619,129,452,2,231.69,4.728367346938775,130.0,130.0,1
16834,446,135,2,898.9599999999999,18.72833333333333,447.0,447.0,1
17690,572,9,16,6216.83,19.673512658227846,38.2,224.0,0
12840,530,51,7,4041.97,22.965738636363636,88.5,211.0,1
14545,0,581,1,349.25,15.184782608695652,0.0,0.0,1
15023,557,23,17,10478.24,11.90709090909091,34.875,58.0,0
14038,529,51,4,2595.92,19.372537313432836,176.33333333333334,276.0,0
15591,91,490,3,217.9,31.12857142857143,45.5,58.0,1
14497,364,216,2,697.0600000000001,17.4265,364.0,364.0,1
15732,461,119,10,1682.07,16.17375,51.22222222222222,160.0,1
13107,497,83,7,4656.67,29.85044871794872,83.0,158.0,0
12373,362,218,3,1127.65,22.110784313725492,181.0,313.0,1
16583,299,281,2,531.4,16.60625,300.0,300.0,1
17281,299,281,6,797.85,132.975,59.8,75.0,1
16383,404,175,6,2615.94,7.089268292682927,81.0,128.0,0
16412,279,301,4,495.4,4.904950495049505,93.33333333333333,195.0,0
13783,185,395,4,1542.09,154.209,62.0,82.0,1
15167,352,228,5,1659.67,5.3024600638977635,88.25,228.0,1
17138,397,183,7,4417.2699999999995,17.254960937499998,66.33333333333333,143.0,1
16986,228,352,9,3015.55,17.634795321637426,28.5,117.0,0
12500,566,14,14,3471.23,29.668632478632478,43.61538461538461,102.0,0
17309,577,2,3,330.59,8.934864864864863,289.0,292.0,1
16266,557,23,13,1657.18,16.91,46.5,217.0,0
15365,576,3,8,3204.09,21.219139072847682,82.42857142857143,219.0,0
17328,0,580,1,104.7,17.45,0.0,0.0,1
15810,502,77,7,2968.25,18.099085365853657,83.83333333333333,163.0,0
13874,314,265,7,2049.15,29.697826086956525,52.5,146.0,1
18267,0,580,1,269.37,15.84529411764706,0.0,0.0,1
12853,537,42,11,3907.5,26.402027027027028,53.8,122.0,1
13009,0,580,1,234.0,58.5,0.0,0.0,1
16147,538,41,5,2398.91,17.639044117647057,134.75,267.0,1
13658,468,111,5,4319.63,26.830000000000002,117.0,179.0,0
16704,53,525,2,695.66,11.994137931034482,54.0,54.0,1
15784,204,375,2,848.33,19.72860465116279,205.0,205.0,1
14682,484,95,6,1514.81,17.61406976744186,97.0,227.0,1
15660,536,43,12,2096.47,17.044471544715446,48.81818181818182,82.0,0
13700,578,0,11,1999.6,8.88711111111111,57.8,251.0,0
16714,451,126,4,1529.8,13.187931034482759,150.66666666666666,353.0,1
15580,293,284,8,1381.19,6.031397379912664,42.0,73.0,1
15422,347,230,7,1619.97,13.49975,57.833333333333336,117.0,1
15584,508,69,3,707.04,5.160875912408759,254.0,271.0,0
16788,547,30,5,1950.3,3.94,136.75,150.0,1
16225,520,57,14,2724.73,9.174175084175085,40.07692307692308,125.0,0
12402,347,230,6,1256.9,17.955714285714286,69.4,79.0,1
14562,543,34,14,3639.98,10.139220055710306,41.285714285714285,86.0,0
17550,472,104,9,2547.64,7.627664670658683,59.125,154.0,1
16082,0,577,1,106.75,6.671875,0.0,0.0,1
16212,386,190,3,1101.52,16.440597014925373,193.5,335.0,0
17342,290,287,4,1227.54,35.07257142857143,96.66666666666667,149.0,1
17504,463,113,18,9565.12,27.644855491329483,27.235294117647058,76.0,1
14227,473,103,12,5417.27,16.122827380952383,43.0,130.0,0
13497,386,190,6,1320.33,19.70641791044776,77.4,144.0,1
16161,529,47,36,10319.94,10.716448598130842,15.114285714285714,43.0,0
13870,567,9,12,5120.61,23.92808411214953,51.63636363636363,119.0,0
16246,209,367,2,827.25,9.294943820224718,210.0,210.0,1
13417,464,112,5,1264.66,21.43491525423729,116.0,342.0,0
13304,318,258,4,1217.99,15.61525641025641,106.0,123.0,1
13834,92,484,2,324.19,20.261875,93.0,93.0,1
14884,0,576,1,120.6,15.075,0.0,0.0,1
18070,0,576,1,314.1,34.900000000000006,0.0,0.0,1
16078,385,191,2,362.99,9.307435897435898,386.0,386.0,1
15339,350,225,6,1511.67,8.445083798882681,70.2,166.0,0
16781,297,279,2,934.25,16.683035714285715,297.0,297.0,1
17514,541,35,2,542.83,6.2394252873563225,541.0,541.0,1
17294,0,576,2,467.79,27.517058823529414,0.0,0.0,1
17647,0,576,2,198.60000000000002,39.720000000000006,0.0,0.0,0
12524,507,69,15,9762.87,46.051273584905665,36.214285714285715,133.0,0
12665,344,232,3,313.6,18.447058823529414,172.5,252.0,1
17319,0,576,1,29.099999999999998,9.7,0.0,0.0,1
17774,572,4,9,3328.05,8.11719512195122,71.625,111.0,1
15892,0,576,1,128.2,3.3736842105263154,0.0,0.0,1
13119,0,576,1,134.9,12.263636363636364,0.0,0.0,1
12370,394,182,6,3581.0299999999997,20.580632183908044,78.8,264.0,0
13131,481,95,5,2565.37,21.557731092436974,120.25,231.0,0
14609,525,50,9,1371.0,114.25,65.625,119.0,0
17577,23,552,2,348.75,16.607142857142858,23.0,23.0,1
15082,0,576,1,93.35,15.558333333333332,0.0,0.0,1
12645,559,17,7,3074.98,21.06150684931507,93.16666666666667,182.0,0
17083,559,16,9,4049.79,35.2155652173913,69.875,186.0,1
12621,568,7,30,21281.18,32.79072419106318,19.586206896551722,59.0,0
13293,276,299,6,1192.94,16.56861111111111,55.2,136.0,1
16344,510,65,4,842.42,18.313478260869566,170.0,351.0,1
17731,540,35,5,1432.62,17.686666666666664,135.0,438.0,0
13976,461,114,4,1192.3600000000001,21.29214285714286,154.0,300.0,1
13242,555,19,7,699.4,19.982857142857142,92.66666666666667,238.0,1
16419,555,20,8,1487.42,16.167608695652174,79.42857142857143,266.0,1
13985,560,14,14,5733.77,19.97829268292683,43.15384615384615,120.0,0
16873,541,34,10,11365.24,29.596979166666667,60.111111111111114,119.0,0
12663,43,532,2,239.4,23.94,44.0,44.0,1
16530,0,575,1,48.35,16.116666666666667,0.0,0.0,1
13092,456,119,11,2102.2,20.813861386138612,45.6,82.0,0
12932,128,446,8,1698.56,17.87957894736842,18.285714285714285,45.0,1
18058,126,448,2,603.9,46.45384615384615,126.0,126.0,0
15176,0,575,1,988.04,19.00076923076923,0.0,0.0,1
13164,98,476,2,372.2,37.22,98.0,98.0,1
12776,0,575,1,55.5,13.875,0.0,0.0,1
17201,143,431,3,899.41,6.160342465753424,72.0,118.0,0
17575,0,574,1,171.7,34.339999999999996,0.0,0.0,1
12474,568,6,26,9410.72,17.656135084427767,22.72,63.0,0
16577,0,574,1,380.0,16.52173913043478,0.0,0.0,1
12670,567,6,5,2398.71,29.613703703703703,142.0,281.0,0
15765,0,574,1,370.63,14.8252,0.0,0.0,1
12567,570,3,14,12158.56,21.78953405017921,43.84615384615385,107.0,0
14115,165,409,2,622.67,28.303181818181816,165.0,165.0,1
14072,0,574,1,390.85,20.571052631578947,0.0,0.0,1
16992,567,6,11,4834.54,19.18468253968254,56.8,130.0,0
14301,549,24,4,1992.1799999999998,37.58830188679245,183.0,299.0,1
17685,399,174,10,4264.36,30.901159420289854,44.44444444444444,104.0,0
12677,111,462,2,395.1,18.814285714285717,111.0,111.0,1
13696,244,329,3,2020.4,84.18333333333334,122.5,170.0,1
14190,0,573,1,79.9,79.9,0.0,0.0,1
15244,418,155,2,578.45,19.946551724137933,418.0,418.0,0
13288,223,350,5,927.61,92.761,55.75,132.0,1
13551,346,226,2,244.20000000000002,48.84,347.0,347.0,1
16839,556,17,32,16585.42,59.44594982078853,17.967741935483872,68.0,0
15807,257,315,2,913.62,22.8405,258.0,258.0,0
16978,0,573,2,424.55,15.1625,0.0,0.0,0
13629,567,6,16,11296.86,144.83153846153846,37.8,75.0,0
13291,510,63,11,3320.84,10.124512195121952,51.1,259.0,1
16553,502,70,33,16644.01,56.80549488054607,15.71875,123.0,1
13815,493,79,6,6426.13,20.335854430379747,98.6,146.0,0
16895,227,346,4,902.28,8.845882352941176,75.66666666666667,108.0,0
15293,0,573,1,247.5,13.026315789473685,0.0,0.0,1
15504,144,428,3,371.02,6.625357142857142,72.5,86.0,0
12695,557,14,5,1158.92,22.723921568627453,139.5,318.0,0
13223,464,107,6,969.12,74.5476923076923,93.0,191.0,1
17226,356,216,3,900.12,14.756065573770492,178.5,221.0,1
17547,289,283,2,727.85,23.479032258064517,290.0,290.0,1
15278,103,469,4,496.16,17.10896551724138,34.666666666666664,104.0,1
15288,509,63,9,3582.97,20.831220930232558,63.75,149.0,0
12976,453,119,8,3156.38,20.495974025974025,64.85714285714286,167.0,1
17258,268,304,2,417.3,7.587272727272728,269.0,269.0,1
17955,466,106,6,949.9,43.17727272727273,93.4,436.0,1
17029,553,18,7,2137.3,73.7,92.16666666666667,146.0,1
15372,526,44,8,6017.06,105.56245614035089,75.14285714285714,313.0,1
13446,233,337,11,3881.89,20.218177083333334,23.3,55.0,1
16608,209,361,2,1288.72,10.56327868852459,210.0,210.0,1
15561,513,57,7,1583.47,19.549012345679014,85.66666666666667,168.0,0
17108,0,571,1,174.95,19.438888888888886,0.0,0.0,1
15425,263,307,4,1944.57,13.503958333333333,87.66666666666667,128.0,1
15538,125,445,6,3358.4,239.8857142857143,25.2,60.0,1
16136,385,185,2,396.72,23.336470588235297,386.0,386.0,0
13587,214,356,3,961.1,43.68636363636364,107.0,214.0,0
14970,526,44,11,4447.04,46.32333333333333,52.6,121.0,0
15272,213,357,4,1363.54,5.58827868852459,71.0,91.0,0
17285,34,535,2,428.34,8.741632653061224,35.0,35.0,1
13421,373,197,7,3077.08,13.263275862068966,62.166666666666664,127.0,0
17340,542,27,14,17645.18,27.963835182250396,41.76923076923077,112.0,0
16838,465,104,4,1159.6100000000001,19.65440677966102,155.33333333333334,242.0,1
15964,0,570,1,272.96,12.998095238095237,0.0,0.0,1
14909,226,344,3,1404.68,17.558500000000002,113.0,127.0,1
18179,410,159,6,1857.54,25.445753424657532,82.2,186.0,0
14943,0,570,1,107.62,21.524,0.0,0.0,1
12426,468,102,2,1345.21,17.470259740259742,468.0,468.0,1
12391,198,372,5,2312.53,12.776408839779007,49.5,133.0,0
14282,552,17,19,6615.76,34.45708333333334,30.72222222222222,101.0,0
12380,476,93,8,7559.04,36.16765550239234,68.14285714285714,280.0,0
16330,550,19,6,431.38,4.493541666666666,110.0,312.0,0
17136,0,569,1,231.68,16.548571428571428,0.0,0.0,1
15371,0,569,1,59.4,59.4,0.0,0.0,1
16544,142,427,4,376.7,34.24545454545454,47.666666666666664,143.0,1
16860,209,360,3,1610.62,37.45627906976744,105.0,126.0,1
17241,276,292,12,2744.14,16.047602339181285,25.181818181818183,67.0,1
17442,568,1,14,4293.43,16.324828897338403,43.76923076923077,91.0,0
17644,541,27,16,4758.59,18.372934362934362,36.06666666666667,134.0,0
15323,99,470,3,434.6,14.986206896551725,49.5,50.0,1
13802,523,46,19,26259.11,58.61408482142857,29.055555555555557,116.0,1
14369,19,549,2,469.13,18.04346153846154,19.0,19.0,1
16359,567,2,14,2358.06,20.684736842105263,43.61538461538461,116.0,0
14989,0,569,1,342.4,19.022222222222222,0.0,0.0,1
16584,407,161,4,2839.5299999999997,41.15260869565217,135.66666666666666,178.0,0
13407,83,486,3,2244.7,26.408235294117645,41.5,62.0,1
17171,372,196,2,384.59000000000003,15.383600000000001,372.0,372.0,1
14639,541,27,7,3983.7,16.95191489361702,90.16666666666667,171.0,0
17778,0,569,1,197.7,19.77,0.0,0.0,1
17789,379,188,2,397.15,13.694827586206896,380.0,380.0,1
15325,557,11,8,1602.01,7.120044444444445,79.71428571428571,292.0,1
12960,247,321,4,1322.07,18.886714285714284,82.66666666666667,94.0,1
13503,181,386,5,1688.54,9.328950276243093,45.5,105.0,0
12972,247,321,4,1161.2,15.08051948051948,82.66666666666667,169.0,1
17931,527,41,14,3437.29,9.628263305322129,40.53846153846154,142.0,1
13842,505,63,16,4409.56,15.692384341637013,33.733333333333334,77.0,0
16911,25,543,2,255.25,7.292857142857143,26.0,26.0,1
16774,544,23,7,1475.1299999999999,12.396050420168066,90.83333333333333,245.0,0
14944,566,2,14,7048.61,27.75043307086614,43.53846153846154,125.0,0
13659,455,113,12,4894.88,17.799563636363636,41.36363636363637,115.0,1
18285,0,568,1,427.0,35.583333333333336,0.0,0.0,1
14244,0,568,1,366.41999999999996,22.901249999999997,0.0,0.0,1
17560,565,2,8,1895.8,34.46909090909091,80.85714285714286,119.0,1
13613,207,360,5,1039.85,17.624576271186438,52.0,174.0,1
14276,561,6,7,2102.68,17.377520661157025,93.66666666666667,176.0,1
17426,484,83,10,6319.74,19.445353846153846,53.888888888888886,170.0,0
14584,491,76,8,1747.91,7.9090950226244345,70.14285714285714,223.0,1
16447,524,43,3,775.14,10.618356164383561,262.5,455.0,1
16938,480,87,8,6717.55,8.24239263803681,68.71428571428571,128.0,0
18218,448,118,4,1142.0,29.28205128205128,149.66666666666666,315.0,1
14322,230,336,4,474.1,36.46923076923077,76.66666666666667,207.0,1
14495,538,28,2,91.6,30.53333333333333,538.0,538.0,0
14890,406,161,3,817.25,14.337719298245615,203.0,365.0,1
13773,263,304,2,301.54,15.870526315789474,263.0,263.0,1
13020,97,470,2,618.96,15.870769230769232,97.0,97.0,1
12993,539,28,7,1217.27,16.674931506849315,89.83333333333333,186.0,0
13431,253,313,6,2047.1399999999999,24.664337349397588,50.6,89.0,0
12898,195,371,2,310.96,9.7175,196.0,196.0,1
16170,546,20,19,6544.61,15.694508393285371,30.38888888888889,147.0,0
13579,290,276,4,1236.7,16.272368421052633,96.66666666666667,204.0,0
14152,425,141,6,1690.56,14.96070796460177,85.0,165.0,0
18178,530,36,11,6103.74,17.43925714285714,53.1,91.0,1
17763,395,170,4,86.15,6.153571428571429,132.0,390.0,1
12891,473,93,11,840.5,76.4090909090909,47.4,166.0,1
15693,0,566,1,37.5,37.5,0.0,0.0,1
17721,0,566,1,307.21000000000004,27.928181818181823,0.0,0.0,1
18153,0,566,1,246.22,14.483529411764707,0.0,0.0,1
14783,0,566,1,307.3,18.076470588235296,0.0,0.0,1
18257,544,21,9,3825.39,16.073067226890757,68.125,150.0,0
15306,566,0,8,2967.45,22.145149253731343,81.0,352.0,0
16487,81,484,2,209.4,5.982857142857143,82.0,82.0,1
14686,245,321,5,885.83,3.769489361702128,61.25,245.0,1
13333,247,318,3,1015.74,18.468,123.5,201.0,1
13957,240,325,3,458.25,16.97222222222222,120.5,155.0,1
16574,234,331,2,850.34,14.661034482758621,235.0,235.0,0
13604,0,566,1,717.62,34.172380952380955,0.0,0.0,1
17145,145,420,4,3120.91,17.33838888888889,48.666666666666664,137.0,1
13662,446,119,10,1885.29,15.842773109243698,49.55555555555556,126.0,0
13552,534,31,19,6001.76,34.29577142857143,29.72222222222222,113.0,0
13191,0,565,1,164.69,2.79135593220339,0.0,0.0,1
18283,562,3,16,1762.44,2.6033087149187595,37.53333333333333,144.0,0
12416,0,564,1,202.56,18.414545454545454,0.0,0.0,1
13761,476,87,5,1373.23,16.347976190476192,119.25,323.0,0
14878,483,81,22,3702.72,11.085988023952096,23.0,66.0,0
15988,105,459,2,612.06,6.000588235294117,105.0,105.0,0
15182,502,61,11,2998.95,23.9916,50.2,117.0,1
16693,384,179,4,875.01,6.433897058823529,128.33333333333334,140.0,0
15774,238,325,5,1059.14,12.03568181818182,59.5,84.0,0
16948,517,46,7,868.77,20.203953488372093,86.33333333333333,123.0,1
13980,216,346,4,599.78,11.107037037037037,72.33333333333333,90.0,0
17332,128,435,5,838.27,8.823894736842105,32.0,51.0,1
15928,0,563,1,293.53,26.684545454545454,0.0,0.0,1
12945,367,195,2,900.11,17.64921568627451,368.0,368.0,1
16450,506,57,3,1505.73,35.016976744186046,253.5,435.0,1
14602,0,563,1,205.36,6.6245161290322585,0.0,0.0,1
16273,7,555,2,336.03999999999996,21.002499999999998,8.0,8.0,1
13540,188,374,3,632.39,19.7621875,94.0,188.0,1
12360,543,20,7,3209.11,19.687791411042944,90.5,179.0,0
13434,559,4,4,1205.46,40.182,186.33333333333334,289.0,0
12389,253,310,3,1433.33,29.251632653061222,126.5,165.0,1
16619,391,171,4,1938.33,16.709741379310344,130.66666666666666,215.0,1
14997,477,85,2,385.68,18.365714285714287,477.0,477.0,0
17439,0,563,1,325.74,40.7175,0.0,0.0,1
13217,533,29,4,666.48,133.296,177.66666666666666,499.0,1
17195,0,562,1,562.98,18.160645161290322,0.0,0.0,1
17081,259,303,4,674.23,4.494866666666667,86.66666666666667,127.0,0
15754,408,154,7,2670.84,24.503119266055048,68.16666666666667,247.0,0
17259,507,55,6,1889.34,5.725272727272727,101.4,220.0,1
15673,498,64,8,5638.16,23.01289795918367,71.28571428571429,124.0,0
16071,127,434,3,750.56,14.433846153846153,64.0,99.0,0
13340,549,13,10,20593.62,106.70269430051813,61.111111111111114,141.0,0
17829,356,206,5,4756.74,27.817192982456138,89.25,178.0,1
13513,528,34,3,824.59,20.61475,264.5,315.0,1
12727,559,2,9,5036.53,27.98072222222222,69.875,122.0,0
17667,492,69,8,3646.2,17.199056603773585,70.42857142857143,137.0,0
13330,562,0,6,2806.18,23.781186440677963,112.4,140.0,1
15493,505,57,7,3631.93,6.627609489051094,84.16666666666667,119.0,0
16416,264,297,6,1921.48,16.56448275862069,52.8,148.0,0
13052,442,119,7,3168.53,12.523833992094863,73.66666666666667,208.0,1
14726,0,562,1,124.75,6.565789473684211,0.0,0.0,1
15295,0,561,1,217.24,4.098867924528302,0.0,0.0,1
13772,557,4,7,2668.31,5.294265873015873,93.0,161.0,0
15241,527,34,9,2638.58,15.991393939393939,65.875,147.0,0
14112,523,38,10,4820.26,17.464710144927537,58.22222222222222,176.0,0
13490,0,561,1,154.25,19.28125,0.0,0.0,1
15955,547,14,16,6705.75,25.021455223880597,36.53333333333333,129.0,0
14681,442,119,4,770.15,42.78611111111111,147.33333333333334,257.0,0
15290,550,11,20,5945.65,29.003170731707314,28.94736842105263,72.0,0
16388,0,561,1,186.05,14.311538461538463,0.0,0.0,1
12482,77,483,29,23691.4,116.1343137254902,2.75,42.0,1
16406,203,358,2,389.61,4.01659793814433,203.0,203.0,0
12998,160,400,3,920.0799999999999,15.863448275862067,80.5,118.0,1
15439,248,312,4,1269.05,22.264035087719297,83.0,229.0,1
14284,0,561,1,704.4,20.125714285714285,0.0,0.0,0
12909,451,109,6,2452.89,18.5825,90.4,171.0,0
15659,266,294,2,226.04,22.604,267.0,267.0,0
13765,0,560,1,352.82,20.754117647058823,0.0,0.0,1
15058,528,32,12,2530.7,9.963385826771653,48.09090909090909,125.0,0
16208,363,196,9,3273.78,14.42193832599119,45.5,105.0,0
13944,0,560,1,200.43,5.726571428571429,0.0,0.0,1
14535,526,34,8,4820.45,6.818175388967468,75.14285714285714,147.0,0
13469,0,560,1,82.4,13.733333333333334,0.0,0.0,1
13104,520,40,6,987.06,70.50428571428571,104.0,134.0,0
17358,350,210,5,866.05,5.891496598639455,87.5,242.0,1
16118,0,560,1,4376.25,106.73780487804878,0.0,0.0,1
14006,536,23,7,2196.67,28.528181818181817,89.5,216.0,1
16471,377,182,4,1189.98,19.193225806451615,126.0,175.0,1
14740,455,104,11,4161.06,18.013246753246754,45.5,126.0,1
18009,417,142,8,2155.83,11.910662983425414,59.57142857142857,307.0,1
17863,507,52,10,4370.48,20.2337037037037,56.333333333333336,109.0,0
13334,461,98,4,5458.77,12.78400468384075,154.0,231.0,0
13771,453,106,7,4559.22,27.300718562874252,75.5,286.0,0
13240,556,3,8,1738.52,7.526060606060606,79.42857142857143,189.0,1
14402,0,559,1,285.6,35.7,0.0,0.0,1
17200,264,294,4,356.71,14.2684,88.33333333333333,265.0,1
13935,55,504,3,6116.92,76.4615,28.0,36.0,1
16677,240,318,2,880.62,18.73659574468085,241.0,241.0,1
17534,200,358,4,1445.47,17.415301204819276,67.0,93.0,0
13652,395,164,4,2114.0099999999998,15.776194029850744,132.0,224.0,0
14770,419,139,8,3637.64,18.465177664974618,60.0,144.0,1
17207,0,559,1,303.21999999999997,4.525671641791044,0.0,0.0,1
17883,405,153,4,443.43,8.8686,135.33333333333334,293.0,0
17011,4,554,2,400.8,30.83076923076923,4.0,4.0,0
15366,293,265,6,1892.11,18.550098039215687,58.6,108.0,0
16631,170,389,7,1892.52,23.6565,28.333333333333332,48.0,1
15124,459,99,3,357.38,14.2952,230.0,285.0,0
13598,156,402,4,609.42,10.329152542372881,52.0,84.0,0
14177,556,3,12,1979.34,9.562028985507245,50.54545454545455,202.0,0
16913,361,197,3,423.91,23.550555555555558,180.5,361.0,1
14459,496,62,2,5375.74,47.5729203539823,496.0,496.0,1
15477,0,557,1,368.4,184.2,0.0,0.0,1
15569,545,11,10,3586.35,25.255985915492957,60.666666666666664,201.0,1
15149,515,41,5,1554.61,22.530579710144927,129.0,443.0,1
14807,259,298,2,519.29,12.982249999999999,259.0,259.0,1
18046,0,557,1,189.63,7.293461538461538,0.0,0.0,1
17760,276,280,5,803.88,13.398,69.0,211.0,0
15990,362,194,6,1619.31,10.723907284768211,72.4,207.0,0
15664,200,356,3,867.6,16.369811320754717,100.0,132.0,0
16939,160,396,3,449.0,10.204545454545455,80.5,133.0,1
13561,433,123,11,1820.72,7.814248927038626,43.4,182.0,1
16283,528,28,6,3419.36,6.8250698602794415,105.8,210.0,0
17373,515,41,5,807.88,13.03032258064516,128.75,207.0,0
18069,468,87,9,3497.76,4.548452535760728,58.625,106.0,0
14798,504,51,7,647.97,14.399333333333335,84.0,166.0,0
12598,487,69,7,3095.39,22.594087591240875,81.16666666666667,183.0,0
13010,274,281,2,330.12,27.51,274.0,274.0,1
15219,472,83,2,685.45,26.36346153846154,472.0,472.0,1
14131,0,556,1,187.87,3.6128846153846155,0.0,0.0,1
16511,503,52,5,1451.46,5.7144094488188975,126.0,204.0,0
16037,378,177,5,1509.34,21.258309859154927,94.75,186.0,1
13018,555,0,25,7561.17,15.98556025369979,23.166666666666668,132.0,0
17305,0,556,1,2135.46,237.27333333333334,0.0,0.0,1
16521,232,322,3,1148.01,4.803389121338912,116.5,233.0,1
16519,283,272,3,444.88,13.08470588235294,141.5,163.0,0
17359,0,555,1,156.6,6.808695652173912,0.0,0.0,0
16731,0,555,1,174.05,4.047674418604651,0.0,0.0,1
14257,524,30,8,5580.57,23.84858974358974,75.0,147.0,0
15603,0,555,1,40.0,20.0,0.0,0.0,0
17116,0,555,1,389.78,8.293191489361702,0.0,0.0,1
13911,503,51,19,4091.71,17.48594017094017,28.0,97.0,0
17330,103,452,2,59.900000000000006,29.950000000000003,103.0,103.0,0
12731,503,51,13,18204.05,61.087416107382545,41.916666666666664,78.0,0
16946,264,290,5,1222.04,16.293866666666666,66.0,128.0,1
17477,34,520,2,1144.3,26.00681818181818,35.0,35.0,1
13797,210,344,3,1179.45,15.121153846153847,105.5,132.0,1
13126,394,160,10,2976.0299999999997,16.813728813559322,43.77777777777778,96.0,0
14818,478,76,5,922.24,10.97904761904762,119.5,205.0,0
15927,0,554,1,123.39,7.258235294117647,0.0,0.0,1
16960,394,160,6,1737.91,4.197850241545894,79.0,153.0,0
12525,149,405,3,973.73,16.228833333333334,74.5,91.0,1
16177,210,344,7,1915.3600000000001,18.595728155339806,35.166666666666664,79.0,0
12809,469,85,3,1755.94,21.67827160493827,235.0,388.0,1
15606,528,26,16,4750.21,35.71586466165414,35.2,84.0,0
13593,538,15,14,5523.69,13.472414634146341,41.46153846153846,101.0,1
16520,460,93,6,2482.62,5.982216867469879,92.2,165.0,1
13793,0,554,1,96.0,13.714285714285714,0.0,0.0,1
13663,467,86,5,2047.51,20.681919191919192,116.75,224.0,1
16947,410,143,5,955.21,18.022830188679247,102.75,227.0,1
16099,508,45,6,1433.4,23.11935483870968,101.8,192.0,0
18148,0,554,1,114.1,10.372727272727273,0.0,0.0,1
17020,104,449,2,935.62,13.559710144927536,104.0,104.0,1
13873,526,27,8,1038.92,17.315333333333335,75.28571428571429,142.0,1
13294,456,97,3,1689.53,16.564019607843136,228.5,397.0,1
12594,525,28,13,4281.79,24.607988505747127,43.75,103.0,0
16461,468,85,3,1615.22,6.00453531598513,234.5,413.0,1
16636,207,345,4,3802.04,52.0827397260274,69.33333333333333,144.0,1
13214,228,325,7,3264.23,14.254279475982532,38.166666666666664,55.0,1
13722,514,39,10,5635.41,29.816984126984128,57.22222222222222,151.0,1
13595,129,424,3,818.22,5.383026315789474,65.0,67.0,1
14142,273,280,2,983.15,14.896212121212121,273.0,273.0,1
18152,0,553,1,426.69,42.669,0.0,0.0,1
16285,0,553,1,176.9,5.706451612903226,0.0,0.0,1
14157,360,192,4,847.07,10.588375000000001,120.33333333333333,229.0,0
15875,0,553,1,111.72,4.4688,0.0,0.0,1
13835,490,62,5,798.04,15.960799999999999,122.5,304.0,0
13377,249,304,2,1552.88,19.90871794871795,249.0,249.0,1
17049,528,25,15,6894.15,18.335505319148936,37.714285714285715,100.0,0
15622,448,104,13,6745.05,17.796965699208442,37.333333333333336,145.0,0
17930,483,69,10,3228.88,47.48352941176471,53.666666666666664,154.0,0
15084,266,287,2,965.1999999999999,31.13548387096774,266.0,266.0,1
14097,164,388,2,422.86,10.5715,164.0,164.0,1
18151,511,42,6,1879.44,17.730566037735848,102.2,155.0,1
13879,0,553,1,395.5,15.82,0.0,0.0,1
17663,491,62,14,4389.45,21.94725,37.76923076923077,130.0,0
16859,500,52,7,1932.41,17.567363636363638,83.5,155.0,1
18272,531,21,7,3413.85,19.619827586206895,88.66666666666667,302.0,0
17847,129,423,2,129.69,14.41,130.0,130.0,1
14018,0,552,1,367.15,28.24230769230769,0.0,0.0,1
14426,504,48,13,10131.85,18.288537906137186,42.083333333333336,98.0,0
13881,549,3,34,37418.26,93.54565000000001,16.666666666666668,64.0,0
17159,473,79,3,1089.16,18.46033898305085,237.0,306.0,0
16096,380,171,4,1584.97,24.01469696969697,127.0,172.0,1
14748,521,31,9,2855.34,16.131864406779663,65.25,156.0,0
15030,376,175,7,1614.39,55.66862068965518,62.833333333333336,123.0,0
17448,147,404,46,14556.97,13.032202327663384,3.2888888888888888,28.0,1
12371,235,316,3,2179.42,20.95596153846154,118.0,236.0,0
17718,412,139,2,439.18,19.094782608695652,412.0,412.0,1
12399,525,26,7,1962.3,17.83909090909091,87.5,134.0,1
13280,522,29,7,2322.63,11.060142857142857,87.0,216.0,1
12568,0,552,1,70.0,14.0,0.0,0.0,1
13476,466,86,5,2061.47,19.447830188679244,116.5,158.0,1
12497,244,308,2,5205.4,121.05581395348837,244.0,244.0,0
18226,524,28,24,10901.86,22.999704641350213,22.782608695652176,88.0,0
14957,391,160,2,333.28999999999996,11.492758620689655,391.0,391.0,1
14186,217,334,5,1550.6299999999999,14.909903846153846,54.25,94.0,1
13544,404,148,5,660.5,3.0022727272727274,101.0,171.0,0
13515,527,24,5,898.66,17.281923076923075,131.75,202.0,0
15094,181,370,2,83.0,16.6,181.0,181.0,1
17190,437,114,6,1493.3,8.436723163841808,87.4,196.0,0
17006,252,299,4,854.54,9.936511627906976,84.0,215.0,0
15630,439,112,2,691.91,16.875853658536585,440.0,440.0,0
15978,211,339,2,2180.64,27.258,212.0,212.0,0
14852,547,3,17,5498.91,19.996036363636364,34.25,172.0,0
15929,0,551,1,594.0,594.0,0.0,0.0,1
14233,432,119,6,2400.65,41.390517241379314,86.6,148.0,0
13799,527,24,9,2803.57,26.448773584905663,66.0,178.0,1
16331,210,339,6,2037.7,59.932352941176475,42.0,170.0,1
14172,37,512,3,402.71999999999997,7.457777777777777,18.5,33.0,1
13201,140,409,4,1240.61,14.097840909090907,46.666666666666664,78.0,1
13508,399,151,2,287.05,10.251785714285715,399.0,399.0,1
16271,516,33,8,2926.81,11.70724,73.71428571428571,216.0,0
15443,533,16,9,2623.82,7.762781065088758,66.625,211.0,0
14205,378,171,8,2170.4,19.2070796460177,54.0,130.0,0
14877,224,325,2,437.0,6.621212121212121,224.0,224.0,1
18253,0,550,1,317.88,45.41142857142857,0.0,0.0,1
13764,498,51,5,2377.13,7.768398692810458,124.5,232.0,0
17236,463,86,11,1710.8600000000001,13.57825396825397,46.3,115.0,0
17589,491,58,17,13488.77,10.612722265932337,30.6875,145.0,0
17734,505,44,5,1281.9,16.867105263157896,126.5,292.0,0
13276,542,7,4,1485.71,6.573938053097345,181.0,298.0,0
16466,538,10,13,3237.31,11.048839590443686,44.916666666666664,91.0,0
12530,518,31,8,3318.63,24.04804347826087,74.14285714285714,117.0,0
15631,0,549,1,596.67,15.299230769230768,0.0,0.0,1
18029,0,549,1,433.77,24.098333333333333,0.0,0.0,1
16984,512,37,8,9499.58,9.471166500498505,73.14285714285714,274.0,0
16310,227,321,2,460.08,16.431428571428572,228.0,228.0,1
16534,0,549,1,635.9,17.663888888888888,0.0,0.0,1
17158,409,140,4,1411.58,16.606823529411763,136.66666666666666,187.0,0
12369,228,320,3,1791.1499999999999,19.259677419354837,114.0,192.0,1
14493,486,62,6,3358.13,12.300842490842491,97.2,235.0,0
15847,353,195,4,613.98,17.542285714285715,117.66666666666667,198.0,0
17298,540,8,5,957.5600000000001,13.679428571428572,135.0,250.0,1
15791,437,111,4,3218.89,22.047191780821915,145.66666666666666,325.0,0
12765,169,379,6,1404.58,20.65558823529412,33.8,60.0,1
17682,526,22,10,3881.8,18.573205741626793,58.44444444444444,121.0,0
12825,120,428,2,518.63,21.609583333333333,120.0,120.0,1
17325,361,187,3,609.5699999999999,15.629999999999999,180.5,231.0,1
16754,269,279,29,67502.47,475.36950704225353,9.607142857142858,35.0,1
13157,500,48,8,4819.34,23.281835748792272,71.42857142857143,111.0,0
17542,371,177,3,341.7,5.256923076923076,186.0,372.0,1
17857,542,6,15,16057.72,472.28588235294114,38.785714285714285,276.0,0
12514,374,174,2,1597.76,19.02095238095238,374.0,374.0,1
17960,470,78,3,135.08,3.6508108108108113,235.0,351.0,1
16628,534,14,6,1749.89,18.419894736842107,107.0,234.0,0
17289,461,87,7,1302.34,6.4472277227722765,76.83333333333333,196.0,0
17025,268,280,4,1313.84,34.57473684210526,89.33333333333333,231.0,0
16537,0,548,1,23.35,5.8375,0.0,0.0,1
17488,0,548,1,336.5,18.694444444444443,0.0,0.0,1
16681,496,52,5,1484.18,38.055897435897435,124.25,388.0,0
13454,0,548,1,219.87,9.559565217391304,0.0,0.0,1
16275,444,104,3,2151.11,19.37936936936937,222.5,278.0,1
16568,213,335,2,1020.9,204.18,214.0,214.0,1
18245,491,56,19,5430.73,13.475756823821339,27.333333333333332,101.0,0
17002,425,123,6,2071.34,31.866769230769233,85.2,153.0,0
17438,387,161,5,1422.77,20.03901408450704,97.0,191.0,1
15250,0,548,1,60.0,20.0,0.0,0.0,1
16182,510,37,8,8198.0,204.95,72.85714285714286,144.0,0
17266,493,55,3,320.15,5.00234375,246.5,352.0,0
15437,378,169,2,393.45,6.902631578947368,378.0,378.0,1
12495,0,548,1,357.4,21.023529411764706,0.0,0.0,1
15921,468,80,4,802.11,9.663975903614459,156.0,224.0,1
18039,266,281,4,579.17,3.4474404761904758,88.66666666666667,166.0,1
17907,0,548,1,291.76,22.443076923076923,0.0,0.0,1
14147,354,193,8,2289.6,84.8,50.714285714285715,133.0,0
13627,463,83,5,1634.43,16.182475247524753,116.0,153.0,0
16854,223,324,2,1408.96,18.786133333333336,223.0,223.0,1
13283,454,93,3,305.2,20.346666666666668,227.5,382.0,0
15722,531,16,9,4460.34,27.877125,66.5,155.0,0
16707,239,307,4,551.11,8.350151515151515,80.0,148.0,1
16756,425,122,7,1312.37,16.612278481012655,71.0,190.0,1
12542,156,391,2,481.88,12.355897435897436,156.0,156.0,1
14676,492,55,10,7499.47,63.02075630252101,54.666666666666664,111.0,0
13316,508,39,8,10993.82,80.2468613138686,72.57142857142857,156.0,0
12638,0,547,1,249.8,27.755555555555556,0.0,0.0,0
13484,398,148,3,790.72,20.274871794871796,199.0,256.0,1
16846,62,484,2,628.09,17.446944444444444,62.0,62.0,0
17348,341,205,5,1477.04,5.2377304964539,85.5,142.0,0
13566,205,342,3,833.41,4.209141414141414,102.5,130.0,0
14924,393,153,3,931.01,30.03258064516129,197.0,365.0,1
14403,508,37,6,1880.51,75.2204,101.8,342.0,1
16258,512,34,14,10480.07,35.168020134228186,39.38461538461539,168.0,0
13305,546,0,14,3225.1,17.62349726775956,42.07692307692308,139.0,0
15558,0,546,1,214.13,8.565199999999999,0.0,0.0,1
16611,452,93,6,1785.1299999999999,16.228454545454543,90.6,217.0,1
17338,524,21,16,10705.66,9.087996604414261,35.0,75.0,0
14060,530,15,25,7481.44,36.14222222222222,22.083333333333332,66.0,0
12954,0,546,1,162.45,16.244999999999997,0.0,0.0,1
16387,315,230,5,918.55,9.568229166666667,79.0,185.0,1
13715,357,188,17,8483.289999999999,15.886310861423219,22.3125,57.0,1
14745,524,20,12,2571.81,18.239787234042552,47.72727272727273,216.0,1
15221,271,273,4,2465.45,72.51323529411764,90.33333333333333,187.0,1
15008,157,387,2,360.0,30.0,157.0,157.0,1
17065,0,545,2,194.7,16.224999999999998,0.0,0.0,1
17228,429,115,9,1958.73,8.442801724137931,53.75,104.0,0
17588,537,7,7,2939.55,41.40211267605634,89.5,164.0,1
16347,249,295,9,2621.76,10.006717557251909,31.125,121.0,0
13795,249,295,4,836.3,28.837931034482757,83.0,131.0,1
14824,257,287,6,2895.2,22.44341085271318,51.6,140.0,0
12692,0,544,1,110.95,8.534615384615385,0.0,0.0,1
15941,0,544,1,405.0,67.5,0.0,0.0,1
13824,501,43,11,3045.66,33.840666666666664,50.2,69.0,0
13724,0,544,1,213.01,5.071666666666666,0.0,0.0,1
13573,383,160,5,653.84,9.906666666666666,96.0,188.0,0
16586,386,156,3,1462.78,52.24214285714286,193.5,196.0,1
15994,224,319,2,775.11,9.811518987341772,224.0,224.0,0
13183,534,8,12,5473.38,40.846119402985074,48.54545454545455,74.0,0
18149,420,123,6,1562.31,16.62031914893617,84.0,131.0,0
13688,0,542,1,375.5,75.1,0.0,0.0,1
15665,466,75,5,4015.12,13.941388888888888,116.75,168.0,1
17849,416,125,8,1063.76,21.275199999999998,59.57142857142857,147.0,1
14857,486,55,6,3001.25,16.490384615384617,97.2,294.0,0
14645,477,64,3,876.89,18.268541666666668,239.0,359.0,1
14315,505,36,7,2266.84,22.668400000000002,84.16666666666667,298.0,0
15117,513,28,5,1609.92,18.504827586206897,128.5,233.0,0
18135,444,97,6,677.53,25.093703703703703,88.8,202.0,0
13530,0,541,1,402.98,22.387777777777778,0.0,0.0,1
14534,538,3,22,4859.75,8.045943708609272,25.666666666666668,85.0,0
16242,468,72,10,4717.78,10.080726495726495,52.111111111111114,104.0,0
14195,432,109,6,2615.6,163.475,86.6,187.0,1
13600,321,219,2,518.42,12.644390243902437,322.0,322.0,1
15227,418,123,7,2145.91,20.437238095238094,69.66666666666667,107.0,0
15123,427,113,4,3526.33,27.125615384615383,142.33333333333334,215.0,0
12366,0,541,1,500.24,166.74666666666667,0.0,0.0,1
15946,131,410,3,2304.18,88.62230769230769,65.5,131.0,1
14873,423,117,2,854.13,17.43122448979592,423.0,423.0,1
14604,0,540,1,143.85999999999999,6.254782608695652,0.0,0.0,1
18063,242,298,2,186.6,62.199999999999996,243.0,243.0,1
14496,321,219,7,2668.23,24.03810810810811,53.666666666666664,171.0,1
12701,390,149,5,1985.78,17.267652173913042,97.75,287.0,0
17478,225,315,2,1272.8,31.82,225.0,225.0,1
14872,149,391,3,816.6,18.990697674418605,75.0,101.0,1
17568,0,540,1,382.79,5.8890769230769235,0.0,0.0,1
17479,0,540,1,389.26,21.625555555555554,0.0,0.0,1
16652,523,17,14,15302.29,64.56662447257385,40.23076923076923,131.0,0
13612,0,540,1,818.29,16.3658,0.0,0.0,1
16777,375,164,4,1258.66,9.323407407407409,125.0,156.0,0
13275,248,291,2,241.66,4.8332,249.0,249.0,1
18196,537,2,4,1464.31,5.211067615658362,179.0,195.0,1
17933,0,539,1,114.69,8.192142857142857,0.0,0.0,1
16917,355,184,2,1857.83,36.428039215686276,356.0,356.0,1
13371,127,412,2,2297.66,24.9745652173913,127.0,127.0,1
16254,253,285,3,985.14,13.1352,127.0,131.0,1
13406,204,334,2,568.92,63.21333333333333,204.0,204.0,1
15775,386,152,2,150.5,16.72222222222222,386.0,386.0,1
16336,211,328,4,3517.69,51.73073529411765,70.33333333333333,173.0,1
18131,0,539,1,222.96,55.74,0.0,0.0,1
16571,455,83,9,3723.8399999999997,16.404581497797356,56.875,114.0,0
18187,0,539,1,724.89,15.101875,0.0,0.0,1
14427,137,402,2,900.1800000000001,33.34,137.0,137.0,0
16977,236,302,4,496.0,17.714285714285715,78.66666666666667,191.0,1
15819,500,38,9,3614.81,15.18827731092437,62.5,155.0,0
14651,420,118,8,1795.84,7.300162601626016,60.0,183.0,0
15918,441,98,3,582.88,9.555409836065573,220.5,360.0,1
14400,482,56,3,1732.47,23.73246575342466,241.0,259.0,1
13057,101,437,3,722.09,17.611951219512196,50.5,98.0,1
15461,170,368,2,429.7,214.85,171.0,171.0,1
16385,473,65,4,749.5699999999999,6.406581196581196,157.66666666666666,242.0,0
13243,428,110,5,1278.04,5.809272727272727,107.0,246.0,1
15496,0,538,1,146.14,6.642727272727272,0.0,0.0,1
12615,462,75,5,4084.53,20.839438775510207,115.75,245.0,0
16303,515,23,6,6603.97,26.102648221343873,103.2,218.0,0
16108,197,341,3,1393.42,16.01632183908046,98.5,148.0,0
17349,452,86,5,852.25,9.066489361702128,113.0,201.0,1
13128,0,538,1,263.5,263.5,0.0,0.0,1
18247,216,322,3,839.73,22.695405405405406,108.5,135.0,1
16668,514,24,12,822.22,16.4444,46.81818181818182,103.0,0
16199,238,299,7,942.75,94.275,39.833333333333336,83.0,1
13230,492,45,28,5787.99,4.884379746835443,18.25925925925926,49.0,0
13150,146,391,3,449.96999999999997,56.246249999999996,73.0,146.0,1
17838,338,199,11,5631.3,21.33068181818182,33.8,108.0,0
17738,481,56,12,3876.0,18.457142857142856,43.81818181818182,134.0,0
16716,363,174,3,2149.68,268.71,182.0,319.0,1
16008,425,112,13,5044.5,22.222466960352424,35.5,178.0,0
14292,485,53,11,6944.53,44.80341935483871,48.5,128.0,0
15760,0,538,2,13916.34,6958.17,0.0,0.0,1
14851,374,163,2,524.19,18.72107142857143,374.0,374.0,0
16508,0,537,1,248.8,5.528888888888889,0.0,0.0,1
17673,468,69,11,3814.23,8.22032327586207,46.8,80.0,0
12418,517,20,4,2021.2,19.815686274509805,172.66666666666666,301.0,1
14832,0,537,1,322.69,322.69,0.0,0.0,1
14316,208,329,5,1370.34,44.20451612903226,52.0,125.0,1
12908,453,83,5,1776.0,355.2,113.5,136.0,1
15650,106,429,2,553.88,15.385555555555555,107.0,107.0,1
18085,298,237,4,1645.75,23.179577464788732,99.33333333333333,235.0,1
17133,438,97,8,12208.88,283.9274418604651,62.57142857142857,208.0,0
17472,437,98,4,935.1,4.065652173913044,145.66666666666666,329.0,1
13466,444,91,5,1013.35,18.424545454545456,111.0,224.0,1
17587,0,535,1,181.66,4.224651162790698,0.0,0.0,1
17051,433,101,4,714.39,4.550254777070063,144.66666666666666,252.0,1
16039,204,331,2,456.4,14.2625,205.0,205.0,1
16397,0,535,1,127.88,11.625454545454545,0.0,0.0,1
12796,0,535,1,381.0,54.42857142857143,0.0,0.0,1
18078,410,124,4,844.6,10.96883116883117,137.0,203.0,1
12368,0,535,1,917.7,50.983333333333334,0.0,0.0,1
13451,502,33,10,6678.16,6.870534979423868,55.77777777777778,85.0,0
12639,389,146,3,1312.37,20.50578125,194.5,196.0,1
14928,0,535,1,223.91,10.662380952380952,0.0,0.0,1
17552,255,279,10,2453.4,20.445,28.333333333333332,69.0,0
16132,83,451,2,664.1999999999999,39.07058823529411,83.0,83.0,1
13151,332,203,3,2580.74,14.663295454545453,166.0,330.0,1
13482,395,139,2,336.09,16.804499999999997,395.0,395.0,1
14175,456,78,7,5662.57,23.496141078838175,76.0,158.0,0
14817,427,107,7,3959.86,17.216782608695652,71.16666666666667,118.0,1
13357,369,164,5,3838.36,9.619949874686718,92.5,237.0,1
14355,261,273,3,1014.45,14.288028169014085,131.0,178.0,1
14464,59,475,2,111.0,27.75,59.0,59.0,1
16441,335,198,4,864.23,11.523066666666667,112.0,192.0,0
17640,247,286,5,2547.28,41.75868852459017,61.75,95.0,0
13706,324,210,2,631.17,16.609736842105264,324.0,324.0,1
15614,188,345,4,3147.36,38.8562962962963,63.0,126.0,1
14596,0,534,1,229.47,4.025789473684211,0.0,0.0,1
15105,491,42,3,1328.96,19.260289855072465,246.0,296.0,0
16970,0,533,1,71.4,35.7,0.0,0.0,1
14166,121,412,2,256.85,4.84622641509434,121.0,121.0,1
16578,0,533,1,156.6,17.4,0.0,0.0,1
16615,0,533,1,291.5,15.342105263157896,0.0,0.0,1
12918,0,533,1,10953.5,10953.5,0.0,0.0,1
13445,0,533,1,241.89999999999998,34.55714285714286,0.0,0.0,1
14762,362,171,2,417.57,13.919,363.0,363.0,1
14344,498,34,20,3333.7,13.718930041152262,26.263157894736842,83.0,1
15869,349,184,3,323.65999999999997,9.247428571428571,174.5,349.0,1
13896,0,533,1,388.55,18.502380952380953,0.0,0.0,1
18189,357,175,2,946.59,16.32051724137931,358.0,358.0,0
13252,231,301,2,399.3,21.01578947368421,231.0,231.0,1
16077,0,533,1,2300.3999999999996,287.54999999999995,0.0,0.0,1
13988,463,70,5,2533.34,14.643583815028903,115.75,242.0,0
12742,0,533,1,1201.52,17.933134328358207,0.0,0.0,1
16002,0,532,1,169.21,4.028809523809524,0.0,0.0,1
14729,251,281,3,907.38,4.362403846153846,126.0,252.0,1
15086,60,472,2,218.53,19.866363636363637,61.0,61.0,1
16444,530,2,16,3543.31,9.788149171270717,35.333333333333336,126.0,0
14026,154,378,2,713.11,14.2622,155.0,155.0,1
15447,294,238,5,492.88,16.99586206896552,73.75,197.0,1
16741,0,532,1,173.06,15.732727272727272,0.0,0.0,1
17072,0,532,1,282.05,12.820454545454545,0.0,0.0,1
14202,243,288,3,847.76,29.233103448275862,121.5,175.0,1
14947,493,38,5,937.47,18.7494,123.5,258.0,0
15374,495,36,2,307.32,30.732,496.0,496.0,1
13849,453,78,4,2524.93,16.082356687898088,151.33333333333334,227.0,0
17001,511,20,15,5122.32,23.60516129032258,36.5,94.0,0
17353,495,36,4,3242.0,231.57142857142858,165.0,337.0,1
16090,0,531,1,205.91,10.2955,0.0,0.0,1
13969,517,14,28,8223.28,9.883750000000001,19.14814814814815,55.0,0
17301,0,531,1,132.8,2.4145454545454546,0.0,0.0,0
16943,412,119,5,1299.49,37.12828571428572,103.25,221.0,1
13900,441,90,6,1610.59,16.95357894736842,88.2,127.0,1
13285,463,68,5,2625.57,14.505911602209945,115.75,310.0,0
12870,248,282,3,1676.95,18.031720430107526,124.5,147.0,1
15027,455,75,9,3096.42,35.59103448275862,57.0,163.0,0
16794,515,15,9,1496.7,3.877461139896373,64.5,200.0,0
17484,47,483,2,209.57,14.969285714285714,48.0,48.0,1
12726,439,92,9,2872.8199999999997,23.547704918032785,55.0,116.0,0
13187,287,244,4,367.01,5.73453125,95.66666666666667,287.0,1
13705,479,52,6,1846.15,23.975974025974025,96.0,229.0,0
14704,481,50,4,487.82,3.5869117647058824,160.66666666666666,244.0,0
12791,250,281,6,1056.11,35.20366666666666,50.2,208.0,1
15698,0,531,1,46.2,23.1,0.0,0.0,1
14330,0,531,1,200.63,15.433076923076923,0.0,0.0,1
16286,146,384,2,328.95,19.349999999999998,146.0,146.0,1
14013,513,17,5,1084.57,15.949558823529411,128.25,243.0,1
15789,265,265,6,1962.01,14.217463768115943,53.0,81.0,1
18188,333,197,4,1706.15,21.87371794871795,111.0,166.0,0
17582,387,143,5,1450.7,11.699193548387097,96.75,210.0,1
18166,0,531,1,175.5,17.55,0.0,0.0,1
18215,186,344,4,1948.1499999999999,25.300649350649348,62.0,96.0,0
16493,450,80,6,1562.75,17.558988764044944,90.0,115.0,0
16601,232,298,2,439.45,10.71829268292683,233.0,233.0,0
14537,0,530,1,285.84,21.987692307692306,0.0,0.0,0
13117,501,29,17,2500.67,14.04870786516854,31.375,96.0,0
14074,0,530,1,219.4,36.56666666666667,0.0,0.0,1
12477,522,8,6,15890.66,34.32107991360691,104.6,139.0,0
14994,240,289,5,960.63,3.0988064516129032,60.25,147.0,1
16807,480,50,6,2123.88,14.956901408450705,96.2,200.0,1
15249,515,15,15,7934.57,18.452488372093022,36.857142857142854,174.0,0
14253,129,400,2,363.40000000000003,30.283333333333335,130.0,130.0,1
16833,363,167,5,1973.8,25.633766233766234,91.0,184.0,0
15552,405,124,2,252.52,8.417333333333334,406.0,406.0,1
15848,0,529,1,139.94,3.998285714285714,0.0,0.0,1
13053,0,529,1,127.65,7.508823529411765,0.0,0.0,1
15289,483,45,4,1351.29,15.53206896551724,161.33333333333334,209.0,0
17827,379,149,5,1976.3999999999999,8.823214285714284,94.75,257.0,0
14378,0,529,1,131.25,14.583333333333334,0.0,0.0,1
14805,307,221,4,659.24,6.338846153846154,102.66666666666667,112.0,0
16934,237,291,4,1160.06,14.321728395061728,79.33333333333333,137.0,0
16784,244,284,4,788.93,5.025031847133758,81.66666666666667,128.0,0
12910,487,41,9,4208.38,42.94265306122449,60.875,138.0,0
15068,365,163,3,863.45,5.534935897435898,182.5,203.0,0
17518,195,333,2,329.42,4.278181818181818,196.0,196.0,1
14101,478,50,12,8929.53,105.05329411764707,43.54545454545455,67.0,0
15423,39,489,2,223.39000000000001,18.615833333333335,40.0,40.0,0
14572,510,17,9,4871.78,10.365489361702128,63.875,141.0,0
15570,479,49,22,7972.2,11.260169491525424,22.857142857142858,77.0,0
17068,526,2,42,8148.2300000000005,8.577084210526316,12.853658536585366,41.0,0
13684,335,193,4,596.98,5.476880733944954,112.0,172.0,1
14078,519,9,9,1692.63,10.384233128834357,65.0,101.0,1
15231,0,528,1,250.26,17.875714285714285,0.0,0.0,1
16666,0,528,1,106.96,5.942222222222222,0.0,0.0,0
14583,476,51,7,1516.12,3.734285714285714,79.5,178.0,0
14809,0,528,2,686.76,38.153333333333336,0.0,0.0,1
16549,496,31,26,9809.07,4.066778606965174,19.88,210.0,0
15141,163,365,7,1388.47,17.355875,27.333333333333332,61.0,1
13113,507,21,33,17166.83,46.64899456521739,15.875,45.0,0
15981,483,45,19,8412.49,33.25094861660079,26.833333333333332,90.0,0
16532,485,43,4,6524.639999999999,1304.9279999999999,161.66666666666666,203.0,0
17994,499,29,11,2313.32,7.367261146496816,49.9,100.0,1
16456,521,6,13,6862.91,16.53713253012048,43.416666666666664,124.0,1
16502,0,527,2,266.5,6.1976744186046515,0.0,0.0,1
17046,463,64,5,1906.07,22.42435294117647,115.75,287.0,1
12496,0,527,2,54.09,4.160769230769231,0.0,0.0,1
16036,356,170,3,1986.65,20.694270833333334,178.5,196.0,0
16176,198,328,4,2052.69,28.509583333333335,66.33333333333333,107.0,1
13412,0,527,1,487.35,14.333823529411765,0.0,0.0,1
17664,407,119,3,887.78,14.796333333333333,204.0,262.0,0
16570,492,34,16,5829.9800000000005,30.20715025906736,32.8,68.0,0
16455,525,2,10,3866.57,19.627258883248732,58.333333333333336,191.0,0
17676,510,16,8,2109.0,16.606299212598426,72.85714285714286,236.0,0
13051,40,486,2,155.8,38.95,41.0,41.0,1
12990,434,92,6,809.9,38.56666666666666,86.8,125.0,0
12861,0,527,1,68.25,17.0625,0.0,0.0,1
14935,322,204,2,2849.83,109.60884615384614,322.0,322.0,1
15029,0,527,1,365.1,36.510000000000005,0.0,0.0,1
15715,63,463,5,658.02,17.316315789473684,16.0,41.0,1
15575,0,527,1,30.1,10.033333333333333,0.0,0.0,1
17586,0,526,1,167.4,20.925,0.0,0.0,1
17464,461,65,3,1000.94,23.831904761904763,230.5,364.0,1
17217,385,141,2,218.0,7.517241379310345,385.0,385.0,1
14235,461,65,8,4375.99,31.035390070921984,66.0,238.0,0
15122,505,21,11,4497.47,19.725745614035088,50.5,125.0,1
14492,188,337,7,1921.91,20.890326086956524,31.5,74.0,1
14882,228,297,12,3038.45,53.30614035087719,20.818181818181817,116.0,0
15742,0,526,1,156.87,3.82609756097561,0.0,0.0,1
13856,450,76,11,1142.03,21.148703703703703,45.1,260.0,1
16658,250,275,6,814.07,11.306527777777779,50.2,98.0,1
13676,80,446,2,243.9,18.76153846153846,80.0,80.0,1
17602,494,31,10,3257.71,6.815292887029289,55.0,200.0,0
18025,239,287,6,1177.72,10.515357142857143,48.0,157.0,1
15792,218,307,2,933.84,16.383157894736843,219.0,219.0,1
15216,0,526,1,389.49,17.704090909090908,0.0,0.0,0
13803,363,162,3,1338.91,17.16551282051282,181.5,187.0,1
18093,525,0,8,4452.71,72.99524590163935,75.0,177.0,1
17889,406,119,7,774.87,6.351393442622951,67.66666666666667,229.0,1
14706,0,526,1,390.69,13.953214285714285,0.0,0.0,1
13179,0,526,1,572.31,16.83264705882353,0.0,0.0,1
15741,160,365,2,208.62,17.385,160.0,160.0,1
16133,517,8,46,19022.49,46.17109223300971,11.488888888888889,58.0,0
13059,368,157,10,2303.17,11.401831683168318,41.0,164.0,1
18056,330,195,2,554.6,18.486666666666668,330.0,330.0,1
17531,428,97,3,1266.82,21.841724137931035,214.0,337.0,1
16845,0,525,1,253.88,12.693999999999999,0.0,0.0,1
15796,509,16,14,4039.99,16.356234817813764,39.15384615384615,87.0,0
15454,256,269,2,307.69,7.504634146341464,256.0,256.0,1
15800,511,14,7,1242.58,5.092540983606557,85.16666666666667,207.0,1
15125,505,20,21,16291.87,69.92218884120172,25.25,209.0,0
16847,0,525,1,421.45,16.858,0.0,0.0,0
13219,0,525,1,76.23,6.930000000000001,0.0,0.0,1
13464,223,302,5,2422.96,22.02690909090909,56.0,145.0,0
13361,145,379,2,1450.5,42.661764705882355,145.0,145.0,1
14893,0,525,1,571.76,17.326060606060604,0.0,0.0,0
12662,510,14,16,5791.9,17.393093093093093,34.0,64.0,0
15689,497,27,3,521.03,21.70958333333333,249.0,256.0,1
16377,350,174,2,1308.48,130.848,350.0,350.0,1
14916,523,1,7,2741.73,23.84113043478261,87.33333333333333,175.0,0
13582,227,297,2,241.68,21.970909090909092,228.0,228.0,1
18241,518,6,15,2263.48,17.546356589147287,37.0,198.0,0
15173,236,288,7,1494.6,17.37906976744186,39.5,117.0,1
13196,355,169,4,1783.19,15.921339285714286,118.33333333333333,181.0,0
14200,0,524,1,379.2,18.057142857142857,0.0,0.0,1
16130,195,329,4,987.48,17.95418181818182,65.0,131.0,1
14692,480,44,12,1745.09,10.706073619631901,43.63636363636363,98.0,1
17993,0,524,1,235.19,3.67484375,0.0,0.0,1
13750,476,47,10,3271.55,46.736428571428576,53.0,131.0,0
14049,458,66,12,10842.7,12.47721518987342,41.72727272727273,117.0,0
16054,471,52,4,2111.88,17.31049180327869,157.33333333333334,273.0,1
17669,494,29,8,5168.85,40.699606299212604,70.71428571428571,213.0,0
14835,88,436,2,297.0,148.5,89.0,89.0,1
14694,0,524,1,244.31,16.287333333333333,0.0,0.0,1
14489,405,114,4,1574.93,15.7493,135.0,230.0,1
18173,413,106,4,2318.36,59.445128205128206,137.66666666666666,338.0,0
12997,376,143,6,1492.49,18.425802469135803,75.2,109.0,0
15215,516,4,5,1987.53,21.143936170212765,129.0,297.0,0
15770,0,520,1,321.45,17.858333333333334,0.0,0.0,1
14035,505,14,7,2265.96,20.414054054054056,84.16666666666667,160.0,0
13939,503,16,6,1382.62,13.965858585858586,100.8,203.0,0
13710,188,331,2,329.04,47.00571428571429,189.0,189.0,0
16654,471,48,8,1711.47,20.62012048192771,67.28571428571429,133.0,1
13071,0,519,1,129.22,10.768333333333333,0.0,0.0,1
14221,499,20,15,5701.7,19.593470790378007,35.642857142857146,133.0,0
14825,484,35,19,4037.54,14.84389705882353,26.944444444444443,71.0,0
14265,502,16,4,1373.35,17.384177215189872,167.66666666666666,316.0,1
13432,40,478,2,439.1,3.955855855855856,41.0,41.0,1
13207,461,58,3,483.12,48.312,231.0,301.0,0
17563,33,485,2,392.38,13.530344827586207,33.0,33.0,1
15252,428,90,4,1663.18,18.89977272727273,142.66666666666666,238.0,0
13632,438,81,6,2341.48,14.63425,87.6,182.0,0
16941,0,519,1,33.0,16.5,0.0,0.0,1
14264,456,62,6,1517.36,19.207088607594937,91.4,134.0,1
12643,482,35,12,8350.42,160.585,43.90909090909091,112.0,1
15112,0,518,1,209.4,29.914285714285715,0.0,0.0,1
13723,394,124,6,1209.2,20.494915254237288,78.8,175.0,1
15201,484,33,6,1539.67,18.550240963855423,97.0,192.0,0
12821,397,121,2,220.8,16.984615384615385,397.0,397.0,1
13640,0,518,1,405.0,101.25,0.0,0.0,1
16454,4,514,2,24.05,12.025,5.0,5.0,0
16369,414,104,5,1465.6,21.87462686567164,103.75,240.0,0
17497,220,297,2,287.25,41.035714285714285,220.0,220.0,1
14758,465,52,7,2864.97,21.065955882352938,77.66666666666667,137.0,1
13852,0,518,1,187.35,17.03181818181818,0.0,0.0,1
17553,481,37,4,3757.6,626.2666666666667,160.33333333333334,343.0,1
14145,454,64,6,6709.05,304.95681818181816,90.8,242.0,0
14855,491,26,7,6520.3,31.499033816425122,81.83333333333333,340.0,1
16053,488,29,5,3247.08,18.878372093023255,122.0,291.0,0
13712,364,154,2,766.42,23.224848484848483,364.0,364.0,1
14918,495,23,9,5955.81,42.23978723404256,61.875,250.0,1
14813,241,277,4,1090.87,6.163107344632768,80.33333333333333,225.0,1
13278,210,307,3,893.12,14.40516129032258,105.5,131.0,0
14450,429,88,7,1128.44,14.847894736842106,71.66666666666667,209.0,1
14533,497,20,6,2251.63,44.149607843137254,99.6,240.0,0
15613,0,517,1,433.71999999999997,16.063703703703702,0.0,0.0,1
17746,370,147,4,904.18,25.11611111111111,123.33333333333333,231.0,1
17110,444,72,3,510.7,10.013725490196078,222.5,355.0,1
17805,0,517,1,414.72,414.72,0.0,0.0,0
15638,231,286,6,2265.2,90.60799999999999,46.4,157.0,1
15062,392,125,7,2411.8,16.406802721088436,65.5,84.0,0
13163,0,517,1,17.65,8.825,0.0,0.0,1
15129,503,14,22,6209.51,31.52035532994924,24.0,94.0,0
13197,0,517,1,373.01,19.632105263157893,0.0,0.0,1
16040,461,55,6,1979.53,18.674811320754717,92.2,162.0,0
18246,376,140,2,395.62,131.87333333333333,376.0,376.0,0
16341,408,108,4,2676.57,24.332454545454546,136.0,236.0,0
16944,0,517,1,101.36,14.48,0.0,0.0,1
12786,0,517,1,728.5,40.47222222222222,0.0,0.0,1
13080,430,86,4,280.73,14.775263157894738,143.33333333333334,222.0,1
15331,109,407,3,767.91,17.4525,55.0,110.0,1
17609,307,209,8,1319.81,4.870147601476015,43.857142857142854,177.0,0
16276,430,84,3,2629.39,101.13038461538461,215.5,303.0,1
14275,211,303,6,1189.3799999999999,51.71217391304347,42.4,94.0,1
16814,498,16,31,11197.3,14.969652406417111,16.633333333333333,51.0,0
12481,427,87,13,10866.83,32.83030211480362,35.666666666666664,156.0,0
17608,158,356,2,305.11,2.773727272727273,158.0,158.0,0
13180,0,514,1,86.1,21.525,0.0,0.0,1
14011,127,387,2,457.82,14.306875,127.0,127.0,1
16372,197,316,3,960.68,4.0706779661016945,99.0,192.0,0
17221,15,499,3,643.39,10.212539682539683,8.0,16.0,0
15067,324,190,3,2981.17,22.75702290076336,162.5,194.0,0
14430,95,419,3,1220.9,34.88285714285715,48.0,96.0,1
12935,497,17,12,3618.5,16.67511520737327,45.27272727272727,116.0,0
15524,0,514,1,151.4,18.925,0.0,0.0,0
15590,224,289,5,1496.6,17.20229885057471,56.0,165.0,1
14791,0,514,1,303.63,15.980526315789474,0.0,0.0,1
14114,332,181,7,1364.09,18.43364864864865,55.5,98.0,1
14930,497,16,6,5246.63,18.805125448028676,99.6,196.0,1
15546,0,514,2,1079.1000000000001,89.92500000000001,0.0,0.0,1
14844,483,30,9,5770.3,24.65940170940171,60.375,189.0,0
12982,363,150,8,2744.81,15.420280898876404,52.0,152.0,1
12671,0,513,1,2622.48,58.27733333333333,0.0,0.0,1
14853,394,118,4,1115.57,44.6228,131.33333333333334,212.0,0
12943,47,465,2,496.5,19.86,47.0,47.0,1
15268,126,386,3,961.9,43.72272727272727,63.5,127.0,1
15639,471,41,3,1065.08,15.435942028985506,235.5,317.0,1
12459,0,512,1,454.36,19.754782608695653,0.0,0.0,1
16809,468,43,7,1283.43,6.385223880597016,78.16666666666667,170.0,0
15982,0,512,1,324.51,7.211333333333333,0.0,0.0,1
14998,435,77,4,770.73,6.068740157480315,145.0,187.0,1
17505,443,69,5,2435.48,23.877254901960786,111.0,345.0,1
16259,194,317,3,361.94,3.891827956989247,97.5,195.0,1
15890,210,302,5,535.65,53.565,52.5,203.0,1
17594,350,162,3,1819.7,26.76029411764706,175.0,195.0,0
14624,189,322,4,588.22,15.479473684210527,63.0,119.0,0
17039,0,511,1,1954.99,44.43159090909091,0.0,0.0,1
16105,355,156,5,2386.19,21.692636363636364,89.0,190.0,1
16292,482,29,5,1253.76,20.22193548387097,120.75,259.0,1
13878,56,455,3,1191.53,16.782112676056336,28.5,29.0,0
15572,494,17,7,3071.1,11.249450549450549,82.5,189.0,0
13388,472,38,3,1185.65,17.183333333333334,236.0,472.0,1
14569,150,360,3,371.59000000000003,16.15608695652174,75.5,110.0,0
14656,434,76,5,814.65,3.7890697674418603,108.5,132.0,1
18174,0,511,1,58.5,58.5,0.0,0.0,0
13647,428,82,6,2197.42,23.3768085106383,85.6,260.0,0
18236,474,36,10,1554.3,18.285882352941176,52.666666666666664,148.0,0
17678,339,171,2,599.76,21.419999999999998,340.0,340.0,1
15814,210,300,2,689.11,26.50423076923077,210.0,210.0,0
17709,433,77,5,671.01,16.77525,108.5,301.0,1
13661,0,510,1,325.24,19.131764705882354,0.0,0.0,1
16174,476,33,7,2246.75,34.565384615384616,79.5,340.0,1
15354,0,510,3,284.4,94.8,0.0,0.0,1
13015,405,104,10,5003.18,19.169272030651342,45.111111111111114,189.0,0
13414,469,41,6,2494.14,45.348,94.0,167.0,1
13450,478,32,11,3497.7799999999997,29.393109243697477,47.9,156.0,0
13734,94,416,4,6701.64,239.34428571428572,31.333333333333332,84.0,1
18262,462,47,3,577.54,13.75095238095238,231.0,253.0,1
12778,419,90,7,1445.51,15.215894736842106,69.83333333333333,151.0,0
12395,490,19,11,3948.21,20.35159793814433,49.0,108.0,0
12969,0,510,1,122.45,24.490000000000002,0.0,0.0,1
15979,0,510,1,329.21999999999997,14.964545454545453,0.0,0.0,1
17626,0,510,1,254.0,14.11111111111111,0.0,0.0,1
14988,390,119,7,2066.6,8.46967213114754,65.16666666666667,169.0,1
14907,503,6,14,5272.87,20.125458015267174,38.69230769230769,213.0,0
16094,382,126,8,2869.43,19.257919463087248,54.714285714285715,156.0,0
17842,0,509,1,430.69,23.927222222222223,0.0,0.0,1
14623,485,23,8,1779.04,6.738787878787878,69.42857142857143,145.0,0
13262,337,170,3,573.45,11.469000000000001,168.5,211.0,1
17346,497,10,19,3912.65,5.061642949547219,27.61111111111111,75.0,0
14395,422,85,17,6666.52,10.20906584992343,26.4375,69.0,0
17256,492,14,5,498.93,16.094516129032257,123.25,205.0,1
15972,143,363,5,1810.27,12.484620689655172,36.0,96.0,1
17041,491,16,5,1355.6,12.91047619047619,123.0,252.0,0
16921,157,349,2,276.88,7.910857142857143,158.0,158.0,0
13286,0,507,1,734.91,14.998163265306122,0.0,0.0,1
14506,437,69,5,2110.16,8.116,109.25,197.0,0
15410,500,6,9,4324.29,29.416938775510204,62.5,307.0,0
17540,283,223,5,1280.5,27.24468085106383,70.75,110.0,0
14845,0,507,1,150.0,150.0,0.0,0.0,1
17474,0,507,1,1047.0,174.5,0.0,0.0,1
13145,472,34,5,1218.8,203.13333333333333,118.0,245.0,0
15273,0,507,1,228.96,228.96,0.0,0.0,1
13115,415,91,7,4078.47,16.379397590361446,69.16666666666667,195.0,0
15451,164,341,2,233.21,3.701746031746032,165.0,165.0,1
18095,286,220,5,2303.09,47.98104166666667,71.75,151.0,1
12516,418,88,3,1919.76,31.471475409836067,209.5,250.0,0
14372,156,350,2,860.0799999999999,22.633684210526315,156.0,156.0,1
16548,0,506,1,30.15,5.0249999999999995,0.0,0.0,1
12780,0,506,1,337.4,16.869999999999997,0.0,0.0,1
14926,216,289,2,359.4,119.8,217.0,217.0,1
14611,154,351,2,604.33,15.90342105263158,155.0,155.0,1
15970,295,211,2,1017.3199999999999,42.38833333333333,295.0,295.0,1
16864,164,341,2,409.25,24.073529411764707,164.0,164.0,1
14812,0,506,1,185.8,5.021621621621622,0.0,0.0,1
12983,0,505,1,490.08,16.336,0.0,0.0,1
17622,0,505,2,1130.21,29.742368421052632,1.0,1.0,1
17185,6,499,3,229.46,5.215,3.5,7.0,1
15886,181,324,3,871.78,17.4356,91.0,182.0,0
18062,424,80,6,1632.67,30.23462962962963,84.8,189.0,1
16256,331,174,3,1629.37,56.1851724137931,165.5,227.0,1
16472,163,341,2,789.6,20.246153846153845,163.0,163.0,1
16231,218,286,4,1078.22,10.675445544554456,72.66666666666667,173.0,1
12588,198,306,3,743.88,20.663333333333334,99.0,198.0,0
15455,0,505,1,38.25,19.125,0.0,0.0,1
13461,458,46,5,3599.2,69.21538461538461,114.75,244.0,0
13963,288,215,17,3011.87,17.510872093023256,18.0625,33.0,1
13308,393,110,2,1099.81,25.576976744186044,393.0,393.0,0
14917,0,504,2,1123.75,38.75,0.0,0.0,1
12504,179,324,2,297.0,27.0,179.0,179.0,0
13625,0,504,1,301.26,14.345714285714285,0.0,0.0,1
12625,384,119,4,5164.88,28.22338797814208,128.33333333333334,190.0,1
13346,133,370,6,299.4,49.9,26.8,43.0,1
16743,483,20,13,3901.03,11.114045584045584,40.25,98.0,0
15651,335,168,3,840.08,19.092727272727274,168.0,176.0,0
16279,419,84,7,4554.58,17.65341085271318,70.0,209.0,0
14655,374,129,4,2756.84,40.54176470588236,124.66666666666667,166.0,0
17729,0,503,1,438.65,19.071739130434782,0.0,0.0,1
14182,152,351,4,678.77,13.5754,51.0,67.0,1
17240,0,503,1,130.6,18.657142857142855,0.0,0.0,1
14788,0,503,1,476.88,17.03142857142857,0.0,0.0,0
17057,0,503,1,294.74,5.8948,0.0,0.0,1
12672,265,237,2,437.05,19.865909090909092,266.0,266.0,1
15474,0,503,1,163.1,8.155,0.0,0.0,1
17181,222,281,2,380.97,42.330000000000005,222.0,222.0,0
16028,0,503,1,82.2,16.44,0.0,0.0,1
15548,0,503,1,158.09,6.8734782608695655,0.0,0.0,1
13656,430,72,4,1078.85,12.400574712643676,143.66666666666666,173.0,1
15042,396,106,2,315.45,35.05,396.0,396.0,1
15245,461,41,8,4610.84,31.154324324324325,65.85714285714286,141.0,1
16538,54,448,3,399.62,9.293488372093023,27.0,54.0,1
16868,199,301,3,393.39,7.285,99.5,161.0,1
15600,165,335,4,1199.31,16.89169014084507,55.0,91.0,1
12844,463,37,3,497.52,6.297721518987341,231.5,312.0,0
16068,0,501,1,122.93,3.152051282051282,0.0,0.0,1
13863,345,155,4,1239.55,17.707857142857144,115.33333333333333,218.0,1
13760,336,163,4,1211.94,13.466000000000001,112.33333333333333,148.0,0
18091,0,500,1,360.85,14.434000000000001,0.0,0.0,1
13609,0,500,1,167.35,23.907142857142855,0.0,0.0,1
14677,0,500,1,184.91,13.207857142857142,0.0,0.0,1
12838,219,281,9,3106.14,8.652200557103063,27.375,90.0,0
17093,0,500,1,235.88,18.144615384615385,0.0,0.0,1
14743,0,500,1,50.480000000000004,16.826666666666668,0.0,0.0,1
14773,0,500,1,140.55,14.055000000000001,0.0,0.0,1
12925,0,500,1,35.28,7.056,0.0,0.0,0
15717,358,141,5,607.0,25.291666666666668,89.5,187.0,1
14999,0,500,1,129.48,14.386666666666665,0.0,0.0,1
14665,295,204,5,1645.61,19.826626506024095,74.0,165.0,0
14021,437,62,7,1716.58,19.07311111111111,72.83333333333333,119.0,1
17715,392,108,2,489.59999999999997,244.79999999999998,392.0,392.0,1
15384,422,77,4,2027.79,17.184661016949153,141.0,211.0,1
14563,82,417,2,679.44,5.908173913043479,83.0,83.0,1
15111,219,280,3,1451.89,17.49265060240964,110.0,168.0,0
13307,472,27,3,273.34,18.222666666666665,236.0,367.0,1
14552,440,59,3,511.28,3.25656050955414,220.5,229.0,1
16623,346,153,4,1015.24,19.906666666666666,115.66666666666667,156.0,1
17959,0,499,1,140.75,70.375,0.0,0.0,1
13012,443,56,7,2323.3,20.028448275862072,74.0,135.0,0
13655,477,21,6,2280.5099999999998,19.163949579831932,95.4,169.0,1
13064,439,60,4,1220.5,20.008196721311474,146.33333333333334,223.0,0
16088,15,483,2,1437.43,239.5716666666667,16.0,16.0,1
16543,0,499,1,292.21,16.233888888888888,0.0,0.0,1
16117,401,97,3,654.4,7.352808988764044,201.0,213.0,1
15402,443,56,6,1830.54,13.973587786259541,88.6,191.0,1
17991,366,132,3,320.55,8.01375,183.0,365.0,1
16354,211,287,3,733.71,7.123398058252428,106.0,150.0,0
12849,322,176,5,2744.17,20.632857142857144,80.75,160.0,0
12392,0,498,1,234.75,33.535714285714285,0.0,0.0,1
16408,0,498,1,231.93,5.154,0.0,0.0,1
16267,0,498,1,186.66,26.665714285714284,0.0,0.0,1
12744,446,52,9,18249.74,59.835213114754104,55.875,141.0,0
16138,212,286,3,910.35,24.604054054054053,106.0,151.0,1
14237,217,280,2,632.14,18.06114285714286,217.0,217.0,1
14978,355,143,9,2748.0,10.776470588235295,44.375,100.0,0
17635,166,331,3,1265.58,17.10243243243243,83.0,102.0,1
17491,494,3,13,4540.3099999999995,31.97401408450704,41.25,76.0,0
13539,350,147,6,1253.67,17.90957142857143,70.0,115.0,0
13775,0,498,1,1049.66,16.661269841269842,0.0,0.0,1
18273,494,3,3,306.0,102.0,247.5,333.0,0
18049,153,344,2,556.52,5.858105263157895,153.0,153.0,1
14724,0,497,1,345.25,8.029069767441861,0.0,0.0,1
12876,394,103,3,2590.2,21.766386554621846,197.0,198.0,0
16384,326,171,3,1183.55,16.438194444444445,163.5,166.0,0
12717,439,58,3,1308.91,18.435352112676057,219.5,345.0,1
17605,0,497,1,160.75,12.365384615384615,0.0,0.0,1
14389,399,98,4,1165.69,19.10967213114754,133.33333333333334,234.0,0
16648,134,363,2,382.14,21.23,135.0,135.0,0
15445,326,171,2,284.5,20.321428571428573,326.0,326.0,1
15101,230,266,5,1262.69,23.38314814814815,57.75,156.0,0
13238,426,71,4,624.75,19.5234375,142.33333333333334,197.0,0
12698,0,497,1,339.75,21.234375,0.0,0.0,1
16767,496,1,11,7318.7,25.236896551724136,49.7,102.0,0
13041,139,358,4,799.13,22.832285714285714,46.333333333333336,67.0,1
17886,378,118,5,1105.03,9.779026548672567,94.75,188.0,0
17730,483,13,15,5531.09,23.840905172413795,34.5,64.0,0
18111,0,496,1,405.85,15.031481481481482,0.0,0.0,1
12349,181,315,3,2671.14,26.18764705882353,91.0,163.0,0
17771,266,230,3,257.4,6.956756756756756,133.0,153.0,0
15954,0,496,1,190.75,9.5375,0.0,0.0,1
16332,458,37,7,1076.48,10.764800000000001,76.5,154.0,0
12863,210,286,5,2271.35,52.82209302325581,52.5,140.0,0
16607,461,35,21,4626.74,19.52210970464135,23.05,66.0,0
15180,221,274,3,904.43,15.593620689655172,111.0,172.0,1
18141,187,309,2,882.47,21.011190476190478,188.0,188.0,1
12377,274,222,4,3426.32,22.54157894736842,91.33333333333333,208.0,1
17463,412,83,5,1907.14,8.115489361702128,103.25,247.0,0
15709,305,191,2,327.85,12.142592592592594,306.0,306.0,1
16827,195,300,5,392.13,32.6775,49.0,131.0,1
12915,440,56,4,1174.75,16.09246575342466,147.0,224.0,1
17021,146,349,6,1182.22,24.629583333333333,29.4,60.0,1
14650,0,496,1,62.5,15.625,0.0,0.0,1
12806,153,342,4,2878.96,42.96955223880597,51.0,73.0,1
17005,118,378,2,742.36,37.118,118.0,118.0,1
15818,0,495,1,340.5,30.954545454545453,0.0,0.0,1
14201,439,56,8,967.34,23.031904761904762,62.714285714285715,161.0,0
16374,326,169,4,1454.72,5.309197080291971,108.66666666666667,140.0,0
12374,166,328,3,2246.29,44.9258,83.5,167.0,0
14683,0,495,1,146.56,6.979047619047619,0.0,0.0,1
15253,417,77,4,1310.74,17.476533333333332,139.0,234.0,0
15418,161,332,2,452.32,6.555362318840579,161.0,161.0,1
16651,0,494,1,136.2,22.7,0.0,0.0,1
17565,0,494,1,131.83,4.394333333333334,0.0,0.0,1
15373,470,23,14,2692.38,15.931242603550297,36.23076923076923,92.0,0
15229,0,493,1,160.5,17.833333333333332,0.0,0.0,1
15426,329,164,6,1830.98,5.057955801104972,65.8,112.0,0
13465,139,353,2,931.12,27.385882352941177,140.0,140.0,1
17555,251,242,4,769.93,3.58106976744186,84.0,152.0,0
12507,450,41,4,1844.06,37.633877551020404,150.0,286.0,1
16317,465,27,5,2192.5099999999998,18.739401709401708,116.25,253.0,1
15183,36,455,3,639.93,16.840263157894736,18.5,20.0,1
13143,0,492,1,405.1,17.61304347826087,0.0,0.0,1
16145,484,7,16,5606.26,17.092256097560977,32.333333333333336,63.0,0
12725,213,278,4,2694.56,20.727384615384615,71.0,157.0,1
12503,0,491,1,1126.0,563.0,0.0,0.0,1
18163,0,491,1,728.84,22.086060606060606,0.0,0.0,1
14962,313,178,4,366.91,26.207857142857144,104.66666666666667,269.0,1
15391,0,491,1,289.87,24.155833333333334,0.0,0.0,1
16526,412,79,2,717.21,20.491714285714288,413.0,413.0,1
15396,471,20,2,796.38,49.77375,471.0,471.0,1
16135,321,170,2,819.45,21.011538461538464,321.0,321.0,1
14025,119,372,8,4057.9,40.98888888888889,17.0,44.0,1
17759,414,76,4,609.07,9.984754098360657,138.0,224.0,0
14437,217,273,5,958.84,19.975833333333334,54.5,80.0,1
14936,475,16,7,9346.67,24.467722513089004,79.16666666666667,139.0,0
15488,490,0,5,431.92,39.265454545454546,122.75,364.0,1
13512,322,168,4,713.39,18.292051282051283,107.66666666666667,127.0,1
18028,0,490,1,192.04999999999998,48.012499999999996,0.0,0.0,1
15868,0,490,1,94.53,23.6325,0.0,0.0,1
15097,0,490,2,660.27,16.104146341463416,0.0,0.0,0
15381,369,121,5,1890.57,78.77374999999999,92.5,155.0,1
15704,442,47,6,3817.96,18.44425120772947,88.6,287.0,1
17597,369,121,5,3484.09,27.219453125,92.5,205.0,1
12958,182,307,2,539.49,9.464736842105264,183.0,183.0,1
13713,174,315,3,743.26,9.064146341463415,87.5,112.0,1
13400,0,490,1,310.83,13.514347826086956,0.0,0.0,1
16844,20,470,2,614.34,19.198125,20.0,20.0,1
12388,434,55,6,2788.79,24.041293103448275,86.8,137.0,0
13102,448,41,32,10234.53,23.36650684931507,14.483870967741936,34.0,0
17199,0,489,1,145.12,16.124444444444446,0.0,0.0,1
14272,327,161,3,614.94,15.76769230769231,164.0,308.0,0
13024,111,378,2,555.87,17.931290322580644,112.0,112.0,1
13891,203,285,3,863.56,8.6356,102.0,168.0,1
16890,105,384,3,285.40999999999997,15.02157894736842,53.0,88.0,1
13974,0,489,1,264.13,17.608666666666668,0.0,0.0,0
17225,0,489,1,131.15,26.23,0.0,0.0,1
17798,0,489,1,183.09,3.736530612244898,0.0,0.0,1
13830,0,489,1,156.85,14.259090909090908,0.0,0.0,1
14814,0,488,1,160.46,5.014375,0.0,0.0,1
18254,0,488,1,267.9,16.74375,0.0,0.0,1
17031,426,62,5,2619.45,63.8890243902439,106.75,224.0,0
17808,32,456,4,262.64,7.958787878787878,11.0,23.0,1
16632,95,393,2,406.4,15.05185185185185,96.0,96.0,1
13007,0,487,1,175.25,15.931818181818182,0.0,0.0,1
13838,461,25,9,1753.95,4.20611510791367,57.75,252.0,0
14474,0,487,1,730.42,7.091456310679611,0.0,0.0,0
17926,446,40,5,1035.49,23.533863636363638,111.5,241.0,1
14678,0,486,1,403.39,16.807916666666667,0.0,0.0,1
13425,471,15,5,3403.63,19.121516853932587,117.75,214.0,1
17292,107,379,2,271.75,18.116666666666667,107.0,107.0,1
14129,483,3,7,2193.71,24.106703296703298,80.66666666666667,165.0,0
17135,289,197,5,1314.98,10.193643410852713,72.5,91.0,0
16092,464,22,6,1587.94,17.64377777777778,93.0,250.0,1
15661,261,224,8,1215.95,27.635227272727274,37.285714285714285,70.0,1
17720,465,20,9,2460.57,20.50475,58.125,142.0,0
17003,176,309,4,830.16,7.4121428571428565,58.666666666666664,155.0,1
14941,0,486,1,182.1,26.014285714285712,0.0,0.0,1
14361,0,486,1,214.71,15.336428571428572,0.0,0.0,1
17169,395,90,2,629.63,16.144358974358973,395.0,395.0,0
17482,91,394,2,778.19,14.410925925925927,91.0,91.0,1
17579,440,45,3,575.24,9.43016393442623,220.5,399.0,0
14588,0,485,1,135.39,8.461875,0.0,0.0,1
16614,395,90,3,1179.79,24.07734693877551,198.0,220.0,1
17077,0,485,1,306.0,306.0,0.0,0.0,1
12675,24,461,2,958.5,8.482300884955752,25.0,25.0,1
16323,381,103,2,353.65999999999997,88.41499999999999,381.0,381.0,1
16737,0,485,1,417.6,417.6,0.0,0.0,0
12582,338,146,4,1980.4,19.22718446601942,113.0,155.0,1
17545,187,297,3,802.58,6.034436090225564,93.5,187.0,0
12599,451,34,12,2121.18,17.825042016806723,41.0,77.0,0
18281,397,88,2,201.14,11.831764705882351,397.0,397.0,1
13695,479,5,13,2033.67,29.05242857142857,39.916666666666664,318.0,0
13943,0,485,1,246.54,16.436,0.0,0.0,1
17321,183,301,4,1040.32,5.533617021276595,61.0,161.0,0
15034,344,140,11,6669.62,12.017333333333333,34.5,84.0,0
13222,0,484,1,88.5,88.5,0.0,0.0,1
13296,439,44,6,792.51,14.953018867924529,88.0,286.0,1
16307,147,336,3,1194.92,15.932266666666667,74.0,113.0,1
13103,139,345,2,465.7,18.628,140.0,140.0,0
14014,200,283,2,1443.03,39.00081081081081,200.0,200.0,0
13295,217,267,4,1101.97,16.44731343283582,72.33333333333333,165.0,1
14391,0,484,1,135.6,9.685714285714285,0.0,0.0,1
17705,470,14,8,1228.38,15.74846153846154,67.14285714285714,154.0,0
14707,141,343,2,139.2,69.6,141.0,141.0,1
12580,329,154,2,1052.9,18.153448275862072,330.0,330.0,1
15012,203,281,2,628.64,3.4731491712707183,203.0,203.0,0
16898,399,84,4,827.03,3.5343162393162393,133.0,191.0,0
17016,0,484,1,552.4,13.473170731707317,0.0,0.0,1
17845,21,462,4,598.1899999999999,12.462291666666665,7.0,21.0,1
13998,129,354,3,566.7,18.280645161290323,65.0,65.0,1
12494,414,69,7,1495.6299999999999,17.595647058823527,69.16666666666667,165.0,0
16993,112,371,2,1950.95,69.67678571428571,113.0,113.0,1
15405,386,96,2,659.84,21.994666666666667,387.0,387.0,1
17897,403,80,9,2585.0,7.471098265895954,50.5,195.0,1
15470,0,483,1,63.419999999999995,15.854999999999999,0.0,0.0,1
15199,480,2,9,2821.45,58.78020833333333,60.125,141.0,0
14039,0,483,1,115.08,28.77,0.0,0.0,0
13892,329,154,3,689.2,57.43333333333334,164.5,231.0,0
13220,390,93,4,1243.29,25.37326530612245,130.0,339.0,0
18197,0,483,1,230.1,25.566666666666666,0.0,0.0,1
13888,455,27,7,2169.05,11.788315217391306,76.0,186.0,1
15597,0,482,1,238.8,15.92,0.0,0.0,0
16906,388,94,6,1263.97,7.264195402298851,77.8,180.0,0
15210,350,132,3,1176.19,17.55507462686567,175.0,197.0,1
12894,0,482,1,157.35,7.492857142857143,0.0,0.0,1
12923,184,297,2,612.9,18.57272727272727,185.0,185.0,0
15478,0,482,1,583.56,23.342399999999998,0.0,0.0,0
12880,192,289,2,640.13,17.781388888888888,193.0,193.0,1
16115,457,24,9,1838.85,5.8376190476190475,57.125,105.0,0
16836,457,24,3,621.8199999999999,18.8430303030303,229.0,290.0,0
15723,209,272,4,947.65,7.346124031007752,70.0,125.0,1
16588,188,293,4,1361.28,19.172957746478872,62.666666666666664,77.0,1
14296,152,328,2,456.4,16.9037037037037,153.0,153.0,1
13300,404,76,3,1285.51,23.37290909090909,202.5,219.0,1
16922,0,480,1,611.08,5.008852459016394,0.0,0.0,1
18258,108,371,6,2059.67,41.193400000000004,21.6,31.0,1
17123,410,69,3,977.1700000000001,22.724883720930233,205.5,278.0,1
16507,0,479,1,152.76,3.5525581395348835,0.0,0.0,1
14982,0,479,1,237.78,6.096923076923077,0.0,0.0,1
18287,369,109,5,3110.99,27.289385964912277,92.5,181.0,0
18157,0,478,1,215.35,8.282692307692308,0.0,0.0,1
16932,147,330,2,278.77,3.0634065934065933,148.0,148.0,0
15280,399,79,3,406.21999999999997,6.659344262295082,199.5,316.0,1
13857,177,300,6,1001.01,7.820390625,35.6,83.0,1
13719,365,112,8,2112.31,10.010947867298578,52.285714285714285,159.0,0
14017,0,478,1,229.75,16.410714285714285,0.0,0.0,1
17928,325,153,2,206.96,9.855238095238096,325.0,325.0,0
13605,184,294,2,522.67,9.861698113207547,184.0,184.0,1
14304,348,130,3,1725.01,19.602386363636363,174.0,191.0,1
16884,14,464,2,644.08,13.144489795918368,14.0,14.0,0
15071,476,1,4,1455.56,26.954814814814814,159.0,184.0,1
13501,282,195,3,2885.11,25.30798245614035,141.0,198.0,1
14744,272,205,12,3713.13,33.15294642857143,24.818181818181817,134.0,0
13541,143,334,2,785.25,78.525,143.0,143.0,1
15282,0,477,1,348.59,12.91074074074074,0.0,0.0,1
16835,441,35,6,1538.41,17.68287356321839,88.2,245.0,1
14325,0,477,1,245.48,13.637777777777778,0.0,0.0,1
17413,165,312,2,560.14,56.013999999999996,165.0,165.0,1
17382,133,343,7,836.88,52.305,22.333333333333332,76.0,0
15636,287,189,3,1026.52,25.663,143.5,155.0,0
14283,106,370,4,628.44,15.327804878048783,35.333333333333336,68.0,1
17490,392,84,3,963.38,16.61,196.5,212.0,0
16059,405,71,10,2709.21,7.2053457446808515,45.111111111111114,91.0,0
14598,0,476,1,162.07,4.05175,0.0,0.0,0
14220,321,154,4,1515.0,39.86842105263158,107.33333333333333,209.0,1
16915,441,34,9,1303.89,27.164375000000003,55.25,103.0,0
16564,0,476,1,87.80000000000001,17.560000000000002,0.0,0.0,1
12837,396,80,2,688.41,7.482717391304347,396.0,396.0,1
16664,0,476,1,109.2,13.65,0.0,0.0,1
14334,475,1,11,4094.98,16.78270491803279,47.5,81.0,0
15777,327,148,7,1762.61,45.1951282051282,54.5,151.0,1
15401,116,359,2,216.95,15.49642857142857,116.0,116.0,1
17758,416,59,8,2992.03,9.23466049382716,59.42857142857143,177.0,0
15025,0,475,1,636.08,8.595675675675675,0.0,0.0,0
14850,256,219,7,1794.01,8.92542288557214,42.833333333333336,150.0,1
15559,0,475,1,1109.4,17.893548387096775,0.0,0.0,1
13213,439,35,10,3294.82,19.96860606060606,48.888888888888886,184.0,0
16604,5,470,2,432.45,36.0375,6.0,6.0,1
15826,357,118,2,1663.97,21.062911392405063,358.0,358.0,0
14513,467,8,6,788.01,41.47421052631579,93.6,148.0,1
14671,18,456,2,1127.45,20.49909090909091,19.0,19.0,1
14311,324,150,2,516.45,16.65967741935484,325.0,325.0,1
12355,353,121,2,947.61,27.074571428571428,353.0,353.0,1
18011,194,280,2,527.03,5.666989247311828,194.0,194.0,1
14409,444,30,8,3640.37,37.146632653061225,63.57142857142857,169.0,0
17898,359,114,3,246.96,5.88,180.0,245.0,0
16889,371,102,6,2530.9,11.609633027522936,74.2,119.0,1
16121,350,123,4,897.87,4.062760180995475,116.66666666666667,175.0,0
12974,367,105,2,408.95,12.7796875,368.0,368.0,1
16290,101,372,4,2069.3,15.796183206106871,33.666666666666664,63.0,1
18208,0,473,1,360.08,21.181176470588234,0.0,0.0,1
14010,0,472,2,445.15,18.547916666666666,0.0,0.0,1
17785,120,352,2,271.44,7.143157894736842,120.0,120.0,0
13778,462,10,4,1124.49,25.55659090909091,154.0,388.0,1
17278,323,148,2,271.24,15.955294117647059,324.0,324.0,1
12409,382,90,5,18553.7,84.72009132420092,95.75,238.0,0
14920,352,120,3,1607.17,16.568762886597938,176.5,353.0,1
18060,156,315,2,1185.46,15.806133333333333,156.0,156.0,1
12632,44,428,2,804.88,22.99657142857143,44.0,44.0,1
16831,0,472,1,91.8,15.299999999999999,0.0,0.0,1
14394,0,472,1,93.8,15.633333333333333,0.0,0.0,1
16974,41,430,2,365.5,45.6875,42.0,42.0,1
13402,437,34,4,1535.1299999999999,15.9909375,145.66666666666666,245.0,1
16185,332,140,2,450.31,16.0825,332.0,332.0,0
18052,0,472,1,10877.18,679.82375,0.0,0.0,1
14168,143,328,2,370.45,24.696666666666665,144.0,144.0,1
14847,415,56,3,1348.95,21.75725806451613,208.0,259.0,1
16229,351,120,5,2215.46,15.712482269503546,88.0,169.0,0
15681,381,90,12,2266.7599999999998,33.83223880597014,34.63636363636363,99.0,0
17205,148,323,2,615.27,27.96681818181818,148.0,148.0,0
16075,61,410,2,736.93,17.97390243902439,62.0,62.0,1
12773,0,471,1,124.25,20.708333333333332,0.0,0.0,1
18000,0,471,1,124.25,20.708333333333332,0.0,0.0,1
12802,377,94,7,2416.42,17.510289855072465,62.833333333333336,256.0,1
13324,360,110,15,7190.51,74.90114583333333,25.714285714285715,70.0,0
16175,469,1,7,1836.44,18.739183673469388,78.16666666666667,231.0,1
13989,324,146,4,1656.65,24.3625,108.0,225.0,0
14993,0,471,1,36.13,3.6130000000000004,0.0,0.0,1
15217,0,470,1,426.24,15.222857142857142,0.0,0.0,1
16328,0,470,1,310.83,19.426875,0.0,0.0,1
17862,239,231,4,1279.09,12.540098039215685,80.0,170.0,1
17694,421,49,3,1695.97,20.937901234567903,210.5,370.0,1
12656,446,23,6,5177.33,27.249105263157894,89.2,192.0,0
17327,152,317,2,152.35,38.0875,153.0,153.0,1
17179,384,85,6,1507.26,9.539620253164557,76.8,140.0,1
15900,148,321,3,549.29,6.953037974683544,74.5,145.0,0
17074,0,470,1,203.05,50.7625,0.0,0.0,1
14181,151,318,2,310.55,5.750925925925926,152.0,152.0,1
16715,0,470,1,323.8,35.97777777777778,0.0,0.0,0
16153,446,23,10,4332.8,22.449740932642488,49.666666666666664,137.0,0
16046,0,469,1,235.78,10.717272727272727,0.0,0.0,1
14938,0,469,2,2322.43,32.710281690140846,0.0,0.0,1
12378,432,37,2,5416.32,17.994418604651162,433.0,433.0,1
13880,416,52,12,2852.65,18.767434210526318,37.90909090909091,76.0,0
16458,456,13,23,4384.1,13.962101910828027,20.727272727272727,56.0,0
13920,130,339,4,1774.68,20.635813953488373,43.666666666666664,72.0,1
13169,309,159,2,632.4000000000001,57.4909090909091,310.0,310.0,0
17499,271,197,2,1341.39,18.89281690140845,272.0,272.0,1
15340,0,469,1,105.5,15.071428571428571,0.0,0.0,1
16234,85,383,3,333.18,22.212,42.5,47.0,1
16392,292,177,3,763.05,5.121140939597315,146.0,148.0,1
16391,161,308,4,1103.61,3.33416918429003,53.666666666666664,97.0,1
15256,413,56,2,170.4,17.04,413.0,413.0,1
17699,84,384,2,442.0,23.263157894736842,85.0,85.0,1
16695,0,469,2,193.15,5.365277777777778,0.0,0.0,1
14069,46,422,2,230.06,5.477619047619048,47.0,47.0,1
16101,126,342,3,1938.46,16.71086206896552,63.5,80.0,0
14876,40,428,2,256.7,19.746153846153845,40.0,40.0,1
16691,143,325,2,178.82999999999998,16.257272727272724,143.0,143.0,1
15985,438,30,7,2715.2799999999997,26.108461538461537,73.0,200.0,1
16218,446,22,12,3990.77,26.255065789473683,40.63636363636363,119.0,0
15400,447,21,7,1197.3,46.05,66.85714285714286,142.0,0
15254,433,34,3,1088.35,16.244029850746266,216.5,419.0,1
13602,179,289,3,596.28,17.036571428571428,89.5,125.0,0
17741,153,314,2,101.1,16.849999999999998,154.0,154.0,1
17822,140,327,5,2188.5,12.434659090909092,35.0,140.0,1
12619,444,23,6,2227.6,45.46122448979592,88.8,307.0,0
17583,0,467,1,135.95,19.42142857142857,0.0,0.0,1
16035,0,467,1,217.73,10.368095238095238,0.0,0.0,1
12499,0,467,1,393.72,14.582222222222223,0.0,0.0,1
18044,393,73,15,2522.54,16.816933333333335,28.142857142857142,90.0,0
14104,405,62,5,771.58,5.395664335664336,101.5,224.0,1
17617,0,466,1,395.33,20.806842105263158,0.0,0.0,1
15938,444,19,9,734.81,18.84128205128205,55.5,133.0,1
16518,272,191,3,665.75,17.07051282051282,136.0,137.0,0
15135,317,146,2,305.68,15.284,317.0,317.0,1
15980,302,161,5,4955.0,52.712765957446805,75.5,236.0,0
15670,259,204,2,325.2,17.11578947368421,260.0,260.0,1
18038,0,463,1,149.41,4.6690625,0.0,0.0,1
17745,78,385,2,600.34,21.440714285714286,78.0,78.0,1
13472,91,371,2,592.24,21.15142857142857,92.0,92.0,1
15246,317,145,3,780.4,15.301960784313724,158.5,197.0,1
15887,148,314,3,1027.15,27.760810810810813,74.5,95.0,1
15714,102,360,3,453.93,32.42357142857143,51.0,96.0,0
16565,191,271,4,773.05,70.27727272727272,63.666666666666664,80.0,1
16401,423,39,18,5206.25,18.3318661971831,24.941176470588236,52.0,0
15305,0,462,1,93.6,18.72,0.0,0.0,1
17096,412,50,9,3180.99,16.56765625,51.5,122.0,0
14033,0,462,1,109.44,109.44,0.0,0.0,1
16896,0,462,1,103.95,5.775,0.0,0.0,1
14859,350,111,2,648.76,34.14526315789474,350.0,350.0,0
15502,431,31,7,9564.07,29.887718749999998,71.83333333333333,152.0,0
12874,169,292,2,948.42,19.75875,169.0,169.0,1
17216,0,461,1,65.05,4.646428571428571,0.0,0.0,1
13031,147,314,5,3419.27,7.860390804597701,36.75,49.0,1
17683,168,293,3,819.01,17.804565217391303,84.5,126.0,1
18214,23,438,4,1780.34,30.69551724137931,8.0,14.0,1
15731,0,461,1,125.3,15.6625,0.0,0.0,1
14486,41,419,2,175.5,29.25,42.0,42.0,1
14436,454,6,2,271.7,24.7,455.0,455.0,1
14902,157,303,2,702.96,18.024615384615384,158.0,158.0,0
18206,0,460,1,314.65999999999997,16.561052631578946,0.0,0.0,1
17235,180,279,7,1696.72,21.209,30.166666666666668,91.0,0
14687,445,14,3,1402.06,35.0515,222.5,294.0,1
14766,383,75,9,5614.08,18.839194630872484,47.875,110.0,0
18234,0,459,1,179.6,5.986666666666666,0.0,0.0,1
16356,354,105,6,415.87,7.0486440677966105,70.8,175.0,1
12911,0,459,1,1680.47,6.77608870967742,0.0,0.0,1
18112,385,73,3,619.91,12.651224489795919,192.5,252.0,0
13109,394,64,2,717.34,15.262553191489362,394.0,394.0,0
14208,456,2,2,567.05,16.20142857142857,457.0,457.0,1
17915,0,458,1,242.13,6.918,0.0,0.0,1
16340,444,14,3,1526.06,4.0479045092838195,222.0,332.0,1
13614,387,71,4,1543.71,9.6481875,129.0,166.0,0
18137,0,458,2,145.99,5.034137931034483,0.0,0.0,1
15976,385,72,6,1746.64,4.38854271356784,77.2,190.0,1
14128,295,163,2,592.25,14.445121951219512,296.0,296.0,0
13056,0,458,1,209.48,11.025263157894736,0.0,0.0,1
14247,273,185,5,772.66,6.603931623931624,68.25,126.0,1
14734,125,333,4,1056.42,16.76857142857143,42.0,58.0,1
17009,0,458,1,242.06,22.005454545454544,0.0,0.0,1
14309,457,1,9,3061.98,19.754709677419356,57.125,137.0,0
15958,147,311,3,388.64,5.800597014925373,73.5,133.0,0
17987,365,92,5,1003.64,5.638426966292135,91.25,191.0,1
14028,0,457,3,10396.5,1155.1666666666667,0.0,0.0,1
15471,170,287,2,847.0799999999999,9.965647058823528,170.0,170.0,0
14515,359,98,8,2412.82,22.979238095238095,51.285714285714285,169.0,0
16382,142,315,2,353.1,8.025,142.0,142.0,1
13699,395,62,2,764.15,20.6527027027027,395.0,395.0,1
17515,344,113,8,1549.81,9.116529411764706,49.142857142857146,76.0,0
14786,0,457,1,90.96,12.994285714285713,0.0,0.0,1
16232,406,50,6,2447.13,24.71848484848485,81.4,205.0,0
18100,0,457,1,451.56,15.052,0.0,0.0,1
15872,171,286,2,434.75,4.997126436781609,172.0,172.0,0
12829,213,244,3,385.3,20.278947368421054,107.0,190.0,1
15551,155,301,6,1274.02,10.442786885245901,31.2,109.0,0
17040,412,45,2,463.25,28.953125,413.0,413.0,1
17101,371,85,4,1115.9,23.24791666666667,124.0,216.0,0
15720,0,457,1,143.19,5.303333333333334,0.0,0.0,0
14498,433,23,9,3235.74,10.894747474747474,54.25,175.0,0
17784,0,457,1,112.86,4.90695652173913,0.0,0.0,1
13997,31,426,3,382.31,8.31108695652174,15.5,31.0,1
12928,401,55,10,3378.33,22.673355704697986,44.666666666666664,118.0,0
16048,176,280,4,1075.23,24.437045454545455,58.666666666666664,150.0,1
17543,0,457,1,120.05,9.234615384615385,0.0,0.0,1
18103,0,456,1,105.8,10.58,0.0,0.0,1
17440,392,64,4,323.58,53.93,131.0,302.0,1
15532,417,38,9,3416.76,5.952543554006969,52.25,192.0,0
14308,0,456,2,1147.02,573.51,0.0,0.0,1
16072,260,195,4,4328.89,7.785773381294964,87.0,140.0,1
17713,166,289,4,1198.09,15.764342105263157,55.333333333333336,69.0,1
14616,306,150,5,527.78,105.556,76.5,163.0,1
17417,0,456,1,164.18,10.26125,0.0,0.0,1
13502,273,182,4,677.66,28.235833333333332,91.33333333333333,133.0,0
14260,77,378,3,824.28,16.16235294117647,38.5,77.0,1
15352,0,456,1,114.95,3.1067567567567567,0.0,0.0,1
17282,418,37,5,2339.66,10.78184331797235,104.5,157.0,1
17381,449,6,33,37988.41,235.95285714285717,14.03125,35.0,0
16453,17,438,2,251.71,16.78066666666667,18.0,18.0,1
14230,112,343,3,979.8,29.690909090909088,56.5,113.0,1
14615,153,301,5,951.76,19.828333333333333,38.5,58.0,1
17971,0,455,1,161.94,7.711428571428572,0.0,0.0,1
14180,441,14,29,5680.85,20.657636363636364,15.785714285714286,49.0,0
12424,385,70,4,3340.0299999999997,36.30467391304347,128.66666666666666,260.0,1
12634,12,443,2,490.0,24.5,13.0,13.0,1
17204,372,82,9,5504.69,31.099943502824857,46.5,111.0,1
13065,174,280,5,1260.91,16.59092105263158,43.5,77.0,1
17869,440,14,7,1036.16,10.573061224489797,73.33333333333333,122.0,1
15757,329,125,5,2487.3,15.166463414634148,82.5,169.0,0
15734,432,22,4,2263.3,52.63488372093024,144.33333333333334,236.0,1
15207,130,323,3,683.92,28.496666666666666,65.5,127.0,1
16679,180,273,3,793.06,37.764761904761905,90.5,153.0,1
13438,0,454,1,46.5,46.5,0.0,0.0,1
14618,209,245,5,1000.68,25.017,52.25,130.0,0
15102,16,438,2,554.67,20.543333333333333,16.0,16.0,1
17996,166,287,3,482.33,7.1989552238805965,83.5,167.0,1
17691,188,265,4,780.05,15.000961538461537,62.666666666666664,147.0,1
16209,427,26,8,4001.06,64.53322580645161,61.0,138.0,0
16499,186,267,8,2578.34,17.90513888888889,26.571428571428573,64.0,1
17902,0,454,1,216.4,9.016666666666667,0.0,0.0,1
14228,108,345,3,745.5,19.61842105263158,54.5,84.0,1
13794,0,454,1,126.03,14.003333333333334,0.0,0.0,1
16547,0,453,1,111.71,4.137407407407407,0.0,0.0,1
14727,272,181,3,467.93,9.95595744680851,136.0,272.0,1
13337,0,453,1,1575.26,18.106436781609194,0.0,0.0,1
12429,373,80,7,6580.39,45.071164383561644,62.333333333333336,138.0,0
18022,160,292,4,983.6800000000001,3.2251803278688524,53.666666666666664,133.0,0
17749,368,85,3,1026.18,18.003157894736844,184.0,290.0,1
13601,335,118,3,865.02,6.268260869565217,167.5,181.0,0
14255,0,453,1,1000.63,1000.63,0.0,0.0,1
13745,383,69,2,777.36,13.881428571428572,384.0,384.0,1
16021,149,302,2,532.25,3.670689655172414,149.0,149.0,1
13545,153,298,2,374.64,6.572631578947369,154.0,154.0,1
17790,424,27,18,2181.57,9.127907949790796,24.941176470588236,88.0,0
14224,433,17,9,1897.9,7.97436974789916,54.25,105.0,1
17923,262,189,3,497.0,165.66666666666666,131.0,245.0,1
14581,0,451,1,295.2,6.1499999999999995,0.0,0.0,0
16647,374,77,4,541.9,16.421212121212122,125.0,238.0,1
16622,0,451,1,225.4,18.783333333333335,0.0,0.0,1
13383,0,451,1,305.28,305.28,0.0,0.0,1
13559,30,420,2,990.0,495.0,31.0,31.0,1
16625,269,182,5,1654.03,16.707373737373736,67.25,148.0,1
12897,339,112,4,514.25,36.732142857142854,113.0,162.0,1
15150,434,16,8,7256.23,15.537965738758029,62.0,187.0,0
18020,0,451,1,190.48,15.873333333333333,0.0,0.0,1
15901,388,62,5,449.83,5.6940506329113925,97.25,297.0,0
15016,370,80,5,630.3,5.83611111111111,92.75,221.0,1
16007,362,88,5,2106.65,4.776984126984127,90.75,168.0,0
15361,181,269,4,689.07,68.90700000000001,60.666666666666664,165.0,1
15817,122,328,3,2766.4,18.2,61.5,72.0,1
12637,450,0,10,6677.21,13.599205702647659,50.0,107.0,0
13069,443,7,34,9121.71,8.613512747875353,13.454545454545455,48.0,0
16500,212,238,4,608.05,25.335416666666664,71.0,141.0,0
15905,0,450,1,114.69,5.213181818181818,0.0,0.0,1
17922,0,450,1,170.4,21.3,0.0,0.0,1
14139,52,397,3,670.98,15.604186046511629,26.0,36.0,0
16205,362,87,4,1181.58,9.15953488372093,121.0,217.0,0
13297,157,292,3,2278.77,35.60578125,78.5,120.0,0
17571,396,53,4,766.4399999999999,5.895692307692308,132.33333333333334,244.0,0
15816,0,449,2,144.15,13.104545454545455,0.0,0.0,1
13168,342,106,4,1528.78,9.495527950310558,114.33333333333333,224.0,0
15625,438,11,9,3236.4,18.926315789473684,54.875,141.0,1
15926,0,449,1,134.44,19.205714285714286,0.0,0.0,1
14634,104,345,4,2124.46,19.49045871559633,34.666666666666664,69.0,1
18042,0,449,1,116.10000000000001,12.9,0.0,0.0,0
15040,0,449,1,7.49,7.49,0.0,0.0,1
17952,163,285,4,819.61,7.880865384615385,54.333333333333336,163.0,1
13567,113,335,4,1083.69,5.338374384236453,37.666666666666664,69.0,1
13586,0,448,1,131.53,6.263333333333334,0.0,0.0,1
14374,0,448,1,108.0,15.428571428571429,0.0,0.0,1
15432,0,448,1,149.57,24.92833333333333,0.0,0.0,0
14375,355,92,3,1132.99,5.245324074074074,178.0,265.0,1
14619,295,153,2,1291.24,21.520666666666667,296.0,296.0,1
14075,280,168,4,1100.53,19.65232142857143,93.33333333333333,142.0,0
17401,0,448,1,114.85,9.570833333333333,0.0,0.0,1
13112,0,448,1,20.599999999999998,10.299999999999999,0.0,0.0,1
16492,0,448,1,385.56,16.763478260869565,0.0,0.0,1
13919,419,29,3,1189.02,18.292615384615384,209.5,303.0,0
16134,181,266,4,1810.78,18.66783505154639,60.333333333333336,83.0,0
17098,159,289,3,591.07,32.83722222222222,79.5,134.0,1
12746,0,448,1,254.55,14.973529411764707,0.0,0.0,1
17692,413,34,12,2975.7999999999997,18.369135802469135,37.54545454545455,99.0,1
16515,389,58,8,2576.78,13.014040404040404,55.714285714285715,98.0,0
13608,0,448,1,236.2,6.561111111111111,0.0,0.0,1
14508,164,283,3,598.52,4.568854961832061,82.0,164.0,0
16925,0,447,1,125.65,6.980555555555556,0.0,0.0,1
17953,0,447,1,160.82,7.658095238095238,0.0,0.0,1
15718,0,447,1,293.79,16.32166666666667,0.0,0.0,1
17341,383,64,5,1889.83,4.643316953316953,96.0,210.0,1
13277,423,23,5,390.8,20.568421052631578,105.75,247.0,0
16155,158,289,5,796.9,16.602083333333333,39.5,69.0,1
14919,0,446,1,359.35,27.642307692307693,0.0,0.0,1
12412,401,45,5,2260.79,20.367477477477475,100.5,233.0,0
14840,271,175,2,362.71,16.48681818181818,272.0,272.0,1
16486,0,445,1,134.36,19.194285714285716,0.0,0.0,1
18128,0,444,1,420.04,9.334222222222223,0.0,0.0,1
15247,414,29,3,976.06,57.41529411764706,207.5,355.0,1
16739,359,84,2,786.43,20.695526315789472,360.0,360.0,1
15786,422,21,3,6743.46,18.47523287671233,211.0,303.0,0
12469,14,430,2,3070.54,40.40184210526316,14.0,14.0,1
14338,375,68,3,928.1,18.562,187.5,340.0,1
13707,269,174,5,3365.86,21.715225806451613,67.25,114.0,1
16815,82,361,2,410.97,5.553648648648649,83.0,83.0,1
16062,402,41,7,2487.97,14.72171597633136,67.16666666666667,123.0,0
16315,205,238,2,402.71,17.50913043478261,206.0,206.0,1
16503,429,14,11,3614.34,16.9687323943662,43.0,116.0,1
17192,0,443,1,77.83,3.7061904761904763,0.0,0.0,1
15081,327,115,9,1708.97,18.376021505376343,40.875,159.0,0
12774,0,443,1,98.7,16.45,0.0,0.0,1
16227,310,132,3,1027.22,30.212352941176473,155.0,269.0,1
12724,361,80,5,1566.47,16.664574468085107,90.5,159.0,0
16894,33,409,3,1324.06,6.932251308900523,16.5,33.0,1
15809,351,91,6,1157.88,23.157600000000002,70.2,157.0,0
14874,0,442,1,116.18,19.363333333333333,0.0,0.0,1
14793,0,442,1,396.91,15.8764,0.0,0.0,0
16680,6,435,2,637.75,33.56578947368421,6.0,6.0,0
17422,441,0,10,3314.36,17.536296296296296,49.0,85.0,0
12792,278,164,2,827.01,17.59595744680851,278.0,278.0,1
17380,100,341,3,645.0,64.5,50.0,66.0,1
14725,140,302,3,597.16,11.267169811320754,70.0,140.0,0
17310,147,294,2,1025.1,512.55,147.0,147.0,1
13942,0,442,1,320.0,320.0,0.0,0.0,1
12379,364,77,3,1227.82,20.128196721311475,182.0,252.0,0
16825,348,93,4,1370.41,29.157659574468088,116.33333333333333,193.0,0
16180,434,7,13,16249.87,49.693792048929666,36.166666666666664,226.0,1
14509,0,441,1,110.95,4.438,0.0,0.0,1
15248,122,318,3,1893.93,17.867264150943395,61.5,65.0,1
15991,0,441,1,150.55,25.09166666666667,0.0,0.0,1
17304,0,441,1,111.5,22.3,0.0,0.0,1
15913,0,441,1,6.3,6.3,0.0,0.0,1
17686,413,28,7,7146.7,19.420380434782608,68.83333333333333,121.0,0
12705,375,65,9,9056.33,19.227876857749468,46.875,112.0,0
14566,423,18,4,4092.0,255.75,141.0,307.0,1
16683,0,441,1,320.25,17.791666666666668,0.0,0.0,1
15043,69,370,5,2336.8,47.68979591836735,17.5,27.0,0
12741,3,436,2,406.07,25.379375,4.0,4.0,1
17099,0,440,1,582.17,14.55425,0.0,0.0,1
15629,82,357,4,2240.9,29.102597402597404,27.333333333333332,47.0,1
14326,290,149,3,940.98,16.50842105263158,145.0,221.0,1
16961,415,23,3,794.56,15.28,208.0,272.0,1
15824,78,360,2,890.94,34.26692307692308,79.0,79.0,1
16539,312,127,9,3396.81,23.426275862068966,39.125,139.0,0
15779,69,370,2,124.08,15.51,69.0,69.0,1
14058,67,370,2,469.19,19.549583333333334,68.0,68.0,1
13861,101,336,2,273.26,13.012380952380951,101.0,101.0,1
14199,312,125,4,1091.7,60.650000000000006,104.0,205.0,1
17194,256,181,3,812.5,13.319672131147541,128.5,170.0,1
16529,340,97,4,2012.0,15.5968992248062,113.33333333333333,287.0,1
15264,0,437,1,454.66,14.208125,0.0,0.0,0
17812,162,275,4,651.28,5.21024,54.0,106.0,0
16733,0,437,1,259.68,21.64,0.0,0.0,1
17437,0,437,1,373.17,7.040943396226416,0.0,0.0,1
16012,401,36,4,2706.62,13.60110552763819,133.66666666666666,246.0,0
13129,77,359,2,233.25,21.204545454545453,77.0,77.0,1
17578,311,125,7,1047.33,16.11276923076923,51.833333333333336,256.0,1
13123,56,380,2,506.75,11.261111111111111,57.0,57.0,1
12451,311,125,5,8942.18,25.403920454545457,77.75,139.0,0
12784,0,436,1,1230.33,17.087916666666665,0.0,0.0,0
17326,121,315,2,321.95,3.6174157303370786,121.0,121.0,1
12485,0,436,1,708.1,20.826470588235296,0.0,0.0,1
14020,52,383,2,606.21,18.37,53.0,53.0,0
13859,203,233,2,515.86,14.329444444444444,203.0,203.0,1
12527,234,202,4,671.72,23.162758620689655,78.33333333333333,169.0,0
12799,0,436,1,219.35,14.623333333333333,0.0,0.0,1
13023,398,37,2,1095.53,19.563035714285714,399.0,399.0,0
13299,260,175,3,1218.7,19.656451612903226,130.0,155.0,1
14774,0,436,1,241.45,18.573076923076922,0.0,0.0,1
12788,65,370,4,444.9,17.111538461538462,21.666666666666668,39.0,1
12529,0,435,1,316.48,15.07047619047619,0.0,0.0,1
13620,0,435,1,112.34,22.468,0.0,0.0,1
15430,60,375,2,954.75,26.520833333333332,61.0,61.0,1
12415,428,6,22,121631.72,149.79275862068965,20.38095238095238,77.0,0
15842,134,300,2,548.8,21.951999999999998,134.0,134.0,1
13752,403,31,7,1590.73,16.744526315789475,67.16666666666667,281.0,1
13739,0,435,1,75.3,25.099999999999998,0.0,0.0,0
14398,126,308,2,707.79,13.354528301886791,126.0,126.0,1
17666,50,385,3,1319.6399999999999,50.755384615384614,25.0,33.0,0
18053,1,433,2,271.05,22.587500000000002,2.0,2.0,0
14217,427,7,16,2623.41,18.218125,28.533333333333335,74.0,0
15486,0,434,1,102.0,102.0,0.0,0.0,1
17748,0,434,1,358.15,21.06764705882353,0.0,0.0,1
13814,389,44,2,1295.74,24.447924528301886,217.5,390.0,0
13649,270,164,6,1678.88,13.324444444444445,54.2,110.0,1
12575,69,364,2,622.82,16.39,69.0,69.0,1
12653,378,56,3,4160.83,48.38174418604651,189.0,230.0,1
15852,340,94,3,257.26,7.795757575757576,170.0,329.0,1
17239,213,220,4,1189.45,37.1703125,71.33333333333333,101.0,1
15888,125,308,2,260.85,9.661111111111111,126.0,126.0,0
18109,416,18,29,6298.26,12.349529411764706,14.857142857142858,46.0,0
17651,370,63,10,2906.53,17.09723529411765,41.22222222222222,321.0,0
13302,371,62,2,159.2,53.06666666666666,371.0,371.0,1
15851,0,434,1,109.73,13.71625,0.0,0.0,1
16926,155,278,5,1421.35,12.46798245614035,38.75,85.0,1
12576,430,3,7,1763.44,15.202068965517242,71.83333333333333,88.0,0
13292,242,191,4,665.14,15.836666666666666,80.66666666666667,131.0,0
13439,270,162,3,986.61,5.907844311377246,135.5,138.0,1
17187,299,134,2,467.71,20.335217391304347,300.0,300.0,1
18217,12,421,2,323.28999999999996,35.92111111111111,13.0,13.0,0
17080,256,177,6,746.23,28.701153846153847,51.4,118.0,0
16907,378,55,8,1438.13,6.4202232142857145,54.0,91.0,0
14693,261,172,7,1165.3600000000001,15.538133333333334,43.5,161.0,1
18230,431,1,7,3627.22,29.489593495934958,71.83333333333333,147.0,0
12633,395,37,6,5462.93,18.772955326460483,79.2,108.0,0
14699,311,121,4,702.6,14.052,103.66666666666667,221.0,1
14963,341,91,8,1970.88,5.9185585585585585,48.857142857142854,196.0,0
13246,348,83,10,3261.12,9.238300283286119,38.77777777777778,86.0,0
14366,0,432,1,136.0,136.0,0.0,0.0,1
13125,0,431,1,158.57,7.55095238095238,0.0,0.0,1
14647,322,108,2,519.97,10.195490196078431,322.0,322.0,1
16032,67,363,6,1970.45,9.294575471698113,13.4,21.0,1
13029,384,46,4,1453.0,103.78571428571429,128.33333333333334,215.0,0
17376,211,218,3,356.29,8.0975,105.5,118.0,0
15627,65,364,2,566.9,23.620833333333334,65.0,65.0,1
15678,127,302,2,1541.19,18.13164705882353,127.0,127.0,0
16110,260,169,3,1175.72,3.985491525423729,130.0,211.0,0
15969,336,93,3,769.65,30.785999999999998,168.5,240.0,0
12953,0,429,1,498.96,16.09548387096774,0.0,0.0,0
12693,395,34,7,1703.02,21.557215189873418,65.83333333333333,84.0,1
15076,349,80,3,1447.74,18.09675,175.0,320.0,1
14900,0,429,1,13.92,13.92,0.0,0.0,1
16576,101,327,2,540.87,16.39,101.0,101.0,1
17901,0,429,2,149.7,49.9,0.0,0.0,0
12403,0,429,1,591.6600000000001,147.91500000000002,0.0,0.0,0
12730,0,429,1,829.25,17.643617021276597,0.0,0.0,1
14452,427,1,3,528.52,5.2852,214.0,302.0,0
12749,390,38,7,5561.71,20.830374531835208,65.16666666666667,186.0,0
13909,98,330,2,286.6,7.348717948717949,98.0,98.0,1
16443,0,428,1,162.24,162.24,0.0,0.0,1
15133,392,35,5,1806.9,36.875510204081635,98.25,138.0,1
17129,0,427,1,31.85,15.925,0.0,0.0,1
13534,412,15,31,6222.35,18.85560606060606,13.766666666666667,43.0,0
16649,0,427,1,306.58,15.328999999999999,0.0,0.0,1
15056,0,427,1,133.45,19.064285714285713,0.0,0.0,1
13677,115,312,2,556.19,5.198037383177571,116.0,116.0,1
15127,0,427,1,304.97,25.41416666666667,0.0,0.0,0
12782,369,57,10,4365.99,20.497605633802817,41.111111111111114,104.0,0
12592,305,120,4,2376.86,33.011944444444445,106.75,306.0,0
16650,99,327,6,1397.69,18.887702702702704,19.8,47.0,0
12963,153,273,5,2110.76,19.015855855855857,38.5,70.0,0
18279,0,426,1,231.34,17.795384615384616,0.0,0.0,1
12841,412,14,32,6369.77,11.0013298791019,13.32258064516129,42.0,0
13399,54,371,3,275.4,18.36,27.5,41.0,1
17492,270,155,3,1122.42,28.78,135.0,230.0,1
14580,0,425,1,14.85,14.85,0.0,0.0,1
15283,127,297,3,148.32999999999998,16.481111111111108,64.0,97.0,1
16049,141,282,3,787.89,4.168730158730159,70.5,133.0,0
14516,0,423,1,163.92,4.43027027027027,0.0,0.0,1
13779,0,423,1,161.13,5.967777777777777,0.0,0.0,1
18238,0,422,1,270.92,19.351428571428574,0.0,0.0,1
17143,98,324,2,924.11,7.637272727272728,98.0,98.0,1
14248,197,225,3,1032.95,21.977659574468085,98.5,141.0,1
16469,267,153,3,455.36,4.949565217391305,134.0,268.0,0
13428,0,421,2,281.51,4.021571428571429,0.0,0.0,0
16435,2,419,3,1011.5699999999999,8.028333333333332,1.0,2.0,1
17408,350,70,3,316.09,39.51125,175.5,337.0,1
14610,118,303,2,24.35,2.435,119.0,119.0,1
17714,192,228,5,1410.18,17.40962962962963,48.25,104.0,1
18123,0,421,1,95.15,4.136956521739131,0.0,0.0,0
17034,225,195,3,680.2,19.434285714285714,113.0,122.0,0
15332,147,273,6,6553.74,34.675873015873016,29.4,113.0,1
18096,70,349,3,894.13,3.973911111111111,35.5,65.0,0
16172,417,2,8,1884.55,16.677433628318585,59.714285714285715,232.0,1
14007,0,420,1,79.48,15.896,0.0,0.0,1
15530,363,57,4,1480.1,11.473643410852713,121.0,266.0,0
17559,0,420,1,167.62,13.968333333333334,0.0,0.0,1
17783,264,155,2,208.85,3.7972727272727274,265.0,265.0,0
13255,138,281,2,730.65,29.226,139.0,139.0,0
14084,0,419,1,150.5,21.5,0.0,0.0,1
16251,0,419,1,128.31,6.4155,0.0,0.0,1
17968,138,281,4,888.04,4.036545454545454,46.333333333333336,123.0,1
18021,2,417,2,227.06,6.880606060606061,3.0,3.0,1
15908,21,398,2,764.57,18.648048780487805,22.0,22.0,1
17921,363,55,9,2198.7400000000002,6.723975535168196,45.5,113.0,0
15452,247,171,4,1507.6299999999999,8.062192513368982,82.33333333333333,126.0,0
13959,230,188,5,815.42,7.765904761904761,57.5,87.0,0
17680,127,290,2,313.05,34.78333333333333,128.0,128.0,0
12977,355,63,4,517.63,8.773389830508474,118.33333333333333,345.0,1
16128,367,51,8,2615.53,19.96587786259542,52.57142857142857,139.0,0
17541,0,417,1,124.46,3.7715151515151515,0.0,0.0,1
17261,0,417,1,230.44,5.009565217391304,0.0,0.0,1
14553,290,126,6,1294.59,5.728274336283185,58.2,121.0,0
15151,86,330,2,2085.61,36.58964912280702,86.0,86.0,1
17339,415,1,3,362.36,25.882857142857144,207.5,271.0,1
15189,416,0,37,13836.66,67.49590243902439,11.555555555555555,51.0,0
16496,301,115,5,1916.29,16.80956140350877,75.5,115.0,0
14674,0,416,1,173.66,12.404285714285715,0.0,0.0,1
16089,122,293,2,271.44,5.4288,123.0,123.0,1
14599,118,297,2,474.54,5.787073170731707,119.0,119.0,1
12696,74,342,2,851.91,17.38591836734694,74.0,74.0,1
16861,350,65,4,843.63,18.747333333333334,116.66666666666667,232.0,0
15788,0,416,1,221.82999999999998,15.844999999999999,0.0,0.0,1
17395,0,415,1,97.5,32.5,0.0,0.0,1
17090,409,5,10,1917.3,40.793617021276596,45.55555555555556,129.0,0
17470,380,34,10,2496.27,17.0977397260274,42.333333333333336,119.0,0
12864,369,45,2,299.57,42.79571428571428,370.0,370.0,1
14922,114,301,2,843.74,16.8748,114.0,114.0,1
13509,407,7,6,840.02,23.33388888888889,81.6,223.0,0
16129,100,314,3,1396.05,14.542187499999999,50.0,77.0,1
15617,111,303,3,828.55,19.72738095238095,55.5,92.0,1
12480,364,50,6,4328.17,21.426584158415842,72.8,124.0,0
14797,0,414,1,300.31,18.769375,0.0,0.0,1
12720,412,1,22,6168.78,15.696641221374046,19.61904761904762,60.0,0
13913,0,414,1,42.22,14.073333333333332,0.0,0.0,1
13444,131,281,2,631.68,10.89103448275862,132.0,132.0,1
18074,131,281,2,1509.04,26.947142857142858,132.0,132.0,1
14858,0,413,1,180.75,16.431818181818183,0.0,0.0,1
16975,82,330,3,926.12,20.580444444444446,41.0,42.0,1
17643,132,280,2,541.25,13.878205128205128,132.0,132.0,1
16555,395,17,5,1781.77,30.720172413793104,99.0,396.0,0
12421,390,22,5,920.12,16.430714285714284,97.75,146.0,0
16165,0,412,1,79.9,79.9,0.0,0.0,1
17918,4,408,3,396.39,9.909749999999999,2.5,4.0,1
14236,133,279,4,1443.08,37.97578947368421,44.333333333333336,59.0,0
17177,0,412,1,119.5,4.120689655172414,0.0,0.0,1
13788,0,412,1,3.75,3.75,0.0,0.0,1
18026,4,408,2,2074.07,122.00411764705883,5.0,5.0,1
12595,0,412,1,299.02,15.737894736842104,0.0,0.0,1
16203,356,55,5,899.9399999999999,13.635454545454545,89.25,145.0,0
13665,117,293,3,1711.66,16.147735849056605,59.0,82.0,1
14312,317,94,9,2333.29,16.431619718309857,39.75,88.0,0
18132,0,411,1,226.9,3.437878787878788,0.0,0.0,1
18244,72,338,2,568.64,29.928421052631577,72.0,72.0,1
17112,0,410,1,205.17000000000002,4.103400000000001,0.0,0.0,1
12866,219,190,3,1227.35,19.48174603174603,109.5,191.0,1
15431,0,410,1,153.24,76.62,0.0,0.0,1
12410,193,216,3,1013.71,25.342750000000002,97.0,194.0,1
13239,240,169,5,1594.69,17.14720430107527,60.25,176.0,1
13250,41,368,2,256.04,12.802000000000001,42.0,42.0,1
12889,121,288,4,385.46,15.418399999999998,40.333333333333336,48.0,1
13137,409,0,13,5993.33,5.252699386503068,34.166666666666664,114.0,0
15378,39,370,2,246.5,20.541666666666668,39.0,39.0,1
12476,360,48,18,10490.66,26.22665,21.176470588235293,77.0,0
15080,74,335,2,546.25,17.620967741935484,74.0,74.0,1
17494,0,409,1,54.7,18.233333333333334,0.0,0.0,1
14435,0,409,1,90.42,30.14,0.0,0.0,1
17224,0,408,1,100.86000000000001,12.607500000000002,0.0,0.0,1
15142,90,317,5,2121.18,18.28603448275862,22.5,50.0,0
12801,0,408,1,1071.82,21.4364,0.0,0.0,1
14384,0,408,1,58.5,19.5,0.0,0.0,1
16219,0,408,1,40.8,40.8,0.0,0.0,1
15873,1,407,4,313.91999999999996,52.31999999999999,0.3333333333333333,1.0,1
13384,371,36,6,4284.74,23.036236559139784,74.4,212.0,0
13161,187,220,2,478.88,14.08470588235294,187.0,187.0,1
15284,0,407,1,24.75,24.75,0.0,0.0,1
12804,34,373,2,327.02,4.88089552238806,35.0,35.0,1
12547,302,105,3,383.58,18.265714285714285,151.5,220.0,1
13435,389,17,5,1753.46,19.92568181818182,97.5,187.0,0
17122,380,26,4,570.5,19.016666666666666,126.66666666666667,269.0,1
15228,370,37,5,4417.59,22.311060606060607,92.5,134.0,0
14463,401,5,4,786.5699999999999,98.32124999999999,133.66666666666666,294.0,1
15596,398,8,9,3130.04,17.784318181818183,49.875,114.0,1
18207,0,406,1,544.47,17.563548387096777,0.0,0.0,1
13796,0,406,1,289.7,13.168181818181818,0.0,0.0,1
16278,399,7,3,1117.84,20.324363636363636,199.5,380.0,1
16937,0,406,1,202.1,3.9627450980392154,0.0,0.0,1
18264,0,406,1,603.25,16.756944444444443,0.0,0.0,1
14833,0,406,1,94.8,13.542857142857143,0.0,0.0,1
14901,397,9,8,1690.48,12.90442748091603,56.714285714285715,238.0,0
18075,392,13,18,5129.29,17.810034722222223,23.058823529411764,57.0,0
12737,0,406,2,3710.5,1855.25,0.0,0.0,1
17168,0,406,1,400.2,19.057142857142857,0.0,0.0,1
16045,378,27,8,3434.93,23.208986486486484,54.142857142857146,126.0,1
12408,399,6,7,3586.27,26.369632352941178,66.66666666666667,125.0,0
15021,341,64,8,1988.09,3.73,48.857142857142854,106.0,0
14346,376,28,5,2315.75,15.861301369863014,94.25,177.0,1
16428,84,321,3,660.28,4.8549999999999995,42.0,84.0,1
17109,265,139,4,875.01,11.51328947368421,88.33333333333333,174.0,0
17735,403,1,23,15226.15,19.128329145728642,18.363636363636363,50.0,0
15459,80,324,2,202.82999999999998,28.975714285714282,80.0,80.0,1
14455,63,339,4,628.21,7.952025316455697,21.0,32.0,1
13766,0,402,1,190.35,11.197058823529412,0.0,0.0,1
13474,258,143,3,663.79,5.106076923076923,129.5,207.0,1
12862,69,333,2,1008.3199999999999,7.581353383458646,70.0,70.0,1
13617,381,20,7,1100.27,12.090879120879121,63.666666666666664,228.0,0
15666,23,379,2,632.9399999999999,9.44686567164179,23.0,23.0,1
15200,0,402,1,549.05,18.301666666666666,0.0,0.0,1
18277,97,304,4,1069.67,19.10125,32.333333333333336,78.0,0
13090,358,43,19,10104.29,49.53083333333334,19.88888888888889,63.0,0
12907,98,303,2,508.91,20.3564,99.0,99.0,1
16060,93,308,3,541.95,22.58125,47.0,64.0,1
16440,279,122,2,488.76,8.145999999999999,279.0,279.0,0
14001,260,140,8,3796.15,39.13556701030928,37.285714285714285,141.0,0
18048,290,110,3,401.73,6.585737704918033,145.0,290.0,1
17665,0,400,1,563.1,29.63684210526316,0.0,0.0,1
16880,393,7,7,1430.8,9.60268456375839,65.66666666666667,304.0,0
16316,336,64,12,5018.81,19.22915708812261,30.545454545454547,81.0,0
14219,83,317,2,543.89,15.108055555555556,84.0,84.0,0
15363,120,280,2,1004.11,19.68843137254902,120.0,120.0,1
16417,0,400,1,35.7,35.7,0.0,0.0,1
15387,0,399,1,468.65,23.432499999999997,0.0,0.0,1
16334,0,399,1,277.48,4.784137931034483,0.0,0.0,1
15587,349,50,5,1065.24,106.524,87.25,209.0,0
13084,0,399,1,122.39999999999999,61.199999999999996,0.0,0.0,1
13155,165,234,4,1347.62,9.490281690140844,55.0,78.0,0
17156,0,399,1,591.87,15.176153846153847,0.0,0.0,1
18079,364,34,3,2796.96,34.10926829268293,182.5,253.0,0
15271,396,2,19,3799.09,7.644044265593561,22.055555555555557,98.0,0
14521,0,398,1,199.45000000000002,11.732352941176472,0.0,0.0,1
13135,294,104,2,3371.45,187.30277777777778,295.0,295.0,1
13140,382,15,5,1215.68,9.964590163934426,95.75,251.0,1
18154,102,296,3,533.41,20.51576923076923,51.0,86.0,0
17975,375,22,22,6496.02,14.899128440366974,17.904761904761905,44.0,0
16196,0,396,1,93.3,23.325,0.0,0.0,1
17132,36,359,2,1272.8,16.317948717948717,36.0,36.0,1
14575,0,395,1,460.71,6.225810810810811,0.0,0.0,1
17393,77,318,2,381.15000000000003,7.940625000000001,78.0,78.0,1
15262,164,231,3,418.82,16.108461538461537,82.5,108.0,1
13653,0,395,1,152.2,16.91111111111111,0.0,0.0,1
17732,115,280,8,2470.39,17.645642857142857,16.428571428571427,29.0,1
12458,203,192,3,1272.01,19.569384615384614,101.5,143.0,0
15595,0,395,1,357.59999999999997,89.39999999999999,0.0,0.0,1
14631,252,142,5,1648.79,21.983866666666668,63.0,88.0,0
14794,283,111,7,1313.53,20.52390625,47.333333333333336,73.0,0
17212,233,160,3,794.41,27.393448275862067,116.5,205.0,1
14022,261,132,2,792.15,16.854255319148937,261.0,261.0,1
14053,362,31,4,572.3,63.58888888888888,120.66666666666667,238.0,1
13045,387,6,3,808.92,17.976,193.5,302.0,1
14722,339,54,3,513.37,5.461382978723404,169.5,330.0,1
16221,210,183,8,1686.02,8.558477157360405,30.142857142857142,92.0,0
13839,0,393,1,139.95000000000002,19.992857142857144,0.0,0.0,1
14144,0,393,1,30.6,30.6,0.0,0.0,1
14913,302,90,7,3762.85,16.949774774774774,50.333333333333336,90.0,0
13717,356,36,6,1274.28,13.701935483870967,71.4,159.0,0
15837,0,393,1,385.03,13.751071428571427,0.0,0.0,0
13594,0,393,1,136.35,19.478571428571428,0.0,0.0,0
12771,0,393,1,282.3,18.82,0.0,0.0,1
14700,295,97,4,2438.56,18.473939393939393,98.66666666666667,177.0,0
14822,0,392,1,157.7,17.522222222222222,0.0,0.0,1
17615,355,37,6,733.2,12.427118644067797,71.0,165.0,1
14736,0,392,2,401.08,4.0108,0.0,0.0,1
15110,358,34,4,886.3,23.95405405405405,119.66666666666667,192.0,0
16033,376,15,23,7898.03,8.018304568527919,17.136363636363637,43.0,0
15652,97,294,4,1082.6,13.043373493975903,32.666666666666664,54.0,0
16477,353,39,10,3824.82,16.275829787234045,39.22222222222222,83.0,0
14630,0,391,1,338.65,16.126190476190477,0.0,0.0,1
18227,266,125,2,388.75,64.79166666666667,267.0,267.0,1
12959,0,391,1,150.95,18.86875,0.0,0.0,1
17639,207,183,6,615.17,7.7869620253164555,41.4,111.0,1
14550,95,295,2,587.69,11.753800000000002,95.0,95.0,0
12676,359,31,9,2509.75,27.279891304347824,45.0,97.0,0
14153,0,390,1,233.39999999999998,13.729411764705882,0.0,0.0,1
16345,0,390,1,623.33,8.538767123287672,0.0,0.0,0
17300,90,298,2,393.64,8.946363636363635,91.0,91.0,1
15893,0,389,1,305.28,305.28,0.0,0.0,1
16043,270,118,7,1759.09,27.062923076923077,45.0,71.0,0
17248,361,27,2,546.16,4.668034188034188,361.0,361.0,1
16468,11,377,2,712.62,16.572558139534884,11.0,11.0,0
14996,0,388,2,442.29,10.787560975609757,0.0,0.0,1
14183,69,318,2,286.29,8.179714285714287,70.0,70.0,1
17299,380,7,4,615.16,6.990454545454545,127.0,266.0,0
15050,59,328,2,2411.7,30.91923076923077,59.0,59.0,0
12687,0,388,2,2138.91,16.97547619047619,0.0,0.0,1
13063,0,388,1,188.4,15.700000000000001,0.0,0.0,1
14379,184,202,3,1031.79,10.3179,92.5,98.0,0
13945,85,302,2,854.15,16.748039215686273,85.0,85.0,1
14531,0,387,1,376.34,12.977241379310344,0.0,0.0,1
17430,114,272,3,582.01,17.636666666666667,57.0,93.0,0
14749,0,387,1,310.15,17.230555555555554,0.0,0.0,1
17513,70,316,2,645.6,53.800000000000004,71.0,71.0,0
15072,0,386,1,187.51999999999998,14.424615384615382,0.0,0.0,1
13320,372,14,5,1660.55,14.566228070175438,93.0,221.0,0
17627,0,386,1,296.36,29.636000000000003,0.0,0.0,1
15310,0,386,1,1634.6399999999999,36.32533333333333,0.0,0.0,1
17792,11,374,2,370.05,6.9820754716981135,11.0,11.0,1
16675,36,349,2,608.86,26.47217391304348,37.0,37.0,1
16638,379,6,14,2300.75,17.298872180451127,29.153846153846153,145.0,0
15764,371,14,7,4499.73,18.217530364372468,61.833333333333336,158.0,0
17585,368,16,7,2093.3,5.2727959697733,61.5,107.0,1
15154,0,385,2,1091.99,10.601844660194175,0.0,0.0,0
15506,338,46,4,1270.12,7.605508982035928,113.0,243.0,0
17599,0,385,1,52.05,17.349999999999998,0.0,0.0,1
12851,380,4,2,284.13,3.551625,381.0,381.0,1
16919,320,63,24,5125.91,8.009234375,13.956521739130435,112.0,1
13479,276,108,4,851.37,16.063584905660377,92.33333333333333,218.0,1
18191,215,169,2,529.4,35.29333333333333,216.0,216.0,1
16299,0,384,1,193.65,16.1375,0.0,0.0,1
12519,0,384,1,385.7,17.53181818181818,0.0,0.0,0
12433,110,273,5,10992.51,25.386859122401848,27.5,50.0,0
16562,0,384,1,223.86,6.584117647058824,0.0,0.0,1
16294,0,384,1,126.05,15.75625,0.0,0.0,1
12865,352,31,3,2736.62,17.320379746835442,176.5,255.0,0
15322,0,383,1,711.18,17.345853658536583,0.0,0.0,0
14243,380,2,15,7148.23,20.023053221288514,27.214285714285715,69.0,0
16396,0,383,1,137.8,17.225,0.0,0.0,1
15855,339,44,6,1052.72,11.081263157894737,68.0,213.0,1
17471,0,382,1,321.65,16.928947368421053,0.0,0.0,1
12450,318,63,5,688.2,18.6,79.5,226.0,1
17689,85,295,2,317.08,14.412727272727272,86.0,86.0,1
14767,0,381,1,382.81,21.267222222222223,0.0,0.0,1
16770,237,144,8,1818.51,5.8099361022364215,34.0,77.0,0
14565,377,3,5,3859.22,24.120124999999998,94.5,156.0,1
18140,0,381,1,536.41,9.933518518518518,0.0,0.0,1
15683,356,24,2,524.54,20.174615384615382,356.0,356.0,1
14187,0,381,1,123.5,15.4375,0.0,0.0,1
14321,356,24,5,1587.96,11.85044776119403,89.25,157.0,0
13452,213,166,3,729.8,243.26666666666665,106.5,202.0,1
16314,83,297,3,1491.4,24.05483870967742,41.5,69.0,1
17649,334,45,3,1578.89,16.111122448979593,167.0,331.0,1
14342,335,44,4,669.62,29.11391304347826,111.66666666666667,222.0,0
17336,0,379,1,81.12,81.12,0.0,0.0,1
18124,0,379,1,111.53,4.647083333333334,0.0,0.0,1
12721,288,90,6,3055.86,16.977,57.6,86.0,0
14229,179,199,6,1808.97,31.189137931034484,36.0,70.0,0
13548,375,3,3,908.99,4.860909090909091,187.5,228.0,1
14787,0,378,1,110.64999999999999,7.376666666666666,0.0,0.0,1
16448,272,105,2,367.87,7.074423076923077,273.0,273.0,1
14268,0,378,1,354.85,18.676315789473687,0.0,0.0,1
14866,364,13,11,7624.22,117.2956923076923,36.5,225.0,0
16235,283,94,7,1851.69,17.635142857142856,47.333333333333336,109.0,0
16375,0,377,2,104.0,8.0,0.0,0.0,1
14482,371,6,8,2755.71,21.197769230769232,53.0,140.0,0
16288,0,377,1,129.85,18.55,0.0,0.0,1
14544,108,269,2,2079.9,15.406666666666668,109.0,109.0,0
13884,192,184,8,1297.1299999999999,9.19950354609929,27.571428571428573,93.0,0
14499,335,41,6,1694.61,7.955915492957746,67.2,145.0,0
16421,93,283,3,526.27,13.849210526315789,46.5,51.0,1
16870,0,376,1,450.15999999999997,16.077142857142857,0.0,0.0,1
17894,373,3,17,2330.32,5.990539845758355,23.3125,189.0,0
15936,88,286,2,282.79,14.883684210526317,88.0,88.0,1
15074,362,12,3,1566.33,21.45657534246575,181.0,324.0,1
15166,0,375,1,167.16,13.93,0.0,0.0,1
13922,115,259,3,865.2,28.84,58.0,86.0,1
17384,248,126,2,398.79999999999995,49.849999999999994,248.0,248.0,0
12423,364,8,9,2413.75,16.30912162162162,45.625,91.0,0
14885,334,39,3,1598.12,51.552258064516124,167.0,296.0,1
14433,0,373,1,289.6,3.7610389610389614,0.0,0.0,1
17126,313,59,9,2070.44,4.358821052631579,39.125,147.0,1
13714,0,372,1,161.35,5.378333333333333,0.0,0.0,1
12651,130,242,4,377.75,12.591666666666667,43.666666666666664,59.0,1
12573,237,134,5,717.41,6.028655462184874,59.5,154.0,1
16819,0,372,2,182.59,10.740588235294117,0.0,0.0,1
12761,7,365,2,782.95,28.99814814814815,7.0,7.0,1
17215,0,371,1,186.15,16.922727272727272,0.0,0.0,1
15574,286,85,6,1518.7,4.071581769436998,57.4,181.0,1
15677,42,328,2,648.4,16.625641025641023,42.0,42.0,0
12414,246,124,6,952.41,34.01464285714285,49.2,153.0,1
16065,97,272,8,2382.62,5.502586605080831,14.0,33.0,1
18182,0,370,1,291.13,29.113,0.0,0.0,1
12831,200,169,3,451.11,20.505,100.5,201.0,1
14908,0,370,1,104.1,20.82,0.0,0.0,0
13992,82,287,2,142.7,23.78333333333333,83.0,83.0,0
15424,208,161,3,597.78,18.114545454545453,104.5,209.0,1
16872,357,12,5,997.79,66.51933333333334,89.5,243.0,0
16239,273,97,5,1425.9,45.99677419354839,68.5,193.0,0
12808,278,92,4,703.8,16.757142857142856,92.66666666666667,184.0,0
14086,0,370,1,39.95,39.95,0.0,0.0,1
16100,0,370,1,582.64,15.747027027027027,0.0,0.0,1
14009,264,105,3,1099.91,14.863648648648649,132.0,257.0,1
15092,247,122,3,776.46,17.25466666666667,123.5,179.0,1
16289,0,369,1,136.31,6.490952380952381,0.0,0.0,1
14163,309,59,4,1808.1000000000001,37.66875,103.33333333333333,223.0,0
14753,0,368,1,306.36,17.02,0.0,0.0,0
13809,155,212,3,679.6999999999999,27.188,77.5,89.0,1
13506,144,223,5,1639.2,16.726530612244897,36.0,53.0,1
13032,67,300,7,1833.3700000000001,13.002624113475179,11.333333333333334,40.0,0
14318,0,367,1,158.02,17.55777777777778,0.0,0.0,1
13785,31,336,4,542.49,18.083000000000002,10.666666666666666,31.0,1
15543,171,195,2,242.84,4.186896551724138,171.0,171.0,1
13133,185,181,3,200.45,16.704166666666666,93.0,155.0,1
12859,0,366,1,575.1,27.385714285714286,0.0,0.0,1
16832,274,91,5,417.61,19.886190476190478,68.5,211.0,1
14968,0,365,1,357.4,7.445833333333333,0.0,0.0,0
12605,81,283,4,1232.95,16.223026315789475,27.333333333333332,38.0,1
12819,0,365,1,540.52,28.448421052631577,0.0,0.0,1
13683,0,365,1,258.6,25.860000000000003,0.0,0.0,1
13076,0,365,1,135.4,15.044444444444444,0.0,0.0,1
12777,0,365,1,519.45,19.978846153846156,0.0,0.0,1
15752,364,0,8,3674.31,6.7542463235294115,52.0,100.0,0
13005,283,81,4,999.68,17.85142857142857,94.66666666666667,185.0,1
12635,301,62,3,1924.87,16.312457627118643,151.0,238.0,0
16972,73,290,2,786.25,8.934659090909092,74.0,74.0,1
12770,245,118,2,3246.45,115.94464285714285,246.0,246.0,1
14688,363,0,23,6290.32,14.199367945823926,16.545454545454547,48.0,0
13046,190,173,2,517.66,14.790285714285714,190.0,190.0,0
12460,0,363,1,326.65,18.147222222222222,0.0,0.0,1
16886,0,363,1,134.0,16.75,0.0,0.0,1
17456,90,272,2,1225.42,15.914545454545456,91.0,91.0,1
18255,0,363,1,199.85,15.373076923076923,0.0,0.0,0
16095,0,363,1,447.05,14.901666666666667,0.0,0.0,1
17762,0,363,1,129.75,7.632352941176471,0.0,0.0,1
14444,0,363,1,132.04,10.156923076923077,0.0,0.0,1
17473,47,316,2,607.0,17.852941176470587,48.0,48.0,1
17366,23,339,2,1096.24,8.120296296296296,24.0,24.0,1
12760,0,363,1,347.8,16.561904761904763,0.0,0.0,1
17369,0,363,1,979.2,979.2,0.0,0.0,1
14708,301,61,4,1787.0900000000001,45.82282051282051,100.33333333333333,214.0,0
14445,0,363,1,221.65,6.9265625,0.0,0.0,1
14635,0,361,1,215.22,14.348,0.0,0.0,1
15992,57,303,2,854.61,16.757058823529412,57.0,57.0,0
16042,346,15,5,1528.1299999999999,17.76895348837209,86.5,225.0,0
16799,21,339,2,495.98,4.679056603773585,21.0,21.0,1
15006,0,360,1,323.05,5.127777777777778,0.0,0.0,0
15406,152,208,3,717.45,6.405803571428572,76.0,152.0,0
17383,0,360,1,110.7,55.35,0.0,0.0,0
17728,49,311,2,1362.75,17.25,49.0,49.0,0
17308,59,300,2,4511.76,644.5371428571428,59.0,59.0,1
13440,28,330,7,1295.25,21.953389830508474,4.666666666666667,21.0,1
13537,26,333,2,717.85,17.09166666666667,26.0,26.0,1
17616,277,81,4,1060.8,212.16,92.66666666666667,113.0,1
15107,140,218,9,940.35,20.00744680851064,17.5,56.0,1
13312,0,358,1,124.75,24.95,0.0,0.0,1
14363,49,309,2,227.47,28.43375,49.0,49.0,1
17149,0,358,1,143.10000000000002,23.850000000000005,0.0,0.0,1
16690,249,109,3,213.95,17.829166666666666,125.0,192.0,0
18136,239,119,4,1447.8799999999999,17.657073170731707,80.0,108.0,0
14381,0,358,1,428.65999999999997,7.390689655172413,0.0,0.0,0
14231,267,91,4,1235.62,17.907536231884055,89.0,162.0,1
15966,0,358,1,426.53,15.797407407407407,0.0,0.0,1
12768,0,358,1,168.69,16.869,0.0,0.0,1
15906,305,52,7,1785.66,14.517560975609756,51.0,119.0,0
13784,356,2,12,2571.59,65.93820512820513,32.36363636363637,102.0,0
17403,0,358,1,118.95,9.15,0.0,0.0,0
16005,267,90,8,2118.91,5.44706940874036,38.285714285714285,105.0,0
16522,14,343,2,433.36,24.075555555555557,15.0,15.0,1
15685,0,357,1,55.980000000000004,3.2929411764705883,0.0,0.0,1
16080,176,181,3,515.66,20.6264,88.0,111.0,0
16979,302,55,5,1563.3899999999999,26.498135593220336,75.75,150.0,0
16589,343,14,3,367.8,14.146153846153847,172.0,289.0,0
15301,336,21,14,6280.89,20.458925081433225,25.923076923076923,101.0,0
17392,143,214,3,626.56,8.244210526315788,72.0,92.0,1
13374,34,322,2,422.8,24.870588235294118,35.0,35.0,1
13424,0,357,1,572.77,14.31925,0.0,0.0,1
16646,0,356,1,678.8,23.406896551724138,0.0,0.0,1
15962,0,356,1,295.83,5.10051724137931,0.0,0.0,1
15341,0,356,1,382.2,54.6,0.0,0.0,0
15748,0,356,2,465.45,29.090625,0.0,0.0,0
15535,275,80,6,1087.82,8.118059701492538,55.2,91.0,1
13398,256,99,2,670.34,17.18820512820513,256.0,256.0,1
16146,291,64,4,946.38,23.082439024390244,97.0,216.0,1
16371,0,356,1,157.2,14.29090909090909,0.0,0.0,1
12554,0,356,1,468.5,18.01923076923077,0.0,0.0,1
17765,289,66,4,530.8,6.395180722891566,96.66666666666667,192.0,1
15026,208,147,4,823.39,7.841809523809523,69.33333333333333,98.0,0
12425,0,355,1,964.21,17.53109090909091,0.0,0.0,0
17743,0,355,1,229.2,76.39999999999999,0.0,0.0,1
15876,39,316,2,1449.14,131.74,39.0,39.0,1
12543,0,355,1,980.25,22.796511627906977,0.0,0.0,1
18089,0,354,1,428.45,42.845,0.0,0.0,1
16983,349,4,9,2969.27,14.413932038834952,43.75,91.0,0
13701,0,354,1,161.0,17.88888888888889,0.0,0.0,1
13554,66,287,7,1638.28,8.232562814070352,11.0,21.0,1
13067,36,317,2,393.05,23.120588235294118,37.0,37.0,0
15519,63,290,2,344.61,9.313783783783784,63.0,63.0,1
14776,341,12,12,3032.22,19.313503184713376,31.0,79.0,0
17255,146,206,3,613.18,4.087866666666667,73.5,91.0,0
16264,7,345,2,837.53,12.689848484848484,8.0,8.0,1
15870,49,304,3,508.52000000000004,7.162253521126761,25.0,50.0,0
15599,241,111,2,937.15,15.619166666666667,241.0,241.0,0
15462,351,1,4,737.05,17.976829268292683,117.0,258.0,1
17811,333,19,31,6453.33,8.210343511450382,11.387096774193548,46.0,0
13702,0,353,1,135.18,27.036,0.0,0.0,1
14212,0,353,1,1119.66,93.305,0.0,0.0,0
17055,0,353,1,239.55,7.985,0.0,0.0,1
12850,0,353,1,330.0,165.0,0.0,0.0,1
17167,65,287,3,867.11,10.97607594936709,33.0,38.0,1
14668,0,352,1,111.63,9.3025,0.0,0.0,1
17834,30,322,2,730.47,12.38084745762712,31.0,31.0,1
17284,324,28,7,2634.72,7.5928530259365985,54.166666666666664,101.0,0
14906,0,352,1,68.44,68.44,0.0,0.0,1
13375,0,352,1,1013.58,29.811176470588236,0.0,0.0,0
15473,0,352,1,274.8,91.60000000000001,0.0,0.0,0
13689,0,352,1,349.5,116.5,0.0,0.0,0
16465,23,328,2,746.24,15.546666666666667,24.0,24.0,1
14716,296,56,2,424.33,6.2401470588235295,296.0,296.0,0
17480,0,352,1,390.21,15.6084,0.0,0.0,0
12751,0,352,1,268.27,4.326935483870967,0.0,0.0,1
15041,274,77,2,294.02,2.7478504672897195,274.0,274.0,1
14169,13,338,2,624.43,9.319850746268656,14.0,14.0,1
14761,109,242,2,289.52,14.475999999999999,110.0,110.0,0
16998,294,57,5,402.0,67.0,73.75,140.0,1
15728,64,287,2,544.6,45.38333333333333,65.0,65.0,1
14126,0,351,1,466.33,16.654642857142857,0.0,0.0,0
17161,0,351,1,856.01,16.46173076923077,0.0,0.0,1
14933,0,351,4,1770.0,442.5,0.3333333333333333,1.0,1
12578,113,237,3,3456.6,27.0046875,56.5,58.0,0
17840,0,351,1,185.72,3.3767272727272726,0.0,0.0,1
14570,162,188,3,613.75,9.025735294117647,81.5,163.0,1
13205,0,350,1,2803.2,2803.2,0.0,0.0,1
15761,0,350,1,143.05,28.610000000000003,0.0,0.0,1
16857,0,350,1,352.8,32.07272727272727,0.0,0.0,1
13519,0,350,1,220.46,20.041818181818183,0.0,0.0,0
13264,0,350,1,722.56,19.01473684210526,0.0,0.0,1
18107,0,349,1,167.13,4.285384615384615,0.0,0.0,1
15140,326,23,6,2617.55,29.410674157303372,65.4,178.0,0
16856,24,325,2,323.09,19.005294117647058,25.0,25.0,0
18193,277,72,3,1207.35,17.247857142857143,138.5,215.0,1
15476,62,287,4,2209.98,27.974430379746835,20.666666666666668,50.0,1
16298,255,94,5,601.8,22.288888888888888,64.0,211.0,0
16546,151,198,5,5606.47,59.643297872340426,38.0,82.0,1
16261,329,20,4,731.0,6.091666666666667,109.66666666666667,140.0,0
16775,319,29,13,2535.78,11.422432432432434,26.666666666666668,86.0,0
14992,0,349,1,210.5,7.796296296296297,0.0,0.0,1
17134,335,14,3,637.1,17.21891891891892,168.0,178.0,1
16531,314,34,8,1738.27,16.398773584905662,44.857142857142854,167.0,0
14875,334,15,3,2862.4,32.16179775280899,167.0,179.0,1
17567,348,0,7,3950.0,22.191011235955056,58.166666666666664,84.0,0
16692,185,163,4,1914.7,382.94,61.666666666666664,119.0,1
16140,70,278,2,956.56,22.245581395348836,70.0,70.0,0
14934,158,190,4,2441.4,17.82043795620438,53.0,96.0,0
17396,292,56,12,6278.1,153.12439024390244,26.636363636363637,223.0,0
14226,230,117,3,2479.74,33.96904109589041,115.5,172.0,0
12871,232,114,2,495.38,45.03454545454545,232.0,232.0,0
17062,125,221,6,1208.22,7.3671951219512195,25.2,45.0,1
14094,0,347,1,335.21999999999997,7.132340425531914,0.0,0.0,1
14269,0,346,1,295.73,18.483125,0.0,0.0,1
13118,230,115,7,2017.3,17.241880341880343,38.5,88.0,0
14806,0,346,1,110.04,12.226666666666667,0.0,0.0,0
13281,0,346,1,350.85,15.947727272727274,0.0,0.0,1
12449,308,37,4,2405.48,24.798762886597938,103.0,223.0,0
15469,318,27,2,640.0,18.285714285714285,318.0,318.0,0
17919,0,346,1,536.28,31.545882352941174,0.0,0.0,0
17315,338,7,35,7727.38,11.743738601823708,9.941176470588236,35.0,0
15616,0,345,1,317.11,24.393076923076926,0.0,0.0,1
12348,189,156,4,1709.4,35.612500000000004,63.333333333333336,80.0,0
16211,16,328,2,543.5699999999999,41.81307692307692,17.0,17.0,0
14328,0,345,1,445.05,445.05,0.0,0.0,1
17524,76,268,3,539.14,12.53813953488372,38.5,77.0,1
13290,0,345,1,208.63,208.63,0.0,0.0,1
13687,0,345,1,11880.84,264.01866666666666,0.0,0.0,1
14802,0,345,2,1502.98,751.49,0.0,0.0,1
17280,0,345,1,118.86,19.81,0.0,0.0,1
17450,342,2,28,138883.84,506.8753284671533,12.703703703703704,57.0,0
13139,328,17,4,4848.98,33.44124137931034,109.33333333333333,178.0,0
16362,0,345,1,212.17,16.32076923076923,0.0,0.0,0
13073,26,318,2,418.08,15.484444444444444,26.0,26.0,1
16269,0,345,1,717.5699999999999,13.539056603773584,0.0,0.0,1
13970,51,293,2,846.55,65.11923076923077,51.0,51.0,1
15347,71,273,4,1363.6,33.25853658536585,23.666666666666668,37.0,1
13386,22,321,2,835.46,26.950322580645164,23.0,23.0,1
14597,245,99,5,1483.49,29.088039215686276,61.5,188.0,0
17007,282,62,6,805.61,16.783541666666668,56.4,143.0,0
16198,0,344,1,629.36,34.964444444444446,0.0,0.0,0
15871,0,344,1,33.099999999999994,6.619999999999999,0.0,0.0,1
13754,285,59,3,447.05,21.288095238095238,143.0,166.0,1
14410,295,48,9,2526.05,7.2587643678160925,34.5,71.0,0
13927,0,344,1,359.27,17.9635,0.0,0.0,0
16237,0,344,1,136.65,19.521428571428572,0.0,0.0,1
12964,0,344,1,132.24,5.086153846153847,0.0,0.0,1
13639,0,344,1,312.93,16.47,0.0,0.0,0
16148,140,203,2,386.62,42.95777777777778,140.0,140.0,1
12946,0,344,1,324.45,16.2225,0.0,0.0,1
13804,340,4,6,2116.14,17.6345,68.0,146.0,0
16783,0,344,1,391.95,15.677999999999999,0.0,0.0,1
14843,0,344,1,211.8,23.533333333333335,0.0,0.0,1
14891,288,55,4,1106.73,17.56714285714286,96.0,229.0,1
17257,0,343,2,192.73,12.848666666666666,0.0,0.0,1
14829,252,91,6,1526.92,14.969803921568628,50.4,176.0,0
14449,189,154,6,1977.0,5.0050632911392405,38.0,126.0,0
14510,60,283,3,1007.28,12.913846153846153,30.5,61.0,1
13105,0,343,1,72.0,72.0,0.0,0.0,1
13257,0,343,1,149.75,21.392857142857142,0.0,0.0,1
16489,55,287,2,303.7,50.61666666666667,56.0,56.0,1
16490,0,343,1,205.41,15.80076923076923,0.0,0.0,1
12661,0,343,1,162.0,14.727272727272727,0.0,0.0,1
13556,6,336,2,200.82,22.313333333333333,6.0,6.0,1
14004,337,5,9,4879.07,26.37335135135135,42.125,115.0,0
13962,190,153,2,310.85,16.360526315789475,190.0,190.0,0
16368,0,343,1,142.78,6.49,0.0,0.0,0
14953,17,325,3,723.95,3.5487745098039216,8.5,17.0,0
13966,0,342,1,390.85999999999996,17.766363636363636,0.0,0.0,1
12562,308,34,5,2790.41,23.84965811965812,77.25,187.0,0
16214,264,78,4,2038.25,20.7984693877551,88.33333333333333,166.0,1
14742,0,342,1,579.85,17.054411764705883,0.0,0.0,1
15736,0,342,2,1815.72,17.62834951456311,0.0,0.0,1
16958,0,342,1,809.44,10.93837837837838,0.0,0.0,1
14800,325,17,14,7275.02,12.185963149078727,25.076923076923077,63.0,0
15960,61,281,4,410.95,15.805769230769231,20.333333333333332,41.0,1
13108,62,280,2,1098.52,24.411555555555555,63.0,63.0,1
14568,0,342,1,919.6999999999999,19.568085106382977,0.0,0.0,1
15243,0,342,1,610.6,15.656410256410258,0.0,0.0,0
13763,17,324,2,3502.48,100.07085714285715,18.0,18.0,0
12457,201,141,4,1699.93,36.16872340425532,67.33333333333333,196.0,0
16044,0,342,1,340.84,17.93894736842105,0.0,0.0,1
14657,279,62,5,1251.59,6.8768681318681315,70.0,127.0,0
12817,153,188,3,690.98,27.639200000000002,76.5,118.0,1
17533,0,342,1,34.8,34.8,0.0,0.0,1
16306,221,121,7,1192.82,17.287246376811595,36.833333333333336,81.0,1
14303,27,314,2,277.94,12.633636363636363,27.0,27.0,1
17521,235,106,3,714.41,17.42463414634146,117.5,195.0,0
13002,116,225,3,414.13,18.00565217391304,58.0,98.0,1
15261,299,42,4,1508.0,16.391304347826086,99.66666666666667,246.0,1
17360,250,91,4,976.54,5.812738095238095,83.33333333333333,201.0,0
15276,40,301,3,514.22,3.726231884057971,20.0,40.0,0
15190,0,341,1,834.4399999999999,20.860999999999997,0.0,0.0,1
16606,30,311,2,357.66,16.257272727272728,30.0,30.0,1
13198,313,28,7,4582.17,15.800586206896552,52.333333333333336,93.0,0
12652,102,238,2,1017.03,19.941764705882353,103.0,103.0,1
18266,0,341,1,251.1,17.935714285714287,0.0,0.0,1
13380,0,340,1,62.4,20.8,0.0,0.0,1
17022,0,340,1,189.0,21.0,0.0,0.0,0
13674,0,340,1,240.68,17.19142857142857,0.0,0.0,1
18270,166,174,2,273.35,24.85,166.0,166.0,0
16848,56,284,3,1130.2,15.918309859154931,28.0,56.0,0
13014,318,21,6,3937.2799999999997,22.11955056179775,63.8,151.0,0
14254,0,340,1,601.03,26.13173913043478,0.0,0.0,1
15351,62,277,4,2052.85,10.367929292929292,21.0,35.0,0
13642,217,123,4,514.72,4.515087719298246,72.33333333333333,217.0,1
14310,0,340,1,492.1,22.36818181818182,0.0,0.0,1
15859,0,339,1,438.46,19.93,0.0,0.0,1
14392,0,339,1,266.4,19.02857142857143,0.0,0.0,1
14008,0,339,1,509.04,15.9075,0.0,0.0,1
16407,322,17,12,2224.34,12.088804347826088,29.272727272727273,77.0,0
15143,206,133,2,563.63,18.181612903225805,207.0,207.0,1
13245,0,339,1,558.72,19.266206896551726,0.0,0.0,0
14462,311,28,10,1800.09,7.5634033613445375,34.666666666666664,93.0,0
16312,0,339,1,171.15,17.115000000000002,0.0,0.0,1
14579,0,339,1,105.56,4.2224,0.0,0.0,1
15579,118,221,4,1153.5,7.9006849315068495,39.666666666666664,70.0,0
13326,0,339,1,281.76,21.673846153846153,0.0,0.0,1
16817,246,93,11,2379.58,19.03664,24.6,86.0,0
17375,232,106,4,660.55,7.6808139534883715,77.33333333333333,113.0,1
15159,319,20,22,12445.69,27.4739293598234,15.19047619047619,45.0,0
17621,119,219,5,2697.0,49.03636363636364,29.75,50.0,0
13367,0,339,1,510.2,25.509999999999998,0.0,0.0,1
16476,0,339,1,350.35,14.597916666666668,0.0,0.0,1
13441,0,339,1,424.26,16.970399999999998,0.0,0.0,0
18284,0,339,1,461.68,16.48857142857143,0.0,0.0,1
14065,42,296,3,891.02,18.18408163265306,21.0,21.0,1
12486,0,339,1,1037.28,21.168979591836734,0.0,0.0,1
14353,216,122,3,376.5,15.06,108.0,195.0,1
15392,71,267,4,1715.07,21.70974683544304,23.666666666666668,35.0,0
13144,98,240,2,135.35,22.558333333333334,99.0,99.0,1
15730,224,114,3,1073.13,15.330428571428573,113.0,175.0,0
15778,0,338,1,307.95,18.11470588235294,0.0,0.0,1
18017,262,76,3,509.0,169.66666666666666,131.0,141.0,0
15346,98,240,3,596.12,16.111351351351352,49.5,93.0,1
16061,0,338,1,89.65,29.883333333333336,0.0,0.0,1
13035,170,168,2,775.32,28.715555555555557,171.0,171.0,0
14314,324,14,2,229.79999999999998,22.979999999999997,324.0,324.0,1
13177,0,338,1,229.75,17.673076923076923,0.0,0.0,0
13964,43,294,2,438.9,18.287499999999998,43.0,43.0,1
14470,142,195,2,548.49,10.547884615384616,143.0,143.0,0
14991,0,337,1,314.67,14.984285714285715,0.0,0.0,1
15490,0,337,1,217.6,7.771428571428571,0.0,0.0,1
14663,0,337,2,490.6,7.214705882352941,0.0,0.0,1
16348,302,35,5,1103.91,5.632193877551021,75.5,190.0,0
17097,330,7,7,1025.56,4.53787610619469,55.0,209.0,0
17657,0,337,1,126.0,18.0,0.0,0.0,1
13306,0,337,1,53.65,13.4125,0.0,0.0,1
15782,0,337,1,1399.3600000000001,77.74222222222222,0.0,0.0,0
14350,155,181,3,972.03,16.47508474576271,78.0,106.0,1
16760,0,337,1,228.0,13.411764705882353,0.0,0.0,1
15857,0,337,1,273.48,27.348000000000003,0.0,0.0,0
15128,303,34,4,1482.92,14.53843137254902,101.33333333333333,211.0,0
13055,216,121,2,1451.56,14.5156,216.0,216.0,0
13033,72,264,2,220.55,16.965384615384615,72.0,72.0,1
13022,0,337,1,65.3,13.059999999999999,0.0,0.0,1
15934,11,325,2,2190.66,75.53999999999999,12.0,12.0,1
17429,301,35,5,1357.46,14.289052631578947,75.25,178.0,1
16437,48,288,2,301.25,14.345238095238095,48.0,48.0,1
13818,0,337,1,61.28,12.256,0.0,0.0,1
14810,325,11,12,2318.47,7.754080267558527,29.636363636363637,53.0,0
17045,316,20,5,827.6800000000001,15.616603773584908,79.0,129.0,1
15973,62,274,3,988.44,65.896,31.5,62.0,1
17008,0,336,1,81.36,81.36,0.0,0.0,1
16149,286,49,2,305.38,13.277391304347827,287.0,287.0,0
14339,186,150,2,620.27,26.968260869565217,186.0,186.0,1
13423,0,336,1,217.03,18.085833333333333,0.0,0.0,1
17525,69,267,3,1161.9,44.68846153846154,34.5,38.0,1
12511,0,336,1,3084.02,16.231684210526314,0.0,0.0,1
17249,0,336,1,68.03,2.51962962962963,0.0,0.0,1
14490,22,313,2,1273.47,15.918375000000001,22.0,22.0,1
14118,0,336,1,458.45,30.563333333333333,0.0,0.0,1
12903,0,336,1,833.53,20.33,0.0,0.0,1
13569,60,275,3,638.35,4.1722222222222225,30.5,47.0,0
17354,0,335,3,1750.4,19.89090909090909,0.0,0.0,0
14266,0,335,1,40.56,40.56,0.0,0.0,1
12393,182,153,5,1877.95,22.901829268292683,45.75,84.0,0
16980,173,162,3,1473.33,13.154732142857142,86.5,137.0,1
16411,58,276,3,827.04,4.519344262295082,29.5,45.0,0
15314,228,106,3,820.45,16.409000000000002,114.5,214.0,1
13776,0,335,2,623.98,311.99,0.0,0.0,1
16350,94,241,6,1514.12,17.40367816091954,19.0,41.0,0
15931,0,335,1,239.9,17.135714285714286,0.0,0.0,1
14358,38,296,2,400.06,16.0024,39.0,39.0,1
16111,0,335,1,562.48,7.499733333333333,0.0,0.0,1
15598,0,335,1,307.34,13.969999999999999,0.0,0.0,0
17196,0,335,1,352.9,3.3932692307692305,0.0,0.0,1
17864,151,183,3,535.23,7.1364,76.0,110.0,0
15281,290,44,15,8403.2,16.380506822612087,20.785714285714285,52.0,0
12811,166,168,5,1033.9,18.462500000000002,41.75,94.0,1
14904,19,315,2,615.2,8.202666666666667,19.0,19.0,0
14846,0,334,1,437.40000000000003,36.45,0.0,0.0,1
15708,287,46,8,3714.91,10.862309941520467,41.0,84.0,0
14127,302,30,6,1900.08,16.24,60.6,134.0,1
16579,0,333,1,295.05,21.075,0.0,0.0,1
17152,230,102,4,2016.5,126.03125,77.0,162.0,1
15177,0,333,1,948.93,36.49730769230769,0.0,0.0,1
15645,11,321,2,443.16,27.6975,11.0,11.0,0
13083,0,332,1,91.67999999999999,22.919999999999998,0.0,0.0,0
14390,280,51,8,3339.67,9.596752873563219,40.142857142857146,133.0,0
15038,237,95,7,1121.82,4.2493181818181816,39.666666666666664,126.0,0
14571,0,332,1,161.65,5.214516129032258,0.0,0.0,1
17111,0,332,1,227.97,11.99842105263158,0.0,0.0,0
16122,312,20,5,867.18,13.986774193548387,78.25,220.0,0
13362,179,153,5,3884.86,17.266044444444447,45.0,91.0,0
15277,0,332,1,220.44,15.745714285714286,0.0,0.0,0
13747,51,281,2,249.39999999999998,41.56666666666666,51.0,51.0,1
12356,179,153,5,6315.33,44.78957446808511,44.75,80.0,0
14756,41,290,2,1914.8,23.639506172839507,42.0,42.0,0
15948,0,332,1,553.85,15.824285714285715,0.0,0.0,0
14412,0,332,1,656.16,16.00390243902439,0.0,0.0,0
17264,0,331,1,279.59,3.3284523809523807,0.0,0.0,1
12797,58,273,2,806.11,18.746744186046513,59.0,59.0,1
16527,0,331,1,1044.38,16.577460317460318,0.0,0.0,0
14319,0,331,1,494.84999999999997,19.032692307692308,0.0,0.0,1
15834,258,73,6,3331.06,11.066644518272424,51.8,112.0,0
17004,331,0,3,2018.62,38.81961538461538,166.0,300.0,0
17273,0,331,1,141.12,11.76,0.0,0.0,1
15024,311,20,11,3259.8,11.050169491525425,31.1,167.0,0
13546,223,108,3,653.31,7.967195121951219,112.0,182.0,0
17710,0,331,1,293.5,14.675,0.0,0.0,1
13912,0,331,1,124.95,17.85,0.0,0.0,1
12655,0,331,1,261.35,16.334375,0.0,0.0,1
13368,166,164,4,1121.5,21.567307692307693,55.666666666666664,81.0,1
17094,101,229,2,402.2,22.344444444444445,101.0,101.0,1
14981,177,153,2,372.92,16.950909090909093,177.0,177.0,1
14746,17,313,4,593.5,65.94444444444444,5.666666666666667,9.0,1
17708,235,95,4,887.93,11.999054054054053,78.66666666666667,137.0,1
15208,260,70,3,423.91999999999996,19.269090909090906,130.0,190.0,0
17104,0,331,1,474.03000000000003,24.948947368421056,0.0,0.0,1
14240,197,133,2,584.0,20.137931034482758,198.0,198.0,0
13968,0,330,1,123.66,15.4575,0.0,0.0,1
12553,313,17,9,3336.06,18.33,39.125,56.0,0
14263,0,330,1,322.93,20.183125,0.0,0.0,1
16263,0,330,1,351.01,14.625416666666666,0.0,0.0,1
12467,0,330,1,132.8,14.755555555555556,0.0,0.0,1
17944,0,330,1,75.41,2.900384615384615,0.0,0.0,1
12629,37,293,2,1558.22,34.62711111111111,38.0,38.0,1
16643,176,153,2,923.11,16.783818181818184,177.0,177.0,1
18239,204,126,6,2150.36,17.20288,40.8,52.0,1
13792,135,194,2,263.0,18.785714285714285,135.0,135.0,0
16990,203,126,2,344.0,172.0,204.0,204.0,1
16418,329,0,4,795.03,6.7375423728813555,110.0,182.0,0
16238,0,330,1,63.66,10.61,0.0,0.0,1
15134,295,34,6,823.16,17.149166666666666,59.0,141.0,0
15356,317,12,11,2978.09,4.425096582466568,31.7,64.0,0
17814,47,282,2,1617.32,11.077534246575341,47.0,47.0,1
17580,169,160,5,545.27,5.739684210526316,42.5,60.0,1
13832,0,329,1,561.49,10.397962962962962,0.0,0.0,0
16120,0,329,2,1747.77,26.88876923076923,0.0,0.0,0
17817,145,184,5,689.87,5.84635593220339,36.25,101.0,0
12900,0,329,1,340.33,26.179230769230767,0.0,0.0,1
15242,0,329,1,302.03999999999996,75.50999999999999,0.0,0.0,1
15304,256,72,7,717.05,29.87708333333333,42.833333333333336,87.0,0
14696,302,27,6,2147.49,16.268863636363633,60.4,83.0,0
13194,285,43,2,472.78,47.278,286.0,286.0,1
14929,0,329,1,612.81,26.643913043478257,0.0,0.0,0
12798,250,78,2,3140.9300000000003,101.32032258064517,251.0,251.0,0
18090,0,329,1,349.4,5.823333333333333,0.0,0.0,1
17717,0,328,1,376.92,14.496923076923078,0.0,0.0,1
13395,236,92,3,1180.23,14.57074074074074,118.0,215.0,1
16935,39,289,3,535.1,7.33013698630137,20.0,32.0,1
17629,301,27,7,1439.78,13.844038461538462,50.166666666666664,109.0,0
17796,107,221,6,1286.09,5.819411764705882,21.6,38.0,0
15735,0,328,1,327.68,17.246315789473684,0.0,0.0,1
17751,0,328,1,157.85999999999999,4.9331249999999995,0.0,0.0,1
16991,0,328,1,1041.21,14.070405405405406,0.0,0.0,1
14975,0,328,1,192.45,12.83,0.0,0.0,0
15160,63,264,4,589.27,25.620434782608694,21.333333333333332,26.0,1
17823,0,328,2,494.25,4.493181818181818,0.0,0.0,1
14956,0,328,1,1325.0,331.25,0.0,0.0,1
15114,327,0,9,2318.53,15.055389610389613,41.0,82.0,0
15626,91,237,2,673.6,13.207843137254903,92.0,92.0,0
12454,25,303,4,13151.44,526.0576,8.666666666666666,21.0,0
13829,0,328,1,102.0,102.0,0.0,0.0,1
12694,237,90,2,1413.18,21.411818181818184,238.0,238.0,0
14088,292,36,10,39052.88,100.65175257731958,32.55555555555556,132.0,0
17510,0,328,1,206.07999999999998,13.738666666666665,0.0,0.0,0
18018,312,15,4,297.99,6.7725,104.0,200.0,1
17202,0,328,1,160.65,20.08125,0.0,0.0,1
17390,0,328,1,149.3,12.441666666666668,0.0,0.0,1
12691,275,52,5,690.9,24.675,68.75,173.0,0
15957,0,328,2,501.21,4.598256880733945,0.0,0.0,0
12445,0,328,1,301.58,15.078999999999999,0.0,0.0,0
17687,0,328,1,432.68,16.641538461538463,0.0,0.0,1
15202,0,327,3,6001.49,2000.4966666666667,0.0,0.0,1
13692,206,121,4,2497.66,33.30213333333333,69.0,172.0,0
15686,0,327,1,90.0,90.0,0.0,0.0,1
17938,0,327,1,144.29,4.97551724137931,0.0,0.0,1
17316,0,327,1,124.45,3.5557142857142856,0.0,0.0,1
14868,300,27,8,2527.49,18.183381294964025,42.857142857142854,147.0,0
16810,228,99,2,842.04,24.765882352941176,228.0,228.0,1
15688,0,326,1,190.57,7.058148148148148,0.0,0.0,1
16381,22,303,2,258.7,3.98,23.0,23.0,1
16676,205,120,5,1868.28,17.29888888888889,51.25,104.0,0
15772,0,325,1,280.88,17.555,0.0,0.0,1
15799,233,92,3,1021.39,10.865851063829787,116.5,149.0,0
14712,305,19,2,526.72,37.62285714285714,306.0,306.0,0
17703,308,16,3,787.06,13.34,154.5,280.0,0
12376,28,297,2,503.15,38.70384615384615,28.0,28.0,1
13516,179,146,2,441.85,18.410416666666666,179.0,179.0,0
14741,304,20,5,1362.21,21.971129032258066,76.0,197.0,0
16069,0,325,1,457.7,18.308,0.0,0.0,1
12699,0,325,1,638.11,15.563658536585367,0.0,0.0,1
16996,296,28,8,1708.43,26.69421875,42.285714285714285,124.0,0
13387,0,324,1,189.44,2.595068493150685,0.0,0.0,1
16141,0,324,1,335.54,16.777,0.0,0.0,0
13079,277,47,2,222.88,18.573333333333334,277.0,277.0,0
17026,231,92,3,208.98000000000002,26.122500000000002,116.0,184.0,1
13088,0,324,1,236.11,11.8055,0.0,0.0,1
15710,0,324,1,898.87,8.171545454545454,0.0,0.0,1
17655,300,24,7,2916.87,31.70510869565217,50.0,94.0,0
17219,0,324,1,144.9,5.796,0.0,0.0,0
14524,238,86,9,2118.75,7.935393258426966,29.75,79.0,0
15011,20,303,2,416.6,20.830000000000002,21.0,21.0,1
14585,34,290,4,986.22,12.027073170731708,11.333333333333334,22.0,0
14332,268,55,3,1196.24,30.672820512820515,134.5,234.0,0
17967,44,279,2,357.29,3.1068695652173917,45.0,45.0,1
17397,0,323,1,536.77,11.66891304347826,0.0,0.0,0
13134,232,91,5,1567.39,22.715797101449276,58.25,162.0,0
13840,0,323,1,651.4,16.285,0.0,0.0,1
13981,0,323,1,331.14,15.05181818181818,0.0,0.0,1
15608,294,28,2,977.98,15.523492063492064,295.0,295.0,0
14617,13,310,2,190.47,21.163333333333334,13.0,13.0,1
18066,28,294,2,1122.4,26.102325581395352,29.0,29.0,0
15377,32,290,4,1211.75,57.70238095238095,11.0,20.0,1
16201,305,17,2,552.45,17.2640625,306.0,306.0,0
16776,0,323,1,231.57,3.796229508196721,0.0,0.0,0
15501,10,312,2,402.5,5.75,11.0,11.0,1
16916,43,279,3,745.22,4.358011695906433,21.5,31.0,0
13703,96,225,2,425.56,11.501621621621622,97.0,97.0,1
16642,207,115,2,696.85,19.91,208.0,208.0,0
16903,35,287,2,689.04,5.300307692307692,35.0,35.0,0
15647,0,322,1,169.0,15.363636363636363,0.0,0.0,1
14612,0,322,1,877.7,62.69285714285714,0.0,0.0,1
17038,0,322,1,630.77,15.384634146341464,0.0,0.0,0
12387,0,322,1,143.94,15.993333333333332,0.0,0.0,1
16590,13,308,2,605.9,20.893103448275863,14.0,14.0,1
17924,112,209,3,1076.4,153.77142857142857,56.5,72.0,0
17483,280,41,3,452.43,22.6215,140.0,231.0,0
13195,0,321,1,172.38,3.315,0.0,0.0,1
13836,15,306,2,620.37,20.011935483870968,15.0,15.0,1
12400,0,321,1,205.25,18.65909090909091,0.0,0.0,1
15995,0,321,1,696.1899999999999,6.271981981981981,0.0,0.0,1
15257,130,190,2,685.9,57.15833333333333,131.0,131.0,1
14148,180,141,2,466.29,27.428823529411765,181.0,181.0,1
13936,234,87,3,939.66,15.9264406779661,117.5,203.0,1
18243,0,321,1,515.78,19.837692307692308,0.0,0.0,1
13166,131,190,2,884.18,12.814202898550723,131.0,131.0,1
14216,0,321,1,310.74,17.263333333333335,0.0,0.0,0
13581,104,216,2,280.53000000000003,8.500909090909092,105.0,105.0,1
16540,0,321,1,226.7,6.127027027027027,0.0,0.0,1
12899,0,321,1,366.4,21.552941176470586,0.0,0.0,1
12973,0,321,1,385.55,64.25833333333334,0.0,0.0,1
12419,27,293,2,503.01,20.1204,28.0,28.0,1
16226,210,110,5,672.17,21.68290322580645,52.5,143.0,1
14945,0,321,1,179.39999999999998,16.30909090909091,0.0,0.0,1
13746,0,321,1,176.69,19.63222222222222,0.0,0.0,1
13106,280,40,2,603.46,37.71625,280.0,280.0,1
18055,284,35,11,8084.24,20.675805626598464,28.5,88.0,0
12787,220,100,2,556.62,17.394375,221.0,221.0,0
16491,0,320,1,801.66,16.701249999999998,0.0,0.0,0
14728,0,320,1,190.57999999999998,13.612857142857141,0.0,0.0,1
13165,61,258,2,784.32,39.216,62.0,62.0,0
13263,305,15,27,6121.3,4.363007840342124,11.73076923076923,68.0,0
16010,165,153,11,1724.06,5.766086956521739,16.6,112.0,1
17843,108,210,2,326.23,5.09734375,108.0,108.0,1
13241,0,319,1,115.58,2.751904761904762,0.0,0.0,1
16024,0,319,2,232.96,10.58909090909091,0.0,0.0,0
17407,0,319,1,552.9,24.039130434782606,0.0,0.0,1
16445,24,294,3,372.22,2.8854263565891474,12.5,25.0,0
16373,29,289,2,309.49,10.672068965517242,29.0,29.0,1
17260,0,318,1,120.95,20.158333333333335,0.0,0.0,1
13574,0,318,1,421.25,4.089805825242719,0.0,0.0,1
17435,0,318,1,331.34999999999997,22.089999999999996,0.0,0.0,1
16920,0,318,1,355.45,15.454347826086956,0.0,0.0,1
13977,0,318,1,519.81,39.98538461538461,0.0,0.0,1
18110,0,318,1,199.13,5.240263157894737,0.0,0.0,0
18116,177,141,12,1990.74,3.700260223048327,16.09090909090909,56.0,0
15337,0,318,1,373.02,17.762857142857143,0.0,0.0,1
13898,85,233,2,686.4,14.921739130434782,86.0,86.0,1
13565,76,241,2,284.76,8.136,77.0,77.0,0
16904,316,2,19,4427.17,5.030875,17.61111111111111,48.0,0
16726,214,103,6,1501.58,8.029839572192513,43.0,98.0,0
15065,246,72,4,3027.48,20.318657718120807,82.0,119.0,0
15174,87,230,2,481.46,14.160588235294117,88.0,88.0,1
14197,0,318,1,390.05,19.5025,0.0,0.0,1
16193,174,144,2,630.43,16.590263157894736,174.0,174.0,1
17981,0,318,1,239.12,14.065882352941177,0.0,0.0,1
15294,0,318,1,233.35,15.556666666666667,0.0,0.0,1
15370,269,48,5,2866.42,24.291694915254237,67.25,94.0,0
14690,258,59,3,639.34,7.611190476190477,129.5,241.0,0
12790,218,99,2,591.85,15.995945945945946,218.0,218.0,1
15646,252,65,5,974.61,11.466,63.25,126.0,1
14718,0,317,1,226.42,20.583636363636362,0.0,0.0,1
16241,313,3,13,3507.58,4.200694610778443,26.166666666666668,92.0,0
17070,296,21,2,445.32,4.241142857142857,296.0,296.0,1
17767,0,317,1,141.85,7.8805555555555555,0.0,0.0,0
12475,0,317,1,426.26,17.0504,0.0,0.0,0
12411,0,317,1,346.9,15.768181818181818,0.0,0.0,1
16863,42,274,2,659.97,16.922307692307694,43.0,43.0,0
14673,42,275,3,2047.9,19.691346153846155,21.0,29.0,0
16785,0,317,1,533.78,15.250857142857143,0.0,0.0,1
13363,0,317,1,731.36,17.413333333333334,0.0,0.0,0
15620,188,128,3,1264.19,14.204382022471911,94.5,138.0,0
16962,0,317,1,251.04,16.736,0.0,0.0,1
14278,0,317,1,205.82999999999998,15.833076923076922,0.0,0.0,1
16034,213,103,6,928.72,16.293333333333333,42.6,124.0,1
13578,0,316,1,147.66,16.406666666666666,0.0,0.0,1
13274,0,316,1,360.85,18.992105263157896,0.0,0.0,1
12775,219,97,6,1464.76,21.862089552238807,44.0,77.0,0
13906,0,316,1,42.0,42.0,0.0,0.0,1
16757,90,226,2,270.47999999999996,18.031999999999996,91.0,91.0,1
15773,0,316,1,138.84,3.7524324324324327,0.0,0.0,0
15536,0,316,1,259.09,16.193125,0.0,0.0,1
14271,183,133,2,219.13,5.618717948717949,184.0,184.0,1
15390,12,303,2,1216.66,15.800779220779221,13.0,13.0,1
16639,202,114,3,961.62,18.85529411764706,101.5,174.0,0
12537,0,316,1,732.9399999999999,17.045116279069767,0.0,0.0,1
12505,0,316,1,955.2,22.742857142857144,0.0,0.0,1
14475,222,93,3,847.47,24.925588235294118,111.0,118.0,0
12563,0,316,1,249.24,19.172307692307694,0.0,0.0,1
12591,91,224,3,1352.1499999999999,19.5963768115942,45.5,73.0,1
16188,267,48,4,860.83,14.590338983050849,89.0,166.0,0
16433,0,316,1,200.26,11.78,0.0,0.0,0
12353,204,111,2,406.76,16.948333333333334,204.0,204.0,1
13547,0,315,1,175.53,3.7346808510638296,0.0,0.0,1
17000,11,303,2,406.3,13.543333333333333,12.0,12.0,1
14281,0,315,1,245.14999999999998,35.021428571428565,0.0,0.0,1
15328,0,315,1,107.24,13.405,0.0,0.0,1
12766,258,56,7,8030.84,21.588279569892475,43.0,91.0,0
15285,0,315,1,94.92,15.82,0.0,0.0,1
16343,0,314,1,316.59000000000003,8.117692307692309,0.0,0.0,0
16630,0,314,1,106.8,26.7,0.0,0.0,1
16183,12,302,3,739.1,28.426923076923078,6.5,7.0,0
13669,257,57,2,243.15,30.39375,258.0,258.0,0
16265,296,18,10,5550.19,20.3303663003663,33.0,102.0,0
14294,0,314,1,375.34,16.319130434782608,0.0,0.0,1
14834,286,27,3,915.16,22.320975609756097,143.5,167.0,0
16780,306,7,3,605.55,6.116666666666666,153.5,159.0,1
13780,236,78,2,492.09,9.46326923076923,237.0,237.0,0
17974,187,127,4,1290.04,5.265469387755102,62.666666666666664,162.0,0
16635,0,314,1,473.0,18.92,0.0,0.0,1
15170,0,314,1,81.15,20.2875,0.0,0.0,1
17334,104,209,3,635.15,20.488709677419354,52.0,98.0,1
17934,0,314,1,344.9,17.244999999999997,0.0,0.0,0
17821,0,313,1,334.62,55.77,0.0,0.0,1
13282,243,69,3,954.15,26.504166666666666,122.0,186.0,0
13580,0,313,1,107.75,21.55,0.0,0.0,1
16058,0,313,1,62.7,31.35,0.0,0.0,1
14213,0,312,1,1192.2,238.44,0.0,0.0,1
12608,0,312,1,415.79,25.986875,0.0,0.0,1
12601,214,97,6,681.26,20.03705882352941,43.0,72.0,1
16724,0,312,1,147.35,8.66764705882353,0.0,0.0,1
18278,0,312,1,240.3,16.02,0.0,0.0,0
14848,0,312,1,310.56,28.232727272727274,0.0,0.0,1
13833,244,66,2,701.36,15.585777777777778,245.0,245.0,1
15675,249,62,3,443.74,14.791333333333334,124.5,125.0,0
12347,274,37,6,4114.18,21.098358974358977,55.0,71.0,0
17951,45,265,3,1037.04,47.13818181818181,23.0,31.0,0
14429,0,311,1,516.28,23.467272727272725,0.0,0.0,1
17306,303,7,17,7851.099999999999,142.74727272727273,19.0,50.0,0
16876,0,311,1,136.01,4.2503125,0.0,0.0,1
14777,0,311,1,307.56,19.2225,0.0,0.0,1
15729,190,120,3,192.55,17.504545454545454,95.5,188.0,1
18127,269,41,2,352.4,11.746666666666666,270.0,270.0,0
12492,297,12,2,578.39,18.65774193548387,298.0,298.0,0
13359,0,310,1,603.75,18.295454545454547,0.0,0.0,0
13597,2,307,2,396.71,23.335882352941177,2.0,2.0,1
14206,163,146,3,1185.01,16.690281690140846,81.5,149.0,1
17121,0,310,1,314.74,26.228333333333335,0.0,0.0,1
13607,0,310,1,400.3,16.679166666666667,0.0,0.0,0
13535,0,310,1,89.5,89.5,0.0,0.0,1
13937,233,76,2,880.13,16.298703703703705,233.0,233.0,1
13251,0,309,1,252.68,10.1072,0.0,0.0,1
13453,236,73,3,781.69,19.542250000000003,118.5,124.0,1
12413,166,143,3,805.25,19.640243902439025,83.0,101.0,0
16016,206,103,7,1842.75,6.75,34.333333333333336,140.0,0
13523,202,107,4,3505.88,21.775652173913045,67.66666666666667,167.0,0
14733,291,18,14,15643.26,46.55732142857143,22.46153846153846,66.0,0
17276,0,309,1,508.39,9.41462962962963,0.0,0.0,1
13310,195,113,4,1226.82,16.357599999999998,65.33333333333333,118.0,0
17363,6,302,3,940.86,26.135,3.5,7.0,1
12855,29,280,4,650.9399999999999,9.299142857142856,10.0,22.0,1
13215,0,309,1,81.6,81.6,0.0,0.0,1
15458,0,309,1,208.8,34.800000000000004,0.0,0.0,0
13331,0,309,1,262.4,21.866666666666664,0.0,0.0,1
12673,75,234,2,840.4,15.28,75.0,75.0,0
15915,0,309,1,429.21,2.939794520547945,0.0,0.0,1
16865,0,309,1,130.95,8.184375,0.0,0.0,1
15336,0,309,1,240.5,16.033333333333335,0.0,0.0,1
12793,66,242,3,1017.33,19.94764705882353,33.5,37.0,1
17420,230,78,5,877.11,18.273125,57.5,202.0,0
13500,278,30,2,625.93,15.648249999999999,279.0,279.0,0
15233,0,308,1,59.4,59.4,0.0,0.0,1
13686,218,90,3,409.04,12.030588235294118,109.5,198.0,1
15158,0,308,1,204.62,51.155,0.0,0.0,0
17254,0,308,1,198.29,5.508055555555555,0.0,0.0,0
16542,0,308,1,137.7,15.299999999999999,0.0,0.0,0
16178,263,45,2,612.6,24.504,263.0,263.0,1
15481,0,308,1,1993.34,52.456315789473685,0.0,0.0,1
13034,31,276,2,445.77,15.371379310344826,32.0,32.0,0
13049,83,225,3,905.34,47.64947368421053,41.5,71.0,0
16712,306,2,10,3121.42,8.214263157894736,34.0,125.0,0
16050,227,81,3,300.7,14.319047619047618,114.0,210.0,1
13987,21,287,2,682.54,14.837826086956522,21.0,21.0,1
15724,199,108,3,310.85,18.28529411764706,99.5,116.0,1
14737,271,36,3,3471.37,80.72953488372093,136.0,225.0,0
15379,231,76,8,4877.84,18.546920152091257,33.0,67.0,1
17702,291,16,5,2658.44,19.83910447761194,73.0,177.0,0
12914,0,308,1,223.98,24.886666666666667,0.0,0.0,1
13258,195,112,3,561.22,24.40086956521739,97.5,174.0,0
14447,204,103,3,1149.53,15.327066666666667,102.0,120.0,0
17286,0,307,2,241.56,5.0325,0.0,0.0,0
17977,0,307,1,1277.49,14.683793103448275,0.0,0.0,0
13303,0,307,1,61.72,15.43,0.0,0.0,1
13172,0,307,1,69.6,69.6,0.0,0.0,1
13660,0,307,1,314.59,7.672926829268292,0.0,0.0,1
13903,0,307,1,165.45000000000002,16.545,0.0,0.0,1
16228,14,292,3,890.81,16.196545454545454,7.5,15.0,1
13846,157,149,3,1106.66,16.038550724637684,78.5,118.0,0
13646,0,307,2,326.25,5.625,0.0,0.0,1
13996,13,293,2,895.76,27.144242424242425,13.0,13.0,1
15560,0,305,2,153.52,15.352,0.0,0.0,1
16640,0,305,1,179.4,13.8,0.0,0.0,1
18083,0,305,1,470.73,11.207857142857144,0.0,0.0,1
17033,183,121,3,910.75,35.02884615384615,91.5,145.0,0
16931,294,10,16,3548.2,5.040056818181818,19.6,37.0,0
14203,0,304,1,339.34,21.20875,0.0,0.0,1
16559,0,304,1,185.2,10.288888888888888,0.0,0.0,1
16899,247,57,5,949.64,7.783934426229508,62.0,153.0,0
15996,280,23,6,1534.08,7.907628865979381,56.2,98.0,0
12892,0,304,1,263.38,14.632222222222222,0.0,0.0,1
13138,263,40,4,994.3,14.410144927536232,87.66666666666667,132.0,0
14927,0,304,1,308.2,15.41,0.0,0.0,1
14193,126,177,2,779.34,17.31866666666667,127.0,127.0,0
13967,250,53,2,166.3,27.71666666666667,251.0,251.0,1
17084,0,303,1,2253.22,17.06984848484848,0.0,0.0,0
16420,0,303,1,75.0,37.5,0.0,0.0,1
13738,0,303,1,440.93,4.792717391304348,0.0,0.0,1
17548,162,141,4,731.26,21.50764705882353,54.333333333333336,145.0,1
18098,0,303,1,550.84,6.259545454545455,0.0,0.0,1
13691,0,303,1,212.78,3.9403703703703705,0.0,0.0,1
15635,0,303,1,100.35,50.175,0.0,0.0,1
17274,0,303,1,465.4,8.95,0.0,0.0,0
16223,20,282,2,1102.35,8.748809523809523,21.0,21.0,1
17208,0,303,1,115.35,4.8062499999999995,0.0,0.0,1
17467,0,302,1,102.6,25.65,0.0,0.0,1
17983,0,302,1,171.71,7.154583333333334,0.0,0.0,1
16740,0,302,1,236.81,7.176060606060606,0.0,0.0,1
17878,0,302,2,1032.88,17.506440677966104,0.0,0.0,0
14170,19,282,3,597.33,3.6201818181818184,10.0,14.0,1
14899,0,302,1,1384.88,10.108613138686133,0.0,0.0,1
14077,212,89,4,426.06,8.87625,71.0,121.0,0
17374,176,126,3,727.11,17.312142857142856,88.5,114.0,1
13721,0,302,1,217.39999999999998,15.528571428571427,0.0,0.0,0
12927,0,302,1,197.31,17.937272727272727,0.0,0.0,1
13671,0,302,1,194.95,2.5651315789473683,0.0,0.0,1
16358,210,91,2,1354.3,20.213432835820896,210.0,210.0,0
15131,0,302,1,80.28,11.468571428571428,0.0,0.0,1
17756,18,283,3,733.7,8.631764705882354,9.5,10.0,1
15001,0,301,2,230.85999999999999,4.275185185185185,0.0,0.0,1
13096,0,301,1,419.7,419.7,0.0,0.0,1
15529,251,50,9,3515.8,6.709541984732825,31.5,68.0,0
12739,295,6,3,2689.23,30.559431818181817,147.5,286.0,0
15028,25,276,3,716.55,8.43,13.0,16.0,0
17288,186,114,9,1743.95,9.742737430167598,23.375,45.0,0
13915,0,301,1,70.8,35.4,0.0,0.0,1
17903,0,301,1,381.09000000000003,8.468666666666667,0.0,0.0,1
18280,116,185,2,488.15,16.271666666666665,117.0,117.0,1
15368,0,301,1,275.8,68.95,0.0,0.0,0
12666,0,301,1,1248.42,40.27161290322581,0.0,0.0,1
16662,0,301,1,163.8,5.6482758620689655,0.0,0.0,1
16786,0,301,1,51.84,51.84,0.0,0.0,1
15138,0,301,1,502.52,16.210322580645162,0.0,0.0,1
17688,0,301,1,304.2,16.010526315789473,0.0,0.0,1
16824,229,71,2,448.5,17.25,229.0,229.0,0
17423,175,125,2,869.96,31.07,176.0,176.0,0
16284,0,300,1,205.8,6.86,0.0,0.0,0
13226,120,180,2,312.46,11.159285714285714,120.0,120.0,1
17558,0,300,1,259.17,9.25607142857143,0.0,0.0,1
17815,0,300,1,591.96,45.535384615384615,0.0,0.0,1
17980,227,73,4,1033.42,15.657878787878788,76.0,155.0,1
12803,0,300,1,1092.81,19.869272727272726,0.0,0.0,1
18050,33,266,2,412.06,17.915652173913042,34.0,34.0,1
14600,87,213,2,865.17,16.021666666666665,88.0,88.0,1
18054,0,300,1,176.5,16.045454545454547,0.0,0.0,1
15468,0,300,1,962.97,17.19589285714286,0.0,0.0,0
12868,207,93,8,2247.06,15.39082191780822,29.571428571428573,50.0,1
12352,130,169,7,1905.61,34.028749999999995,21.666666666666668,79.0,0
18007,0,300,1,220.32,4.32,0.0,0.0,1
17772,0,300,1,202.0,3.8846153846153846,0.0,0.0,0
14082,27,272,2,413.36,6.359384615384616,28.0,28.0,1
13309,186,114,3,796.22,11.374571428571429,93.0,102.0,0
17210,0,300,1,253.37,4.6920370370370375,0.0,0.0,1
12734,39,260,3,639.65,33.66578947368421,20.0,22.0,1
17803,0,299,1,184.66,6.839259259259259,0.0,0.0,1
13961,0,299,1,538.4,28.336842105263155,0.0,0.0,1
14024,269,29,3,645.74,18.99235294117647,134.5,266.0,1
14052,0,298,1,255.45,3.7021739130434783,0.0,0.0,0
16687,0,298,1,157.63,19.70375,0.0,0.0,1
17495,0,298,1,309.16,14.721904761904764,0.0,0.0,0
15269,10,287,2,816.56,24.744242424242422,10.0,10.0,0
13167,259,38,3,751.37,14.449423076923077,130.0,247.0,0
16074,0,297,1,265.25,10.201923076923077,0.0,0.0,1
14684,174,122,3,751.53,2.6185714285714283,87.5,147.0,0
17544,0,297,3,960.6899999999999,10.44228260869565,0.0,0.0,1
18221,274,23,4,1090.19,17.583709677419357,91.66666666666667,179.0,0
14559,0,297,1,75.6,37.8,0.0,0.0,1
15726,0,297,1,321.91,13.99608695652174,0.0,0.0,1
14382,0,297,1,620.73,3.63,0.0,0.0,0
14784,65,231,2,274.62,17.16375,66.0,66.0,0
17992,0,296,1,254.13,4.794905660377358,0.0,0.0,1
14526,0,296,1,262.4,6.247619047619047,0.0,0.0,1
12991,277,19,2,564.62,15.68388888888889,277.0,277.0,0
13862,281,15,7,2128.0299999999997,16.24450381679389,46.833333333333336,58.0,0
17106,0,296,1,491.23,9.268490566037736,0.0,0.0,1
13094,259,37,11,2051.52,73.26857142857143,26.0,74.0,0
17633,286,10,5,1381.16,21.580625,71.5,259.0,0
16399,153,142,2,411.66,5.798028169014085,154.0,154.0,0
17170,14,281,2,178.68,17.868000000000002,15.0,15.0,1
18084,5,290,2,722.45,103.20714285714287,5.0,5.0,0
16602,0,296,1,235.25,21.386363636363637,0.0,0.0,0
14189,292,3,12,4428.23,18.843531914893614,26.545454545454547,44.0,0
12357,0,295,2,12079.99,73.2120606060606,0.0,0.0,0
12616,293,2,3,1131.1,20.946296296296296,146.5,202.0,1
16083,287,8,4,2351.42,33.11859154929578,96.0,260.0,1
14675,0,296,1,462.15,3.3489130434782606,0.0,0.0,0
15235,170,125,16,2937.81,15.710213903743314,11.4,38.0,1
17203,0,295,4,2012.03,17.051101694915253,0.0,0.0,0
15968,0,295,1,418.05,4.918235294117647,0.0,0.0,1
13624,0,295,1,462.08,21.003636363636364,0.0,0.0,1
13458,288,7,12,9991.12,25.293974683544306,26.272727272727273,46.0,0
13789,0,295,1,239.46,13.303333333333335,0.0,0.0,1
15161,0,295,1,119.92,3.633939393939394,0.0,0.0,1
15811,282,13,6,3445.7,12.218794326241134,56.6,100.0,0
13158,293,2,5,1508.18,15.081800000000001,73.5,163.0,1
14192,0,295,1,293.74,20.981428571428573,0.0,0.0,1
16829,231,64,2,513.32,19.011851851851855,232.0,232.0,1
18256,0,295,1,110.69999999999999,11.069999999999999,0.0,0.0,1
13237,0,295,1,643.0,26.791666666666668,0.0,0.0,1
14417,0,295,1,604.2,4.41021897810219,0.0,0.0,1
16386,134,161,2,846.49,13.436349206349206,134.0,134.0,0
16006,176,118,2,347.17,4.233780487804879,176.0,176.0,1
13549,245,49,6,849.65,16.659803921568628,49.0,145.0,0
12847,0,295,1,765.36,21.867428571428572,0.0,0.0,0
14811,0,294,1,170.5,6.089285714285714,0.0,0.0,1
16224,246,48,4,1187.12,13.803720930232556,82.0,138.0,0
15515,0,294,1,171.81,24.544285714285714,0.0,0.0,1
17418,63,231,2,373.99,15.582916666666668,64.0,64.0,0
12890,0,294,1,336.8,5.908771929824562,0.0,0.0,0
18195,0,294,1,101.16,20.232,0.0,0.0,1
15649,50,243,4,2170.35,180.86249999999998,17.0,31.0,1
17995,105,189,3,495.48,17.08551724137931,53.0,101.0,1
16250,125,168,3,791.38,16.15061224489796,62.5,112.0,1
14405,0,294,1,195.0,97.5,0.0,0.0,1
14446,140,154,2,504.77,3.9129457364341085,140.0,140.0,0
13864,0,294,1,662.4,662.4,0.0,0.0,1
14614,0,293,1,295.13,15.533157894736842,0.0,0.0,1
17355,0,293,1,285.11,7.705675675675676,0.0,0.0,1
16973,0,293,1,127.0,21.166666666666668,0.0,0.0,1
17659,286,7,11,2488.36,19.4403125,28.6,99.0,0
17089,0,293,1,128.45,32.1125,0.0,0.0,1
18160,185,107,2,684.37,15.208222222222222,186.0,186.0,0
17868,0,293,1,234.65,12.35,0.0,0.0,1
17532,0,293,1,65.34,16.335,0.0,0.0,1
14932,20,273,2,1029.66,21.013469387755105,20.0,20.0,1
17269,0,293,1,537.46,3.681232876712329,0.0,0.0,1
16936,0,293,1,288.49,3.434404761904762,0.0,0.0,0
16599,0,293,1,172.8,14.4,0.0,0.0,1
16885,28,264,2,429.88,6.054647887323943,28.0,28.0,0
17433,0,292,1,266.8,6.841025641025642,0.0,0.0,0
17386,286,6,6,1823.69,86.84238095238095,57.2,220.0,0
18035,0,292,2,546.34,68.2925,0.0,0.0,0
15846,0,292,1,107.01,3.6900000000000004,0.0,0.0,1
13124,132,159,3,3490.24,16.386103286384976,66.5,107.0,0
16346,0,292,1,224.51,14.967333333333332,0.0,0.0,1
17648,192,100,4,1526.26,15.416767676767677,64.33333333333333,136.0,0
17493,0,292,1,100.91,12.61375,0.0,0.0,1
12967,25,265,3,4306.92,53.8365,12.5,13.0,1
12887,0,291,1,222.4,17.107692307692307,0.0,0.0,1
12728,126,164,4,851.15,17.732291666666665,42.0,51.0,0
12858,0,290,1,177.92,3.631020408163265,0.0,0.0,1
15155,0,290,1,383.96999999999997,15.99875,0.0,0.0,1
16367,20,270,2,728.82,5.3589705882352945,21.0,21.0,0
17275,0,290,1,114.52,4.7716666666666665,0.0,0.0,1
16501,0,290,1,1237.23,5.9769565217391305,0.0,0.0,1
12807,0,290,1,330.35,20.646875,0.0,0.0,1
17036,0,290,1,176.9,14.741666666666667,0.0,0.0,1
15350,9,280,2,663.25,18.95,10.0,10.0,1
13550,0,290,1,349.51,7.943409090909091,0.0,0.0,1
15634,0,290,1,311.1,16.373684210526317,0.0,0.0,0
18210,115,174,2,289.85,19.323333333333334,115.0,115.0,0
17782,0,290,2,679.02,23.41448275862069,0.0,0.0,1
13086,0,290,1,439.33,9.347446808510638,0.0,0.0,1
14419,130,160,3,510.41,6.301358024691359,65.0,112.0,0
16424,191,98,2,443.06,34.081538461538464,191.0,191.0,1
16252,0,290,1,295.09,14.05190476190476,0.0,0.0,1
15525,9,280,2,783.71,5.679057971014493,9.0,9.0,0
16765,88,201,2,454.75,8.745192307692308,88.0,88.0,1
14048,77,212,3,748.69,5.309858156028369,38.5,77.0,1
16812,21,268,4,2392.0,20.8,7.333333333333333,18.0,1
13651,0,289,1,132.65,16.58125,0.0,0.0,0
15986,0,289,1,186.29999999999998,16.936363636363634,0.0,0.0,0
16821,0,289,1,113.35,16.192857142857143,0.0,0.0,1
17870,257,31,7,1817.02,26.720882352941175,43.0,231.0,0
17458,0,289,1,213.08,6.65875,0.0,0.0,0
17237,6,283,2,687.39,11.268688524590164,6.0,6.0,0
17570,0,289,1,100.0,100.0,0.0,0.0,1
17872,0,289,1,235.87,15.724666666666668,0.0,0.0,1
18047,0,288,2,342.69,3.8942045454545453,0.0,0.0,1
14176,83,204,5,916.01,19.913260869565217,21.0,41.0,1
14252,0,288,1,350.99,35.099000000000004,0.0,0.0,1
18118,233,55,21,5159.66,4.432697594501718,11.7,39.0,0
12434,120,167,2,583.54,16.209444444444443,121.0,121.0,0
17766,0,288,2,299.61,13.618636363636364,0.0,0.0,1
15864,282,6,4,1202.3,80.15333333333334,94.33333333333333,139.0,0
13181,0,288,1,359.69,18.931052631578947,0.0,0.0,1
14972,252,35,2,145.07,7.2535,253.0,253.0,1
16001,0,288,1,583.39,20.11689655172414,0.0,0.0,1
17598,0,288,1,409.98,40.998000000000005,0.0,0.0,1
13843,0,288,1,319.75,17.76388888888889,0.0,0.0,1
15951,95,193,2,680.12,17.003,96.0,96.0,0
16357,218,69,3,467.44,18.6976,109.5,168.0,0
17744,130,158,5,1615.7,20.983116883116885,32.5,72.0,0
14458,0,288,1,237.42,4.84530612244898,0.0,0.0,1
18076,0,287,1,151.49,18.93625,0.0,0.0,1
17601,141,146,2,421.48,5.545789473684211,141.0,141.0,1
15509,0,287,1,166.51,5.741724137931034,0.0,0.0,1
15902,0,287,1,145.01,8.056111111111111,0.0,0.0,1
16988,0,287,1,256.55,19.734615384615385,0.0,0.0,0
15987,258,28,7,1437.27,10.121619718309859,43.166666666666664,149.0,0
14721,0,286,1,115.77,4.2877777777777775,0.0,0.0,1
16874,0,286,1,217.74,6.404117647058824,0.0,0.0,1
15020,0,286,1,203.42,7.265,0.0,0.0,1
14487,10,275,2,382.38,6.481016949152543,11.0,11.0,0
15495,0,286,1,246.5,12.325,0.0,0.0,1
17989,0,286,1,228.83,6.730294117647059,0.0,0.0,1
14443,240,46,4,1957.79,15.66232,80.33333333333333,172.0,0
17882,0,286,2,313.46,5.597499999999999,0.0,0.0,1
12385,0,286,1,1938.4,29.821538461538463,0.0,0.0,1
18161,238,47,4,955.67,19.5034693877551,79.66666666666667,112.0,0
15961,0,286,1,451.28999999999996,10.745,0.0,0.0,1
13626,126,160,2,707.04,16.069090909090907,127.0,127.0,1
14627,0,286,1,462.75,15.956896551724139,0.0,0.0,1
12961,0,286,1,211.99,5.29975,0.0,0.0,1
17556,173,113,2,300.66999999999996,21.476428571428567,174.0,174.0,1
18031,0,286,1,462.09999999999997,7.109230769230769,0.0,0.0,1
17283,0,286,1,188.46,12.564,0.0,0.0,1
17516,259,26,5,798.32,4.6145664739884396,64.75,98.0,0
12538,0,285,1,276.5,21.26923076923077,0.0,0.0,0
17999,12,273,2,539.1800000000001,4.45603305785124,12.0,12.0,0
16262,0,285,1,755.15,16.416304347826088,0.0,0.0,1
15914,0,285,2,205.99,15.845384615384615,0.0,0.0,1
15212,135,148,2,208.28,20.828,135.0,135.0,1
15037,0,283,2,402.51,8.385625,0.0,0.0,1
17607,0,283,1,333.81,15.173181818181819,0.0,0.0,1
15583,0,283,1,107.86,2.344782608695652,0.0,0.0,1
18003,0,283,1,358.61,14.3444,0.0,0.0,1
16893,9,274,2,401.77,2.976074074074074,10.0,10.0,1
13254,0,283,1,51.41,12.8525,0.0,0.0,1
12996,0,283,1,355.5,16.15909090909091,0.0,0.0,1
12767,0,283,1,949.8199999999999,22.088837209302323,0.0,0.0,1
17722,279,3,5,4430.36,20.229954337899542,69.75,135.0,1
17723,248,34,7,3378.4,281.53333333333336,41.333333333333336,161.0,1
16545,210,72,2,689.8199999999999,86.22749999999999,211.0,211.0,1
15404,0,283,1,257.06,16.06625,0.0,0.0,1
15540,0,283,1,247.38,15.46125,0.0,0.0,0
17671,218,65,4,1929.18,23.243132530120484,72.66666666666667,154.0,0
18034,0,283,1,370.82,3.281592920353982,0.0,0.0,0
16413,0,283,1,266.78000000000003,7.020526315789475,0.0,0.0,0
16194,0,282,1,308.6,38.575,0.0,0.0,1
17912,65,217,6,375.5,7.221153846153846,13.0,49.0,1
16355,0,282,1,416.35,8.673958333333333,0.0,0.0,1
12351,0,282,1,300.93,14.33,0.0,0.0,1
15828,0,282,1,1108.82,14.984054054054052,0.0,0.0,1
17223,64,217,3,873.53,8.648811881188118,32.5,58.0,1
17468,0,282,1,57.8,19.266666666666666,0.0,0.0,0
13955,220,61,3,545.17,6.266321839080459,110.5,151.0,1
14414,275,6,7,2213.49,20.495277777777776,45.833333333333336,222.0,0
15939,267,14,15,8805.63,55.381320754716974,19.071428571428573,46.0,0
17826,0,281,1,134.59,3.958529411764706,0.0,0.0,1
16473,209,72,4,470.83,16.815357142857142,70.0,123.0,1
17820,0,281,1,183.56,4.37047619047619,0.0,0.0,1
17378,0,281,1,10.95,10.95,0.0,0.0,1
16552,130,150,2,475.02,21.59181818181818,131.0,131.0,1
15922,0,280,1,739.0,33.59090909090909,0.0,0.0,1
14594,0,280,1,510.0,8.225806451612904,0.0,0.0,0
15165,0,280,1,975.5,18.064814814814813,0.0,0.0,1
16274,0,280,1,715.9,5.342537313432835,0.0,0.0,1
12947,229,51,6,1908.03,16.737105263157893,46.0,102.0,1
17855,0,280,1,417.94,12.292352941176471,0.0,0.0,1
17925,0,280,1,488.16,244.08,0.0,0.0,1
16244,160,119,2,2579.38,16.74922077922078,161.0,161.0,1
14491,197,82,2,468.13,22.29190476190476,197.0,197.0,1
15923,0,280,1,254.16,6.051428571428572,0.0,0.0,1
16752,0,280,1,415.0,23.055555555555557,0.0,0.0,1
17964,0,279,1,523.52,7.478857142857143,0.0,0.0,0
17976,0,279,1,706.38,5.433692307692308,0.0,0.0,1
14775,234,45,2,1108.02,18.467,235.0,235.0,0
13011,0,279,1,101.1,16.849999999999998,0.0,0.0,1
14576,0,279,1,70.8,35.4,0.0,0.0,1
12738,0,279,1,310.7,14.122727272727273,0.0,0.0,1
12686,0,279,1,178.28,12.734285714285715,0.0,0.0,1
13370,0,279,1,1509.74,19.355641025641027,0.0,0.0,1
12427,0,279,1,607.0,30.35,0.0,0.0,0
14589,0,279,1,79.5,13.25,0.0,0.0,1
17787,218,60,4,2601.47,15.766484848484847,73.0,152.0,1
17198,5,272,2,1043.32,6.774805194805195,6.0,6.0,0
15545,0,278,1,270.66,4.365483870967743,0.0,0.0,0
18156,0,277,1,412.46000000000004,3.749636363636364,0.0,0.0,0
15880,0,276,1,686.56,3.269333333333333,0.0,0.0,1
16402,104,172,2,511.4,4.3709401709401705,105.0,105.0,1
15894,115,160,2,420.28999999999996,5.320126582278481,116.0,116.0,1
12763,230,45,2,814.16,23.945882352941176,231.0,231.0,1
17674,0,276,1,601.32,27.332727272727276,0.0,0.0,0
15899,0,276,1,112.5,14.0625,0.0,0.0,1
15919,0,276,1,541.44,5.524897959183674,0.0,0.0,0
15048,251,24,3,423.23,4.069519230769231,126.0,148.0,0
18113,0,276,1,152.64,76.32,0.0,0.0,1
13030,0,275,1,855.48,7.1290000000000004,0.0,0.0,0
15018,114,160,2,402.59000000000003,18.299545454545456,115.0,115.0,0
18119,0,275,1,362.24,6.037333333333334,0.0,0.0,1
12386,29,245,2,660.8,36.71111111111111,29.0,29.0,1
12441,0,274,1,347.1,15.77727272727273,0.0,0.0,1
18043,160,114,2,768.27,4.656181818181818,160.0,160.0,0
18269,0,273,1,337.2,24.085714285714285,0.0,0.0,1
13270,0,273,1,1180.0,590.0,0.0,0.0,1
12942,234,38,3,942.65,10.358791208791208,117.0,168.0,1
13369,0,273,1,616.56,22.02,0.0,0.0,1
15211,0,272,1,766.14,16.655217391304348,0.0,0.0,0
15881,52,219,5,501.39,17.289310344827587,13.0,49.0,1
14448,0,271,1,102.35000000000001,5.686111111111112,0.0,0.0,0
12753,226,43,5,16620.91,100.12596385542169,56.75,113.0,0
17917,106,163,2,230.46,3.5455384615384617,106.0,106.0,0
18004,0,269,1,169.47,4.23675,0.0,0.0,1
16665,0,269,1,135.4,15.044444444444444,0.0,0.0,1
17937,247,22,5,3614.52,109.53090909090909,62.0,143.0,0
16927,245,23,3,543.05,90.50833333333333,123.0,161.0,1
17303,0,268,1,250.04,4.717735849056604,0.0,0.0,1
17890,38,230,2,602.09,6.405212765957447,39.0,39.0,1
14150,0,267,1,306.18,25.515,0.0,0.0,0
13496,0,267,1,501.01,19.269615384615385,0.0,0.0,0
13221,119,147,2,847.41,12.839545454545455,119.0,119.0,1
17551,0,266,1,306.84,7.1358139534883716,0.0,0.0,1
17214,110,156,4,613.67,9.02455882352941,36.666666666666664,50.0,0
17752,0,266,1,80.64,80.64,0.0,0.0,1
14373,0,265,1,76.55,19.1375,0.0,0.0,1
18176,0,265,1,476.34999999999997,15.878333333333332,0.0,0.0,1
16816,254,10,4,417.06,14.895,85.0,164.0,1
14985,159,105,2,296.75,3.410919540229885,160.0,160.0,1
12551,0,265,1,168.0,16.8,0.0,0.0,1
15780,174,91,3,475.28000000000003,16.38896551724138,87.0,115.0,1
15204,0,264,1,316.58,35.175555555555555,0.0,0.0,1
12944,0,262,1,286.95,20.49642857142857,0.0,0.0,0
15460,0,261,1,216.76,3.7372413793103445,0.0,0.0,1
16270,0,260,1,1141.24,21.134074074074075,0.0,0.0,1
12515,0,260,1,383.7,23.98125,0.0,0.0,1
12383,167,92,5,1850.56,18.69252525252525,42.0,61.0,1
13817,0,259,1,128.7,14.299999999999999,0.0,0.0,0
12585,117,141,2,2040.1,23.44942528735632,117.0,117.0,1
16112,195,50,4,195.74,12.23375,65.0,178.0,1
15464,0,245,1,1048.85,6.680573248407643,0.0,0.0,1
17634,215,29,6,1920.66,9.700303030303031,40.833333333333336,90.0,0
12735,21,222,2,779.5699999999999,18.12953488372093,22.0,22.0,1
16567,142,101,2,865.6,24.731428571428573,142.0,142.0,1
12501,0,244,1,2169.39,14.559664429530201,0.0,0.0,1
15139,96,147,2,178.95999999999998,13.766153846153845,97.0,97.0,1
12489,0,243,1,334.93,22.328666666666667,0.0,0.0,1
18198,235,8,14,4427.39,37.84094017094017,18.153846153846153,57.0,0
14889,0,243,1,135.9,13.59,0.0,0.0,1
17114,196,46,6,603.59,6.781910112359551,39.2,48.0,0
17128,0,242,1,157.09,11.220714285714285,0.0,0.0,1
17800,216,25,6,765.3,11.422388059701492,43.4,61.0,0
18032,0,241,1,73.5,14.7,0.0,0.0,1
16850,0,241,1,332.40999999999997,17.495263157894737,0.0,0.0,1
12736,0,240,1,234.0,58.5,0.0,0.0,1
15749,97,142,3,44534.3,4453.43,48.5,97.0,1
17569,0,239,1,344.14,11.866896551724137,0.0,0.0,1
14270,0,239,1,492.65,16.98793103448276,0.0,0.0,1
14587,147,91,8,1473.53,4.05931129476584,21.0,34.0,0
14185,0,238,1,197.65,65.88333333333334,0.0,0.0,1
15171,0,238,1,1289.5,257.9,0.0,0.0,1
13284,0,238,1,201.19,15.476153846153846,0.0,0.0,1
15835,193,45,3,675.51,19.300285714285714,96.5,123.0,0
15510,0,238,1,250.0,250.0,0.0,0.0,1
15687,143,94,5,1679.45,17.313917525773196,36.0,82.0,0
13385,0,237,1,534.57,15.273428571428573,0.0,0.0,1
15213,11,226,2,328.34999999999997,13.681249999999999,11.0,11.0,1
15033,220,16,6,1629.1,5.797508896797153,44.0,73.0,0
17064,144,90,2,461.3,10.727906976744187,145.0,145.0,0
12626,214,20,6,4774.0,23.174757281553397,42.8,154.0,0
14976,225,8,4,559.96,10.36962962962963,75.0,95.0,0
15316,0,234,1,165.0,165.0,0.0,0.0,1
18233,0,233,1,440.0,440.0,0.0,0.0,1
14242,91,142,2,280.55,17.534375,91.0,91.0,1
16997,37,195,3,702.0,58.5,18.5,21.0,1
15395,0,233,1,107.45,15.35,0.0,0.0,1
14428,85,147,2,330.62,11.807857142857143,86.0,86.0,0
14090,0,232,1,76.32,76.32,0.0,0.0,1
15831,199,31,2,451.11,19.613478260869567,200.0,200.0,0
14779,43,188,3,386.15,9.418292682926829,21.5,42.0,1
16618,111,118,4,1441.29,26.690555555555555,37.333333333333336,63.0,0
17277,95,135,2,1065.35,15.439855072463766,95.0,95.0,1
13742,157,69,10,2648.72,10.033030303030301,17.555555555555557,49.0,0
13068,0,227,1,165.0,165.0,0.0,0.0,0
14368,0,227,1,155.0,19.375,0.0,0.0,1
12559,8,218,2,561.71,26.74809523809524,9.0,9.0,1
14501,136,91,2,251.20999999999998,25.121,136.0,136.0,1
14782,0,227,1,200.1,33.35,0.0,0.0,1
15820,0,227,1,206.98,12.175294117647057,0.0,0.0,1
13396,0,226,1,387.27,25.817999999999998,0.0,0.0,0
16730,84,142,2,480.94,12.998378378378378,85.0,85.0,0
15052,0,226,1,215.78,7.192666666666667,0.0,0.0,1
13837,105,119,2,271.24,14.275789473684211,106.0,106.0,1
17118,0,225,1,157.02,15.702000000000002,0.0,0.0,1
13098,223,1,18,15169.46,39.814855643044616,13.117647058823529,34.0,0
17786,0,224,1,114.85000000000001,4.101785714285715,0.0,0.0,0
16882,77,146,2,215.7,14.379999999999999,78.0,78.0,0
12764,0,224,1,1693.88,37.64177777777778,0.0,0.0,1
16949,130,93,4,893.75,27.9296875,43.666666666666664,62.0,0
18125,114,109,3,945.14,5.495,57.5,94.0,0
13328,0,223,1,1308.48,76.96941176470588,0.0,0.0,1
12574,0,223,1,218.45,19.85909090909091,0.0,0.0,1
14659,169,53,6,1641.55,10.455732484076433,34.0,46.0,0
16897,14,206,2,289.78,7.831891891891891,14.0,14.0,1
15415,0,220,1,572.81,11.933541666666665,0.0,0.0,1
17431,0,220,1,403.3,9.37906976744186,0.0,0.0,1
14502,163,56,7,1176.01,4.126350877192983,27.333333333333332,85.0,0
12528,198,22,4,1287.37,19.805692307692308,66.0,127.0,0
16403,0,219,1,177.5,17.75,0.0,0.0,1
17619,0,219,1,218.52,2.837922077922078,0.0,0.0,1
16745,213,5,16,6372.7,19.07994011976048,14.2,28.0,0
13606,68,150,2,250.42,6.2604999999999995,68.0,68.0,0
13494,0,219,1,316.26,17.57,0.0,0.0,1
12929,0,219,1,117.85,14.73125,0.0,0.0,1
18202,111,107,3,1396.99,20.543970588235293,56.0,112.0,1
15940,0,218,1,35.8,35.8,0.0,0.0,1
14457,0,218,1,113.64,28.41,0.0,0.0,1
15589,54,163,3,478.53,16.50103448275862,27.5,55.0,1
14411,0,218,1,1063.0,75.92857142857143,0.0,0.0,1
15226,0,218,1,154.41,19.30125,0.0,0.0,1
16378,63,154,3,362.95,15.780434782608696,31.5,49.0,1
13894,0,217,1,160.85,16.085,0.0,0.0,0
18250,0,217,1,349.27,16.63190476190476,0.0,0.0,1
14188,200,16,4,1383.46,32.173488372093026,67.0,96.0,0
17446,133,84,2,120.89999999999999,13.433333333333332,134.0,134.0,1
12350,0,217,1,334.4,19.670588235294115,0.0,0.0,1
17337,158,58,4,2027.8700000000001,3.7345672191528547,53.0,60.0,1
16405,7,209,2,167.25,33.45,8.0,8.0,1
12502,214,3,5,3723.87,25.332448979591835,53.5,90.0,1
16333,210,6,18,15619.6,422.15135135135137,12.411764705882353,69.0,0
16030,0,217,1,331.24,11.422068965517242,0.0,0.0,1
12464,203,13,6,780.55,37.16904761904762,40.6,84.0,0
17507,47,169,2,605.58,6.881590909090909,48.0,48.0,1
12754,72,143,3,3010.7400000000002,47.789523809523814,36.5,42.0,1
14778,181,34,2,730.86,20.881714285714285,181.0,181.0,1
17517,0,216,1,153.94,13.994545454545454,0.0,0.0,1
13725,139,76,7,1865.7,19.638947368421054,23.166666666666668,56.0,0
17291,0,215,1,550.8,550.8,0.0,0.0,1
15090,0,215,1,381.32,16.57913043478261,0.0,0.0,1
14842,212,2,3,1901.52,21.128,106.5,117.0,0
17105,147,66,2,665.78,7.397555555555555,147.0,147.0,1
14438,0,213,1,131.9,14.655555555555557,0.0,0.0,1
15781,168,45,2,211.3,19.20909090909091,168.0,168.0,0
17302,182,30,3,661.61,12.252037037037038,91.5,97.0,0
17613,188,25,9,2991.29,12.110485829959513,23.5,52.0,0
17162,174,38,9,1463.66,16.44561797752809,21.75,59.0,0
15407,121,91,3,740.73,11.947258064516129,61.0,83.0,0
17859,0,212,1,148.21,5.9284,0.0,0.0,1
15753,0,212,1,79.2,79.2,0.0,0.0,1
16951,169,42,3,1277.75,14.857558139534884,85.0,168.0,1
17881,0,211,1,133.35,16.66875,0.0,0.0,1
15843,0,211,1,118.95,14.86875,0.0,0.0,1
17537,0,210,1,630.7,10.339344262295082,0.0,0.0,0
12401,0,210,1,84.3,16.86,0.0,0.0,1
12462,0,210,1,762.11,19.05275,0.0,0.0,0
12561,0,210,1,238.85,14.928125,0.0,0.0,1
16425,0,209,1,302.7,14.414285714285715,0.0,0.0,1
16842,201,8,3,1264.19,20.066507936507936,101.0,147.0,1
18159,0,208,1,530.15,23.05,0.0,0.0,1
13171,0,206,1,140.35,6.102173913043478,0.0,0.0,0
16084,0,206,1,436.18,11.47842105263158,0.0,0.0,1
15236,0,206,1,321.05,21.403333333333332,0.0,0.0,1
13475,107,98,4,1431.78,16.648604651162792,35.666666666666664,44.0,1
16738,0,205,1,3.75,3.75,0.0,0.0,1
13893,0,205,1,821.1,39.1,0.0,0.0,1
16431,84,120,3,642.81,7.744698795180722,42.0,84.0,1
16073,0,204,1,122.4,122.4,0.0,0.0,1
14760,0,204,1,89.2,17.84,0.0,0.0,1
16509,0,204,1,363.7,27.976923076923075,0.0,0.0,1
14386,0,204,1,142.4,20.342857142857145,0.0,0.0,1
12372,83,120,2,914.92,23.45948717948718,84.0,84.0,0
16494,0,204,1,826.53,16.5306,0.0,0.0,1
14959,186,17,3,537.32,10.535686274509805,93.5,106.0,0
17175,155,48,3,1132.63,20.225535714285716,77.5,116.0,0
13718,49,153,2,306.55,25.545833333333334,49.0,49.0,1
12654,97,105,3,337.75,15.352272727272727,49.0,98.0,0
18138,0,202,1,152.65,19.08125,0.0,0.0,1
14371,0,202,1,100.5,25.125,0.0,0.0,1
12852,0,202,1,311.55,18.326470588235296,0.0,0.0,1
13489,189,12,4,449.52,32.10857142857143,63.0,132.0,1
13904,0,202,1,201.12,11.830588235294117,0.0,0.0,0
13932,0,202,1,307.4,19.2125,0.0,0.0,1
13951,118,83,3,674.45,17.293589743589745,59.0,60.0,1
16566,122,77,3,463.88,51.54222222222222,61.0,100.0,0
14162,118,81,2,289.36,11.5744,119.0,119.0,1
13301,188,11,4,618.09,7.630740740740741,63.0,70.0,1
14803,130,69,3,845.5500000000001,19.217045454545456,65.0,113.0,1
13744,197,2,2,1156.36,16.060555555555553,197.0,197.0,1
12988,0,199,1,535.32,5.818695652173914,0.0,0.0,1
12707,0,199,1,603.42,18.285454545454545,0.0,0.0,1
18155,121,78,2,266.56,14.029473684210526,121.0,121.0,0
15146,126,72,2,1327.16,14.584175824175825,127.0,127.0,1
12365,0,198,2,641.38,29.153636363636362,0.0,0.0,1
14520,0,198,1,165.0,165.0,0.0,0.0,0
13038,106,91,2,591.76,26.89818181818182,107.0,107.0,0
16349,0,198,1,53.5,5.944444444444445,0.0,0.0,1
18114,0,197,1,220.1,7.860714285714286,0.0,0.0,1
12845,22,174,4,354.09000000000003,13.114444444444446,7.666666666666667,20.0,1
16573,0,197,1,292.63,18.289375,0.0,0.0,0
13184,159,38,9,1504.44,9.402750000000001,20.0,43.0,0
15397,0,197,1,94.0,15.666666666666666,0.0,0.0,1
16394,118,78,3,933.1,15.551666666666668,59.0,77.0,0
17711,0,197,1,220.53,16.963846153846156,0.0,0.0,0
13865,152,44,3,383.34000000000003,16.66695652173913,76.5,103.0,0
14289,154,42,5,832.78,19.828095238095237,38.75,48.0,0
13149,182,13,3,1132.62,17.6971875,91.5,140.0,0
18068,0,196,1,101.7,101.7,0.0,0.0,1
15932,181,15,6,1885.95,24.492857142857144,36.4,58.0,0
15974,193,2,6,2895.0099999999998,19.42959731543624,38.6,66.0,0
17830,27,169,2,287.65,17.978125,27.0,27.0,0
12565,0,196,1,145.92,16.21333333333333,0.0,0.0,1
14880,103,92,2,363.27,13.971923076923076,103.0,103.0,0
15121,0,196,1,295.15,16.397222222222222,0.0,0.0,0
17117,0,195,1,116.2,12.911111111111111,0.0,0.0,1
13751,0,195,1,296.25,32.916666666666664,0.0,0.0,1
13345,0,195,1,389.5,19.475,0.0,0.0,1
13973,0,194,1,264.7,24.063636363636363,0.0,0.0,1
13493,11,182,2,618.63,77.32875,12.0,12.0,1
13261,17,176,2,944.1,104.9,17.0,17.0,1
16598,0,193,1,145.05,14.505,0.0,0.0,1
13630,179,13,5,1361.46,22.319016393442624,45.0,66.0,0
13636,163,29,4,646.55,15.76951219512195,54.333333333333336,130.0,0
12781,0,192,1,549.26,36.617333333333335,0.0,0.0,0
14036,0,192,1,626.65,16.49078947368421,0.0,0.0,1
13675,133,58,2,486.82,19.4728,133.0,133.0,1
16667,0,191,1,203.35,9.683333333333334,0.0,0.0,0
16187,185,6,12,5395.7,23.257327586206895,16.818181818181817,45.0,0
16339,0,191,1,109.95,5.4975000000000005,0.0,0.0,1
12509,0,191,1,176.5,25.214285714285715,0.0,0.0,1
14046,0,191,1,154.99,11.070714285714287,0.0,0.0,1
16427,21,170,2,241.06,26.784444444444446,21.0,21.0,1
14056,177,14,17,5382.51,7.2248456375838925,11.0625,26.0,0
15656,105,85,3,563.63,16.103714285714286,53.0,64.0,0
17462,0,191,1,463.40999999999997,33.10071428571428,0.0,0.0,0
14620,78,113,2,412.78000000000003,15.876153846153848,78.0,78.0,1
16462,98,93,2,68.0,34.0,98.0,98.0,0
12428,163,27,8,7548.12,27.054193548387097,23.285714285714285,85.0,0
15676,0,191,1,897.8,14.718032786885246,0.0,0.0,0
12679,77,113,2,906.38,20.599545454545453,78.0,78.0,0
15319,0,191,1,204.5,12.78125,0.0,0.0,1
16389,77,112,2,670.17,41.885625,78.0,78.0,0
15733,0,190,1,162.3,16.23,0.0,0.0,1
16678,184,6,8,2137.3,18.74824561403509,26.285714285714285,52.0,0
12834,0,190,1,312.38,17.354444444444443,0.0,0.0,1
17770,83,106,5,1143.27,30.086052631578948,21.0,63.0,1
14473,0,189,1,85.0,85.0,0.0,0.0,0
15104,85,104,2,1027.44,14.890434782608697,86.0,86.0,1
15643,90,99,3,664.0,20.12121212121212,45.5,91.0,1
16217,46,142,2,304.25,20.283333333333335,47.0,47.0,1
16957,42,146,2,416.64,26.04,42.0,42.0,1
15087,0,189,1,306.94,20.462666666666667,0.0,0.0,1
17856,48,140,3,1142.6299999999999,126.95888888888888,24.0,31.0,0
15053,125,63,2,478.6,11.965,125.0,125.0,0
17652,136,51,6,2713.57,17.506903225806454,27.4,48.0,0
12541,107,80,2,536.14,19.14785714285714,107.0,107.0,0
15220,165,22,5,1284.05,14.591477272727273,41.25,54.0,0
16449,82,105,2,707.69,17.69225,83.0,83.0,1
14995,0,187,1,119.31,3.2245945945945946,0.0,0.0,0
12584,153,34,4,782.59,23.017352941176473,51.0,95.0,0
17535,0,187,1,164.4,12.646153846153847,0.0,0.0,1
14903,154,32,4,2411.82,8.203469387755103,51.333333333333336,76.0,0
18211,142,44,2,268.7,17.913333333333334,142.0,142.0,0
14504,35,150,3,542.71,5.653229166666667,17.5,19.0,0
15554,0,185,1,217.2,15.514285714285714,0.0,0.0,1
12614,0,185,1,315.6,15.780000000000001,0.0,0.0,1
13344,0,185,1,1656.15,24.35514705882353,0.0,0.0,0
16621,130,55,3,609.41,27.700454545454544,65.0,68.0,0
14214,121,63,3,899.16,15.24,60.5,107.0,0
14012,0,185,1,328.8,29.89090909090909,0.0,0.0,1
17654,0,184,1,117.55,5.343181818181818,0.0,0.0,1
16517,0,184,1,162.70000000000002,9.57058823529412,0.0,0.0,1
15234,0,184,1,197.0,14.071428571428571,0.0,0.0,1
15806,119,65,2,521.88,22.690434782608694,119.0,119.0,0
14586,0,184,1,237.35999999999999,12.492631578947368,0.0,0.0,1
14407,169,14,6,2157.73,29.557945205479452,33.8,71.0,1
13908,149,34,3,1461.61,19.231710526315787,75.0,88.0,0
14730,169,14,5,904.21,4.835347593582888,42.25,71.0,0
14367,138,45,10,5448.45,16.167507418397626,15.444444444444445,33.0,0
16426,183,0,4,689.83,8.732025316455697,61.333333333333336,184.0,0
16495,0,183,2,246.51,7.47,0.0,0.0,0
14336,77,105,3,1114.3899999999999,18.887966101694914,39.0,57.0,0
15206,176,7,3,236.7,39.449999999999996,88.0,130.0,0
12881,0,183,1,298.0,42.57142857142857,0.0,0.0,1
16572,148,34,3,1009.6,17.712280701754388,74.0,124.0,1
14165,0,183,1,122.53999999999999,4.901599999999999,0.0,0.0,1
15632,153,29,6,2351.84,20.630175438596492,30.6,43.0,0
14297,0,182,1,232.6,21.145454545454545,0.0,0.0,0
13899,0,182,1,298.5,19.9,0.0,0.0,0
18183,47,134,2,632.07,17.082972972972975,47.0,47.0,1
14603,0,182,1,660.0,330.0,0.0,0.0,1
15308,0,181,1,310.46999999999997,16.34052631578947,0.0,0.0,1
18086,0,181,1,101.34,14.477142857142857,0.0,0.0,1
16778,0,181,1,93.18,18.636000000000003,0.0,0.0,0
16808,175,6,2,288.42,12.540000000000001,175.0,175.0,1
16475,130,51,3,459.3,17.011111111111113,65.0,111.0,0
13265,89,91,3,1465.66,23.63967741935484,45.0,62.0,0
12520,131,49,4,2045.85,16.90785123966942,43.666666666666664,62.0,0
15049,0,181,1,121.17000000000002,40.39000000000001,0.0,0.0,1
16766,0,180,2,1145.6,33.69411764705882,0.0,0.0,1
16801,110,70,4,1619.73,21.312236842105264,36.666666666666664,72.0,1
17164,121,59,3,1270.42,16.49896103896104,61.0,61.0,0
13043,0,180,1,516.42,39.72461538461538,0.0,0.0,1
14352,116,64,4,1078.96,22.95659574468085,38.666666666666664,77.0,1
13956,133,45,3,680.27,6.0738392857142856,66.5,105.0,0
13708,0,178,1,296.88,5.821176470588235,0.0,0.0,1
15671,176,2,5,1972.8899999999999,30.826406249999998,44.0,116.0,0
16871,60,118,4,2037.82,19.224716981132076,20.0,45.0,0
12901,162,16,19,11639.47,129.32744444444444,9.0,25.0,0
15388,0,177,1,140.54,14.053999999999998,0.0,0.0,1
16804,0,177,1,118.05,6.213157894736842,0.0,0.0,0
13499,44,132,2,463.79,22.085238095238097,44.0,44.0,0
15047,0,177,1,343.62,15.61909090909091,0.0,0.0,1
15106,128,48,3,1032.83,14.34486111111111,64.0,70.0,0
13716,0,176,1,138.28,6.584761904761905,0.0,0.0,1
13121,0,176,1,283.73,5.674600000000001,0.0,0.0,1
16297,0,176,1,301.9,15.094999999999999,0.0,0.0,1
12994,148,27,2,645.47,15.743170731707318,148.0,148.0,0
16152,0,176,1,1829.04,63.070344827586204,0.0,0.0,1
14636,0,176,1,300.19,18.761875,0.0,0.0,0
13358,0,176,1,439.03,15.138965517241378,0.0,0.0,1
12597,85,90,2,1428.81,18.318076923076923,85.0,85.0,0
12955,175,0,6,1843.36,22.48,35.0,51.0,0
13185,0,175,1,71.4,71.4,0.0,0.0,1
13216,0,175,1,333.74,66.748,0.0,0.0,1
13533,84,90,3,270.79,3.563026315789474,42.5,85.0,1
13268,97,77,6,2150.25,7.1675,19.6,29.0,0
15433,53,121,2,533.3,13.00731707317073,54.0,54.0,1
16216,0,174,1,914.93,24.727837837837836,0.0,0.0,1
16976,0,174,1,251.51999999999998,125.75999999999999,0.0,0.0,1
13631,167,7,11,3070.42,279.1290909090909,16.8,61.0,1
15648,62,111,2,657.35,26.294,63.0,63.0,1
17725,166,8,8,2507.12,17.78099290780142,23.857142857142858,34.0,0
13072,0,174,1,177.15,25.307142857142857,0.0,0.0,1
14059,0,174,1,183.6,22.95,0.0,0.0,1
16672,167,6,17,6911.84,69.11840000000001,10.4375,30.0,0
14066,0,174,1,152.55,21.792857142857144,0.0,0.0,1
16626,153,20,7,2165.34,21.228823529411766,25.5,82.0,0
15019,0,174,1,266.0,3.8,0.0,0.0,1
14041,0,173,1,141.41,6.733809523809524,0.0,0.0,1
17060,0,173,1,234.23999999999998,46.848,0.0,0.0,1
16023,74,99,2,500.69,7.702923076923077,74.0,74.0,0
12878,29,143,2,854.99,18.191276595744682,30.0,30.0,1
14155,0,173,1,118.75,19.791666666666668,0.0,0.0,1
14633,0,173,1,344.9,17.244999999999997,0.0,0.0,1
15703,0,172,1,211.5,42.3,0.0,0.0,1
14071,4,167,2,356.81,12.303793103448276,4.0,4.0,0
17795,85,87,2,350.39,7.617173913043478,85.0,85.0,1
12902,0,172,1,138.68,13.868,0.0,0.0,1
14232,149,22,4,1573.33,17.28934065934066,49.666666666666664,78.0,0
12407,130,41,4,1407.36,21.99,43.333333333333336,79.0,0
16728,97,74,3,550.0,3.8461538461538463,49.0,70.0,0
13592,58,113,3,205.51,15.808461538461538,29.5,51.0,0
15408,0,171,1,267.18,7.858235294117647,0.0,0.0,1
14223,106,65,2,656.59,16.835641025641028,86.0,107.0,0
13934,0,171,1,922.1,29.74516129032258,0.0,0.0,1
15669,160,11,3,565.54,18.851333333333333,80.0,87.0,0
18224,0,171,1,158.95,15.895,0.0,0.0,1
14245,43,127,2,1693.45,15.680092592592594,44.0,44.0,1
14632,0,170,1,114.56,14.32,0.0,0.0,1
15132,156,13,3,842.23,17.546458333333334,78.5,94.0,0
17272,63,106,2,1409.44,17.84101265822785,63.0,63.0,0
14711,153,16,8,2064.42,9.1752,21.857142857142858,53.0,0
14377,70,98,2,617.05,56.095454545454544,71.0,71.0,1
15457,0,169,1,237.07,4.087413793103448,0.0,0.0,1
16721,0,169,1,292.47,7.904594594594595,0.0,0.0,1
17733,0,169,1,216.95,18.079166666666666,0.0,0.0,0
17102,0,169,1,25.5,25.5,0.0,0.0,1
15449,76,92,2,647.7,16.192500000000003,76.0,76.0,0
12818,0,169,1,1542.08,110.14857142857143,0.0,0.0,1
12604,0,169,1,178.5,17.85,0.0,0.0,0
13132,0,169,1,77.3,25.766666666666666,0.0,0.0,1
17486,0,168,1,396.87,16.53625,0.0,0.0,1
12564,0,168,1,456.9,21.757142857142856,0.0,0.0,1
15644,94,73,4,813.0,3.4159663865546217,31.666666666666668,90.0,1
17250,0,168,1,162.65,7.071739130434783,0.0,0.0,0
13341,0,168,1,775.85,18.472619047619048,0.0,0.0,1
17698,0,168,1,154.95,19.36875,0.0,0.0,1
14267,97,70,3,1516.24,27.568,49.0,98.0,1
16022,0,167,1,628.28,8.266842105263157,0.0,0.0,1
16063,0,167,1,335.32,14.57913043478261,0.0,0.0,1
15178,0,167,1,40.5,13.5,0.0,0.0,1
14348,0,167,1,409.57,22.753888888888888,0.0,0.0,1
15815,119,48,4,1874.7,46.8675,39.666666666666664,72.0,0
17979,90,76,3,504.53999999999996,5.201443298969072,45.5,91.0,0
12545,0,167,1,628.15,18.474999999999998,0.0,0.0,0
14536,0,167,1,171.8,9.042105263157895,0.0,0.0,1
17946,26,140,2,149.57999999999998,7.478999999999999,26.0,26.0,1
13743,151,15,5,912.12,30.404,38.0,62.0,0
15045,105,59,2,735.66,61.305,106.0,106.0,1
14476,0,164,1,215.7,11.352631578947367,0.0,0.0,1
16245,135,29,2,769.7,15.0921568627451,135.0,135.0,0
12669,105,58,3,2744.0299999999997,27.168613861386135,53.0,98.0,1
15083,0,164,1,88.2,17.64,0.0,0.0,1
18010,0,164,1,174.8,12.485714285714286,0.0,0.0,1
15624,139,24,4,588.13,17.297941176470587,46.666666666666664,71.0,1
17874,70,92,6,683.46,14.857826086956523,14.0,40.0,1
17719,149,13,12,4477.4,20.16846846846847,13.545454545454545,34.0,0
17398,140,22,3,653.38,17.19421052631579,70.5,96.0,1
12888,41,121,2,354.12,70.824,41.0,41.0,1
13588,155,7,4,1420.72,13.660769230769231,52.0,119.0,0
12456,123,38,2,2265.4,26.34186046511628,123.0,123.0,0
13720,138,24,4,799.9,18.60232558139535,46.0,62.0,1
17775,0,162,1,56.4,18.8,0.0,0.0,1
16657,105,56,2,446.11,3.280220588235294,106.0,106.0,0
15364,158,3,2,913.19,31.489310344827587,159.0,159.0,1
15832,0,161,1,836.79,15.49611111111111,0.0,0.0,1
15528,0,161,1,229.33,8.820384615384615,0.0,0.0,1
16398,99,61,2,1705.8,20.802439024390242,99.0,99.0,1
17088,70,90,2,1399.11,18.170259740259738,71.0,71.0,0
13060,0,161,1,307.53,20.502,0.0,0.0,1
16698,26,134,2,1998.0,399.6,27.0,27.0,1
13918,0,160,1,198.2,24.775,0.0,0.0,0
17781,93,66,2,188.02,15.668333333333335,94.0,94.0,1
14886,0,160,1,364.8,20.266666666666666,0.0,0.0,1
16609,117,42,5,2710.04,17.59766233766234,29.25,47.0,0
18263,96,63,2,811.4,18.03111111111111,97.0,97.0,0
13841,0,160,1,85.0,85.0,0.0,0.0,1
17701,0,160,1,417.95,17.414583333333333,0.0,0.0,1
12569,158,1,14,2081.68,23.389662921348314,11.428571428571429,35.0,0
16162,0,159,1,37.4,18.7,0.0,0.0,1
14023,0,157,1,273.14,17.07125,0.0,0.0,0
16142,0,157,1,535.34,14.46864864864865,0.0,0.0,1
18185,0,156,1,304.25,17.897058823529413,0.0,0.0,1
17956,0,156,1,12.75,12.75,0.0,0.0,1
15756,96,60,3,364.84,2.6826470588235294,48.5,61.0,0
14747,0,156,1,328.2,18.233333333333334,0.0,0.0,1
14719,69,86,2,488.12,6.3392207792207795,70.0,70.0,0
15442,0,156,1,594.0,297.0,0.0,0.0,1
16696,112,42,4,657.9,65.78999999999999,37.666666666666664,68.0,1
15145,21,134,2,724.03,17.659268292682928,21.0,21.0,0
13525,0,155,1,282.88,141.44,0.0,0.0,0
17140,0,154,1,465.32,23.266,0.0,0.0,1
14964,0,154,1,206.21,15.862307692307693,0.0,0.0,1
16031,0,154,1,305.63,7.836666666666667,155.0,155.0,0
17042,125,28,4,922.8199999999999,10.36876404494382,42.0,51.0,0
17906,0,154,1,72.9,6.075,0.0,0.0,1
16144,0,154,1,175.2,175.2,0.0,0.0,1
13731,27,126,2,610.59,16.068157894736842,27.0,27.0,1
13950,0,154,1,179.31,25.615714285714287,0.0,0.0,0
14246,135,18,3,1474.06,19.654133333333334,67.5,108.0,1
18040,0,153,1,239.0,19.916666666666668,0.0,0.0,0
16837,88,65,9,1911.74,21.241555555555557,11.0,40.0,0
15119,0,153,1,266.4,19.02857142857143,0.0,0.0,1
12999,49,103,3,455.88,16.28142857142857,24.5,40.0,1
17054,107,45,4,1207.32,16.5386301369863,36.0,70.0,0
12447,0,150,1,476.49,18.326538461538462,0.0,0.0,1
13570,0,150,1,239.49,8.870000000000001,0.0,0.0,1
13232,144,5,5,1048.3,6.202958579881656,36.25,82.0,0
18129,0,150,1,112.55,8.039285714285715,0.0,0.0,1
15655,0,150,1,560.67,16.490294117647057,0.0,0.0,1
15214,58,91,2,651.63,14.165869565217392,59.0,59.0,0
17574,0,150,1,185.65,23.20625,0.0,0.0,1
15737,95,55,5,897.93,16.628333333333334,23.75,53.0,0
18080,0,150,1,841.5,841.5,0.0,0.0,0
12596,0,149,1,269.95,17.996666666666666,0.0,0.0,0
14273,106,43,3,450.05,19.567391304347826,53.0,81.0,0
12363,132,17,2,552.0,24.0,133.0,133.0,1
15414,0,149,1,36.2,7.24,0.0,0.0,0
15935,2,146,2,416.86,34.73833333333334,2.0,2.0,1
14111,146,3,3,295.5,59.1,73.0,135.0,0
17972,0,149,1,136.04,4.388387096774193,0.0,0.0,1
12463,66,82,3,985.79,16.16049180327869,33.0,35.0,0
16729,142,6,17,5363.43,12.161972789115646,8.875,19.0,0
16697,0,148,1,112.75,5.369047619047619,0.0,0.0,1
14931,34,113,2,586.0,58.6,34.0,34.0,0
15230,1,146,2,429.6,18.678260869565218,1.0,1.0,1
16309,134,13,2,706.5699999999999,16.823095238095238,134.0,134.0,1
14262,133,14,3,855.0,16.764705882352942,66.5,83.0,0
16097,0,147,1,185.04999999999998,18.505,0.0,0.0,1
13122,146,1,2,922.39,16.77072727272727,146.0,146.0,1
16966,70,77,4,1486.56,67.57090909090908,23.333333333333332,36.0,0
15147,0,147,1,623.5,22.267857142857142,0.0,0.0,1
15813,31,115,2,1303.9099999999999,32.59775,32.0,32.0,1
17058,40,106,2,819.66,16.727755102040817,40.0,40.0,0
17704,71,76,2,885.1899999999999,28.554516129032255,71.0,71.0,1
16249,126,20,4,1440.77,29.403469387755102,42.333333333333336,64.0,0
13811,55,91,3,814.5,62.65384615384615,28.0,52.0,1
16806,135,10,4,801.49,7.781456310679611,45.333333333333336,66.0,1
13120,0,146,1,30.6,30.6,0.0,0.0,1
12769,0,146,1,1143.6,35.7375,0.0,0.0,1
14323,123,22,2,605.06,16.807222222222222,124.0,124.0,1
17367,0,145,1,168.4,4.952941176470588,0.0,0.0,1
18213,0,144,1,232.48,15.498666666666667,0.0,0.0,1
15172,100,43,3,886.74,14.53672131147541,50.5,61.0,0
15745,0,143,1,302.85,16.825000000000003,0.0,0.0,0
17697,0,143,1,338.95,17.839473684210525,0.0,0.0,1
15491,140,2,6,3100.09,20.130454545454548,28.0,79.0,1
16617,0,143,1,151.85,30.369999999999997,0.0,0.0,1
15508,46,96,6,1000.27,10.8725,9.2,30.0,1
15594,141,1,2,788.22,17.516000000000002,141.0,141.0,0
13376,135,6,3,1019.76,19.240754716981133,67.5,104.0,1
16633,119,21,3,1168.26,18.842903225806452,60.0,66.0,0
15225,0,141,1,409.4,17.8,0.0,0.0,1
15436,0,141,1,489.05,3.761923076923077,0.0,0.0,0
15517,0,140,1,267.03,9.889999999999999,0.0,0.0,1
17120,0,140,1,307.46,17.08111111111111,0.0,0.0,1
12506,0,140,1,73.5,3.1956521739130435,0.0,0.0,1
14759,119,20,2,870.85,16.747115384615384,120.0,120.0,0
13505,66,74,3,2583.12,21.000975609756097,33.0,40.0,0
13389,0,140,1,257.89,14.327222222222222,0.0,0.0,0
12354,0,139,1,1079.4,18.610344827586207,0.0,0.0,1
17061,121,18,10,4658.83,58.97253164556962,13.555555555555555,37.0,0
17630,62,77,2,503.6,19.36923076923077,63.0,63.0,1
16587,0,139,1,225.15,17.31923076923077,0.0,0.0,1
12622,0,139,1,180.1,16.37272727272727,0.0,0.0,1
16750,110,28,3,416.12,8.853617021276596,55.5,96.0,0
17670,0,135,1,205.7,18.7,0.0,0.0,1
15108,85,49,4,1300.25,21.670833333333334,28.666666666666668,45.0,1
16942,91,43,7,1449.14,7.3560406091370565,15.166666666666666,30.0,0
15237,23,110,2,1093.65,14.39013157894737,24.0,24.0,0
16965,0,134,1,201.19,7.738076923076923,0.0,0.0,1
15891,0,134,1,524.52,8.459999999999999,0.0,0.0,1
13637,39,94,2,684.85,7.363978494623656,39.0,39.0,0
16637,102,31,2,530.55,16.5796875,102.0,102.0,0
13229,0,133,1,160.95,16.095,0.0,0.0,1
14973,118,14,3,1314.45,41.0765625,59.0,91.0,1
15952,66,66,2,327.8,10.926666666666668,66.0,66.0,0
17893,0,132,1,112.25,7.015625,0.0,0.0,1
16370,107,24,3,953.11,5.295055555555556,54.0,65.0,0
15376,105,24,2,989.02,9.69627450980392,105.0,105.0,0
16055,0,128,1,134.8,16.85,0.0,0.0,1
14149,0,128,1,446.62,15.950714285714286,0.0,0.0,1
17501,0,128,2,288.6,16.033333333333335,0.0,0.0,1
15582,120,7,2,541.51,15.041944444444445,120.0,120.0,0
16230,30,97,2,542.03,15.486571428571429,31.0,31.0,1
18146,79,48,2,160.35,16.035,80.0,80.0,1
17443,0,127,1,534.24,534.24,0.0,0.0,1
12886,0,127,1,775.0,16.48936170212766,0.0,0.0,0
13524,118,9,3,408.86,22.714444444444446,59.0,72.0,0
16610,0,126,1,75.66,12.61,0.0,0.0,1
17394,0,126,1,203.87,50.9675,0.0,0.0,1
14948,120,5,4,639.23,15.590975609756098,40.333333333333336,82.0,0
12593,110,16,3,418.1,19.90952380952381,55.0,89.0,1
14340,0,126,1,134.7,22.45,0.0,0.0,1
16457,0,125,1,208.36,23.151111111111113,0.0,0.0,1
17527,108,17,2,606.62,24.2648,109.0,109.0,0
14697,0,125,2,188.61,8.57318181818182,0.0,0.0,1
17522,79,46,4,912.25,13.615671641791044,26.666666666666668,45.0,0
13867,0,125,1,138.85,17.35625,0.0,0.0,0
14393,0,125,1,67.95,13.59,0.0,0.0,1
15668,0,125,1,76.32,76.32,0.0,0.0,1
16319,0,125,1,404.40000000000003,134.8,0.0,0.0,1
17174,0,125,1,59.9,14.975,0.0,0.0,1
13365,0,125,1,700.6,17.964102564102564,0.0,0.0,0
18235,97,27,2,749.8,14.147169811320754,97.0,97.0,0
13741,33,91,2,363.13,18.1565,34.0,34.0,0
12394,0,124,1,381.08,18.146666666666665,0.0,0.0,0
15258,48,76,2,623.16,18.328235294117647,49.0,49.0,1
14005,81,41,3,696.56,18.330526315789474,41.0,42.0,0
18142,58,64,2,1019.52,67.968,58.0,58.0,1
17410,119,3,2,419.55,19.070454545454545,119.0,119.0,0
12700,58,63,2,2149.05,17.61516393442623,59.0,59.0,0
13003,109,13,3,149.05,24.84166666666667,54.5,63.0,1
13492,78,43,3,1269.84,25.3968,39.0,53.0,1
18120,0,121,1,111.15,6.538235294117648,0.0,0.0,1
14397,119,1,10,1036.1200000000001,24.669523809523813,13.333333333333334,22.0,0
12684,42,78,4,1379.48,23.784137931034483,14.333333333333334,27.0,0
14288,0,120,1,426.6,26.6625,0.0,0.0,1
15063,0,120,1,370.79999999999995,74.16,0.0,0.0,1
14591,0,120,1,250.22,5.560444444444444,0.0,0.0,0
13990,0,120,1,311.3,19.45625,0.0,0.0,1
14691,116,4,2,1274.68,27.710434782608697,116.0,116.0,0
17489,0,120,1,208.56,13.035,0.0,0.0,0
13404,0,120,1,217.81,24.20111111111111,0.0,0.0,0
16644,34,85,2,833.78,13.448064516129032,35.0,35.0,1
14731,6,113,2,251.02,8.367333333333333,7.0,7.0,0
15187,116,3,5,1868.88,49.18105263157895,29.0,44.0,0
18133,0,119,1,931.5,931.5,0.0,0.0,1
13235,0,119,1,1031.07,17.77706896551724,0.0,0.0,1
14883,47,71,2,358.48,14.3392,48.0,48.0,0
16116,0,119,1,612.78,18.02294117647059,0.0,0.0,1
14364,102,16,8,3717.35,53.87463768115942,14.714285714285714,30.0,1
16184,105,13,5,985.8,26.64324324324324,26.5,49.0,0
17932,37,81,2,934.51,14.60171875,38.0,38.0,0
12590,0,118,2,9864.26,145.06264705882353,0.0,0.0,1
17658,0,118,1,317.6,35.28888888888889,0.0,0.0,0
12757,68,50,7,5281.08,43.287540983606554,11.5,43.0,0
17970,0,118,1,582.59,18.793225806451613,0.0,0.0,1
15907,33,84,2,529.52,4.305040650406504,34.0,34.0,0
14689,0,116,1,112.8,8.676923076923076,0.0,0.0,1
15440,72,43,2,237.66,7.426875,72.0,72.0,0
16076,115,0,5,1357.98,14.922857142857143,29.0,74.0,0
15333,0,115,1,1028.56,64.285,0.0,0.0,1
17263,0,115,1,63.440000000000005,2.7582608695652175,0.0,0.0,1
16877,56,59,2,188.98,3.7796,56.0,56.0,0
12674,37,78,2,976.8,26.4,37.0,37.0,0
14888,0,114,1,369.2,18.46,0.0,0.0,1
13456,51,62,3,855.06,37.17652173913043,26.0,32.0,0
12690,0,113,1,389.01,24.313125,0.0,0.0,1
16446,0,113,1,2.9,1.45,0.0,0.0,0
16818,112,0,9,2528.47,17.80612676056338,14.0,36.0,0
13572,0,113,1,1384.25,41.946969696969695,0.0,0.0,1
15116,70,42,2,790.97,34.39,70.0,70.0,0
13529,0,112,1,181.1,25.87142857142857,0.0,0.0,0
12620,0,112,1,561.66,17.02,0.0,0.0,0
16813,107,4,7,1187.64,3.336067415730337,18.0,28.0,0
16463,0,111,1,319.37,16.80894736842105,0.0,0.0,0
13887,0,111,1,349.55,18.397368421052633,0.0,0.0,1
17166,0,111,1,127.59,12.759,0.0,0.0,0
13391,0,111,1,59.8,59.8,0.0,0.0,1
17455,0,111,1,131.7,16.4625,0.0,0.0,1
18150,61,47,2,413.28,15.895384615384614,61.0,61.0,0
16038,24,84,2,393.33,17.101304347826087,24.0,24.0,0
13972,0,109,1,145.9,16.211111111111112,0.0,0.0,0
13227,0,109,1,257.7,28.633333333333333,0.0,0.0,1
13657,0,109,1,152.34,16.926666666666666,0.0,0.0,0
14921,0,108,1,903.01,17.037924528301886,0.0,0.0,0
12710,104,4,3,1149.02,14.922337662337663,52.5,65.0,1
15292,0,108,1,180.94,7.2376,0.0,0.0,1
15705,0,108,1,143.1,23.849999999999998,0.0,0.0,1
13339,0,108,1,860.12,15.928148148148148,0.0,0.0,1
13885,11,96,2,506.8,18.1,11.0,11.0,1
13737,0,107,1,339.6,11.32,0.0,0.0,1
16091,43,62,2,315.06,17.503333333333334,44.0,44.0,1
15804,104,1,5,2554.84,16.37717948717949,26.0,39.0,0
14287,0,106,2,83.28,20.82,0.0,0.0,0
14705,0,106,1,179.0,179.0,0.0,0.0,1
12815,50,55,2,1063.46,22.6268085106383,51.0,51.0,1
14816,0,104,1,271.85,67.9625,0.0,0.0,1
16624,0,104,1,426.43,20.306190476190476,0.0,0.0,0
12493,31,73,2,433.74,19.715454545454545,32.0,32.0,1
18232,39,65,3,500.62,15.644375,20.0,35.0,0
18073,82,21,12,3877.52,53.11671232876712,7.545454545454546,14.0,1
14280,0,104,1,134.04,16.755,0.0,0.0,1
14823,14,87,3,321.43,4.591857142857143,7.0,14.0,1
15897,0,101,2,222.05,9.252083333333333,0.0,0.0,1
15925,0,101,1,207.15,17.2625,0.0,0.0,1
16483,0,99,1,139.35,7.334210526315789,0.0,0.0,1
15163,0,99,1,155.0,15.5,0.0,0.0,0
18204,82,17,2,1367.32,9.908115942028985,83.0,83.0,0
12473,77,22,2,1186.25,18.25,77.0,77.0,0
16969,57,41,2,478.96,14.9675,57.0,57.0,0
13917,0,99,1,65.38,13.075999999999999,0.0,0.0,0
13062,0,98,1,346.98,31.543636363636367,0.0,0.0,1
16484,17,81,2,404.3,16.172,17.0,17.0,1
14453,0,97,1,119.93,5.451363636363637,0.0,0.0,1
17900,0,97,2,112.19999999999999,18.7,0.0,0.0,1
13437,91,6,4,2173.6,18.113333333333333,30.333333333333332,40.0,0
12517,63,33,2,1538.7,8.3625,64.0,64.0,0
14500,77,19,2,335.85,55.975,77.0,77.0,0
13248,64,32,2,465.68,17.91076923076923,65.0,65.0,1
16967,0,96,1,319.02,15.19142857142857,0.0,0.0,1
16659,0,96,1,39.12,19.56,0.0,0.0,1
16682,28,66,2,626.3,41.75333333333333,47.5,66.0,0
15453,56,38,3,485.01,4.449633027522935,31.666666666666668,39.0,0
16963,0,94,1,110.55,15.792857142857143,0.0,0.0,1
13682,0,94,1,59.5,19.833333333333332,0.0,0.0,1
15349,29,65,2,473.81,6.580694444444444,29.0,29.0,1
16849,0,94,1,124.57,15.57125,0.0,0.0,1
12535,0,94,1,371.45,20.63611111111111,0.0,0.0,0
18248,63,30,2,804.02,17.1068085106383,64.0,64.0,1
15386,0,93,1,394.14,12.714193548387096,0.0,0.0,1
17252,69,24,2,353.86,4.067356321839081,70.0,70.0,1
14542,0,93,1,103.25,20.65,0.0,0.0,1
18072,0,93,1,247.44,13.746666666666666,0.0,0.0,1
17015,0,92,1,524.5,4.3347107438016526,0.0,0.0,0
17124,0,92,1,298.89,9.3403125,0.0,0.0,1
17828,75,17,3,1076.66,19.575636363636367,37.5,61.0,0
15743,71,21,2,434.05,12.766176470588235,71.0,71.0,0
14622,0,92,1,320.58,15.265714285714285,0.0,0.0,1
15609,0,91,1,298.48,18.655,0.0,0.0,1
14561,22,69,2,566.99,15.749722222222223,22.0,22.0,0
15238,88,2,2,772.78,20.885945945945945,89.0,89.0,0
14132,69,21,5,1552.46,17.844367816091953,17.5,22.0,0
16113,0,90,1,161.38,5.379333333333333,0.0,0.0,1
16107,79,10,3,1494.12,83.00666666666666,40.0,43.0,0
15679,28,61,2,260.26,11.83,28.0,28.0,0
16581,0,90,1,105.84,11.76,0.0,0.0,1
15267,27,63,2,1407.76,201.10857142857142,27.0,27.0,0
17234,0,90,1,149.89,10.706428571428571,0.0,0.0,1
15411,58,31,2,382.21,17.373181818181816,58.0,58.0,0
14178,84,5,3,493.36,4.743846153846154,42.0,45.0,0
15098,0,89,3,39916.5,13305.5,0.0,0.0,1
17265,41,46,2,562.9,4.432283464566929,42.0,42.0,1
13517,73,14,2,1612.18,14.927592592592593,73.0,73.0,0
16342,71,15,3,283.71,21.82384615384615,36.0,38.0,0
12732,0,87,1,236.26,19.688333333333333,0.0,0.0,1
15036,2,84,2,245.69,4.164237288135594,2.0,2.0,0
15069,0,86,1,1109.53,15.850428571428571,0.0,0.0,1
14503,0,86,1,597.07,14.926750000000002,0.0,0.0,0
13343,0,85,1,353.43,18.60157894736842,0.0,0.0,1
12624,71,13,2,641.13,16.87184210526316,71.0,71.0,1
18165,0,84,1,302.46,30.246,0.0,0.0,1
16324,48,35,3,428.68,3.6328813559322035,24.5,49.0,1
14222,0,84,1,683.17,16.662682926829266,0.0,0.0,1
15585,0,84,1,455.3,14.687096774193549,0.0,0.0,1
16257,0,84,1,46.95,23.475,0.0,0.0,1
12816,80,3,2,572.2,19.731034482758623,81.0,81.0,1
13826,0,83,1,189.5,18.95,0.0,0.0,1
13575,42,41,2,218.75,16.826923076923077,43.0,43.0,0
16852,0,83,1,113.06,16.15142857142857,0.0,0.0,0
15014,0,83,1,117.72999999999999,39.24333333333333,0.0,0.0,0
14765,63,19,2,95.5,11.9375,64.0,64.0,0
16869,9,73,2,387.68,6.80140350877193,10.0,10.0,0
15909,0,81,1,191.94,27.419999999999998,0.0,0.0,1
13618,0,81,1,177.34,13.641538461538461,0.0,0.0,1
17879,0,81,1,178.52,29.753333333333334,0.0,0.0,1
17562,63,17,4,661.1,16.12439024390244,21.333333333333332,35.0,0
15334,16,64,3,351.67,3.5522222222222224,8.5,10.0,1
13568,0,80,1,192.85,4.382954545454545,0.0,0.0,1
16744,76,4,3,403.51,4.159896907216495,38.5,49.0,0
15700,1,79,2,696.68,8.10093023255814,1.0,1.0,1
17444,25,55,3,2940.04,21.778074074074073,12.5,21.0,1
15840,0,80,1,241.74,14.22,0.0,0.0,0
14808,28,51,6,1846.31,9.820797872340425,5.6,14.0,0
12904,0,79,1,244.69,7.6465625,0.0,0.0,0
15825,0,79,1,532.94,26.647000000000002,0.0,0.0,1
12432,1,77,3,4016.66,52.85078947368421,1.0,2.0,0
12830,37,41,4,5204.0,192.74074074074073,12.333333333333334,22.0,0
15507,0,79,1,492.36,10.703478260869565,0.0,0.0,1
12930,0,78,1,221.56,15.825714285714286,0.0,0.0,0
14960,0,78,1,88.3,44.15,0.0,0.0,0
12444,49,29,2,2627.27,25.021619047619048,50.0,50.0,0
15412,0,78,1,190.53,19.053,0.0,0.0,1
16114,0,78,1,135.75,16.96875,0.0,0.0,1
13420,20,57,2,159.85,19.98125,21.0,21.0,1
17877,0,77,1,237.60999999999999,19.800833333333333,0.0,0.0,1
16247,0,77,1,114.56,7.16,0.0,0.0,1
12919,53,24,3,441.65,27.603125,26.5,34.0,0
15130,0,77,1,330.11,15.005,0.0,0.0,1
12704,63,13,3,1100.92,22.0184,32.0,42.0,0
17370,0,77,1,110.7,13.8375,77.0,77.0,0
12465,0,76,1,440.94,16.959230769230768,0.0,0.0,0
12697,37,38,2,733.91,25.307241379310344,38.0,38.0,0
13791,40,35,2,1516.0,137.8181818181818,41.0,41.0,1
14795,0,73,1,131.45000000000002,21.908333333333335,0.0,0.0,1
12548,0,73,1,95.19999999999999,19.04,0.0,0.0,1
16671,0,72,1,1382.88,460.96000000000004,0.0,0.0,0
14351,0,72,1,51.0,51.0,0.0,0.0,1
17391,0,71,2,508.8,169.6,1.0,1.0,1
17750,65,6,5,1271.46,8.7086301369863,16.25,20.0,0
17997,65,5,5,1545.8899999999999,13.326637931034481,14.4,35.0,0
14383,0,71,1,242.09,16.139333333333333,0.0,0.0,0
15537,0,70,1,110.92,4.621666666666667,0.0,0.0,1
17837,15,55,3,376.51,11.409393939393938,7.5,8.0,0
15578,0,69,1,127.1,9.776923076923076,0.0,0.0,1
16498,0,68,2,100.97,6.731333333333334,1.0,1.0,1
17891,0,69,1,203.85999999999999,5.995882352941176,0.0,0.0,1
16866,20,48,3,207.74,18.885454545454547,10.5,12.0,1
13730,25,43,2,752.6,17.50232558139535,26.0,26.0,1
12922,0,68,1,405.38,14.477857142857143,0.0,0.0,1
16009,0,67,1,462.19,7.002878787878788,0.0,0.0,0
17939,0,67,1,99.14,8.261666666666667,0.0,0.0,1
17312,20,46,3,644.3,46.021428571428565,10.5,17.0,1
17899,0,66,1,155.8,4.86875,0.0,0.0,1
15007,0,66,1,156.91,13.075833333333334,0.0,0.0,1
18265,0,65,1,488.55,16.84655172413793,0.0,0.0,0
17024,58,6,2,56.25,28.125,58.0,58.0,0
14034,0,64,2,473.91,18.956400000000002,0.0,0.0,0
16616,0,64,1,210.10000000000002,19.1,0.0,0.0,0
16338,0,64,1,214.8,19.527272727272727,0.0,0.0,1
14002,22,41,2,529.73,11.270851063829788,22.0,22.0,1
16929,27,35,2,428.88,15.317142857142857,28.0,28.0,0
17892,0,62,1,142.1,5.4653846153846155,0.0,0.0,0
15505,41,21,3,2091.14,52.278499999999994,21.0,29.0,0
18013,0,62,2,187.29,6.041612903225806,0.0,0.0,1
13681,0,62,1,203.46,15.650769230769232,0.0,0.0,0
13486,26,35,2,819.61,15.76173076923077,27.0,27.0,0
12461,60,1,2,826.88,23.62514285714286,60.0,60.0,1
18121,5,56,2,673.1,21.034375,5.0,5.0,1
18024,0,60,2,389.78,18.56095238095238,0.0,0.0,1
15467,7,52,2,402.56,10.322051282051282,7.0,7.0,0
13678,0,59,1,232.6,14.5375,0.0,0.0,1
13058,0,59,1,47.550000000000004,15.850000000000001,0.0,0.0,0
12556,0,58,1,312.9,4.670149253731343,0.0,0.0,0
13224,0,58,1,1212.26,28.863333333333333,0.0,0.0,0
16989,52,5,2,890.7,111.3375,52.0,52.0,0
18122,0,58,1,119.19,5.182173913043478,0.0,0.0,0
12722,35,22,3,929.65,18.593,18.0,33.0,0
17405,0,57,1,393.31,9.592926829268293,0.0,0.0,0
13311,0,57,1,490.11,20.42125,0.0,0.0,0
15895,0,57,1,179.17,16.288181818181815,0.0,0.0,1
13667,0,56,1,305.02,3.505977011494253,0.0,0.0,1
12405,0,56,1,1710.3899999999999,31.673888888888886,0.0,0.0,1
14862,0,56,1,304.1,14.480952380952383,0.0,0.0,0
16488,33,22,2,354.57,16.116818181818182,34.0,34.0,0
13933,39,16,2,608.79,26.469130434782606,39.0,39.0,1
15839,0,55,1,299.18,14.959,0.0,0.0,0
13994,42,13,2,419.56,19.97904761904762,43.0,43.0,0
17554,25,30,2,1249.8899999999999,19.839523809523808,26.0,26.0,0
17948,0,54,1,358.56,358.56,0.0,0.0,1
15004,0,54,1,1246.32,7.888101265822784,0.0,0.0,1
13507,47,5,3,2022.79,15.803046875,23.5,38.0,0
12833,0,52,1,417.38,17.390833333333333,0.0,0.0,1
16474,0,52,1,355.57,3.3863809523809523,0.0,0.0,0
16762,0,51,1,314.15,24.165384615384614,0.0,0.0,0
13940,27,24,2,391.06,14.483703703703704,28.0,28.0,0
14029,0,51,1,165.2,27.53333333333333,0.0,0.0,0
14117,0,51,1,90.0,30.0,0.0,0.0,1
17779,0,51,1,323.09,9.502647058823529,0.0,0.0,0
13991,0,50,1,126.35,18.05,0.0,0.0,0
13827,9,41,2,300.76,4.930491803278688,10.0,10.0,0
12560,30,19,2,1436.31,18.653376623376623,31.0,31.0,0
16764,43,6,4,782.5500000000001,3.992602040816327,14.666666666666666,27.0,0
18180,5,44,2,601.85,14.329761904761906,6.0,6.0,0
12521,0,50,1,599.68,15.781052631578946,0.0,0.0,1
15802,0,50,1,451.42,451.42,0.0,0.0,1
17229,46,3,2,318.76,6.782127659574468,46.0,46.0,1
14456,11,38,3,636.65,2.641701244813278,5.5,11.0,0
16464,0,49,1,385.0,4.052631578947368,0.0,0.0,0
18143,25,24,2,1000.16,16.396065573770493,25.0,25.0,1
14259,0,49,1,120.0,24.0,0.0,0.0,1
14517,0,49,1,252.45,18.032142857142855,0.0,0.0,0
16041,0,48,2,2739.8,547.96,0.0,0.0,0
15829,41,6,2,636.14,12.473333333333333,41.0,41.0,1
15232,27,20,2,612.06,19.743870967741934,27.0,27.0,1
12438,0,47,1,890.0699999999999,18.16469387755102,0.0,0.0,0
12627,44,3,5,2727.83,19.346312056737588,11.0,20.0,0
13563,0,47,1,310.88,7.971282051282051,0.0,0.0,0
16305,0,46,1,361.22,16.41909090909091,0.0,0.0,1
17724,0,45,1,373.1,33.91818181818182,0.0,0.0,0
13116,0,45,1,501.14,16.704666666666665,0.0,0.0,1
14019,39,5,2,800.53,19.060238095238095,40.0,40.0,0
14100,0,45,1,194.9,7.496153846153846,0.0,0.0,1
16557,0,44,1,101.15,16.858333333333334,0.0,0.0,0
16364,0,44,1,347.55,11.98448275862069,0.0,0.0,0
17693,0,44,1,200.47,12.529375,0.0,0.0,1
15618,0,44,1,222.83,18.569166666666668,22.0,44.0,0
13930,0,44,1,210.0,21.0,0.0,0.0,0
13379,0,44,1,136.29,10.483846153846153,0.0,0.0,0
14305,21,21,2,1048.45,16.642063492063492,22.0,22.0,0
12397,0,42,1,1214.81,17.35442857142857,0.0,0.0,0
14331,10,31,2,462.65999999999997,16.523571428571426,11.0,11.0,1
13925,42,0,4,678.25,16.54268292682927,14.0,29.0,1
18237,14,27,2,566.59,17.16939393939394,15.0,15.0,0
12453,0,41,1,707.09,16.443953488372095,0.0,0.0,1
15118,0,41,1,244.8,244.8,0.0,0.0,1
15746,0,41,1,196.88,7.031428571428571,0.0,0.0,1
12743,0,41,2,546.43,4.077835820895522,0.0,0.0,1
15942,0,41,1,337.44,24.102857142857143,0.0,0.0,1
15120,0,41,1,358.82,17.086666666666666,0.0,0.0,1
14143,0,41,1,115.8,16.54285714285714,0.0,0.0,1
18081,21,20,2,208.05,20.805,21.0,21.0,0
14511,0,41,1,138.16,23.026666666666667,41.0,41.0,0
12716,0,40,1,677.9,15.064444444444444,0.0,0.0,0
15776,0,40,1,241.62,13.423333333333334,0.0,0.0,1
12981,0,40,1,187.18,17.016363636363636,0.0,0.0,0
13928,26,14,2,225.45,17.342307692307692,27.0,27.0,0
15438,0,38,1,156.57999999999998,6.263199999999999,0.0,0.0,1
17173,14,24,2,961.26,38.4504,15.0,15.0,0
17053,0,38,1,498.48,38.34461538461539,0.0,0.0,1
12534,0,38,1,1089.18,17.28857142857143,0.0,0.0,1
14567,0,37,1,800.76,61.596923076923076,0.0,0.0,0
14937,0,37,1,759.5600000000001,58.42769230769231,0.0,0.0,0
12828,31,6,3,415.51,16.6204,15.5,18.0,0
15342,0,37,1,406.09,16.920416666666664,0.0,0.0,1
13075,0,37,1,919.61,41.80045454545455,0.0,0.0,1
17788,0,37,1,16.7,5.566666666666666,0.0,0.0,0
13850,0,36,1,1595.48,17.155698924731183,0.0,0.0,1
14076,0,36,1,122.47,2.662391304347826,0.0,0.0,1
13805,0,36,1,500.24,83.37333333333333,0.0,0.0,0
17887,0,36,1,111.35,11.135,0.0,0.0,1
13186,35,1,2,1301.94,20.665714285714287,35.0,35.0,0
12750,0,36,1,275.88,18.392,0.0,0.0,1
17656,22,13,3,927.65,21.082954545454545,11.0,14.0,0
16102,29,6,2,1392.84,28.425306122448976,30.0,30.0,0
15089,34,1,3,2036.28,16.82876033057851,17.0,20.0,0
12689,0,35,1,511.03,15.030294117647058,0.0,0.0,0
14768,0,34,1,133.2,33.3,0.0,0.0,0
18099,0,34,1,168.31,8.858421052631579,0.0,0.0,1
15205,0,34,1,476.29999999999995,19.84583333333333,0.0,0.0,0
13218,0,34,1,62.64,12.528,0.0,0.0,1
17267,0,34,2,317.62,8.358421052631579,0.0,0.0,1
16302,0,34,1,233.22,21.201818181818183,0.0,0.0,1
14720,0,34,1,155.8,17.311111111111114,0.0,0.0,0
18282,0,33,1,100.21,14.315714285714284,0.0,0.0,0
12610,19,13,2,1256.25,17.447916666666668,20.0,20.0,0
13200,0,33,1,319.32,22.80857142857143,0.0,0.0,0
16066,0,31,1,316.38,52.73,0.0,0.0,0
12885,0,31,1,645.35,16.547435897435896,0.0,0.0,0
17331,0,31,1,175.2,175.2,0.0,0.0,1
13016,0,30,1,425.25,15.1875,0.0,0.0,0
13355,0,29,1,674.7,21.084375,0.0,0.0,1
12384,0,29,1,292.69,20.90642857142857,0.0,0.0,0
12571,0,29,1,248.35,17.739285714285714,0.0,0.0,0
14116,28,0,2,628.87,19.05666666666667,29.0,29.0,0
17653,20,7,2,343.34,38.148888888888884,21.0,21.0,0
13645,0,27,1,252.1,50.42,0.0,0.0,1
12381,0,27,1,1268.74,20.463548387096775,0.0,0.0,0
14406,0,26,1,156.75,19.59375,0.0,0.0,1
14658,0,24,1,123.14,8.795714285714286,0.0,0.0,0
13621,0,24,1,213.85,11.255263157894737,0.0,0.0,1
16272,0,24,1,411.7,16.468,0.0,0.0,1
16902,0,23,1,1706.88,38.79272727272728,0.0,0.0,1
15706,0,23,1,450.05,15.51896551724138,0.0,0.0,0
15315,0,23,1,233.54,14.59625,0.0,0.0,0
15653,23,0,2,877.44,146.24,23.0,23.0,1
13159,9,13,2,851.59,11.05961038961039,9.0,9.0,0
13189,0,22,1,127.0,7.055555555555555,0.0,0.0,0
17637,0,22,1,338.95,14.122916666666667,0.0,0.0,0
12641,0,22,1,185.9,18.59,0.0,0.0,1
13470,15,6,2,165.0,16.5,16.0,16.0,1
15541,0,21,1,85.13,2.9355172413793102,0.0,0.0,1
16734,0,21,2,306.15999999999997,9.277575757575757,0.0,0.0,0
16706,15,5,2,411.55,3.9572115384615385,16.0,16.0,0
12688,0,21,1,4873.81,28.50181286549708,0.0,0.0,1
12729,0,21,1,453.01,17.423461538461538,0.0,0.0,1
12962,0,20,1,170.54,15.503636363636362,0.0,0.0,0
13273,0,20,1,138.98,8.68625,0.0,0.0,1
17736,0,20,1,307.49,13.369130434782608,0.0,0.0,0
15472,0,20,1,371.56,4.888947368421053,0.0,0.0,1
12680,0,20,1,311.78,15.588999999999999,0.0,0.0,0
16582,0,20,1,313.62,52.27,0.0,0.0,1
17747,0,20,1,71.4,71.4,0.0,0.0,1
12513,0,20,1,612.29,17.494,0.0,0.0,1
16828,19,0,2,128.5,16.0625,19.0,19.0,1
14772,0,19,1,139.26,15.473333333333333,0.0,0.0,1
12364,0,19,1,623.92,18.350588235294115,0.0,0.0,0
12968,0,19,1,135.95,27.189999999999998,0.0,0.0,1
15701,0,18,1,857.0,6.748031496062992,0.0,0.0,0
12518,0,17,1,324.83,18.04611111111111,0.0,0.0,0
14529,0,17,1,135.24,2.7048,0.0,0.0,0
16536,0,17,1,548.97,9.981272727272728,0.0,0.0,1
15313,0,17,1,52.0,52.0,0.0,0.0,1
15801,0,17,1,137.22,15.246666666666666,0.0,0.0,0
14387,0,16,1,440.76,11.019,0.0,0.0,0
17073,0,16,1,453.79,8.103392857142858,0.0,0.0,0
18147,0,16,1,98.88,24.72,0.0,0.0,0
14523,0,15,1,241.09,20.090833333333332,0.0,0.0,1
14418,0,15,1,150.44,7.917894736842105,0.0,0.0,0
12642,0,15,1,366.45,15.268749999999999,0.0,0.0,0
16968,0,15,1,253.31,16.887333333333334,0.0,0.0,0
13411,0,14,1,213.55,11.863888888888889,0.0,0.0,1
13236,0,14,1,439.23,20.915714285714287,0.0,0.0,0
14196,0,14,1,335.52,55.919999999999995,0.0,0.0,1
15263,0,14,1,156.51,13.042499999999999,0.0,0.0,1
16093,0,14,1,17.0,17.0,0.0,0.0,1
17844,0,14,1,51.559999999999995,10.312,0.0,0.0,1
14050,0,13,1,485.97999999999996,13.134594594594594,0.0,0.0,0
16429,0,13,1,284.55,142.275,0.0,0.0,1
12715,0,13,1,353.86,16.85047619047619,0.0,0.0,1
15663,0,13,1,138.14,15.348888888888887,0.0,0.0,1
18200,0,13,1,163.8,5.11875,0.0,0.0,1
18167,0,13,1,498.48,38.34461538461539,0.0,0.0,0
13644,0,13,1,851.09,17.731041666666666,0.0,0.0,0
17451,0,13,1,346.01,15.04391304347826,0.0,0.0,0
13812,0,12,1,278.74,13.937000000000001,0.0,0.0,0
14141,0,12,1,285.16,17.8225,0.0,0.0,0
17183,0,12,1,329.67,36.63,0.0,0.0,0
14096,3,5,2,125.06,5.0024,3.0,3.0,0
12814,0,9,1,125.92,62.96,0.0,0.0,1
15866,0,8,1,230.53,5.122888888888889,0.0,0.0,1
14660,0,8,1,128.95,9.210714285714285,0.0,0.0,0
13726,0,8,1,292.68,12.725217391304348,0.0,0.0,0
15690,0,8,1,111.0,13.875,0.0,0.0,0
17777,0,7,1,194.70000000000002,2.9059701492537315,0.0,0.0,0
12436,0,7,1,509.01,31.813125,0.0,0.0,1
13147,0,7,1,118.8,118.8,0.0,0.0,0
13099,0,6,1,207.36,207.36,0.0,0.0,1
18027,0,6,1,115.31,5.490952380952381,0.0,0.0,1
12794,0,6,1,317.0,15.85,0.0,0.0,0
12832,0,5,1,267.8,14.877777777777778,0.0,0.0,0
16674,0,5,1,122.2,3.4914285714285715,0.0,0.0,0
12375,0,5,1,230.3,20.936363636363637,0.0,0.0,0
16173,0,5,1,429.38,17.1752,0.0,0.0,0
16761,0,4,1,316.62,24.355384615384615,0.0,0.0,1
14067,0,4,1,224.67,8.986799999999999,0.0,0.0,0
13808,3,1,2,723.1,20.66,3.0,3.0,0
14335,0,3,1,359.25,8.553571428571429,0.0,0.0,0
14965,0,3,2,599.0,7.216867469879518,0.0,0.0,1
15136,0,3,1,582.9,20.099999999999998,0.0,0.0,0
16629,0,3,1,236.78,4.7356,0.0,0.0,0
18261,0,3,1,224.79999999999998,14.986666666666666,0.0,0.0,0
15307,0,3,1,205.3,17.108333333333334,0.0,0.0,1
16820,0,3,1,497.61,19.138846153846153,0.0,0.0,1
13949,0,2,1,537.9,14.155263157894737,0.0,0.0,0
14360,0,2,1,1134.69,15.759583333333333,0.0,0.0,0
12526,0,1,1,520.3,17.941379310344825,0.0,0.0,0
13130,0,1,1,64.0,32.0,0.0,0.0,1
13210,0,1,1,353.48,16.067272727272726,0.0,0.0,1
17481,0,1,1,260.63,13.717368421052631,0.0,0.0,0
12685,1,0,2,1606.42,17.84911111111111,1.0,1.0,0
17573,0,1,1,174.70999999999998,15.882727272727271,0.0,0.0,0
18222,0,0,1,443.0,23.31578947368421,0.0,0.0,1
13244,0,0,1,121.74000000000001,4.508888888888889,0.0,0.0,1
